step     1  ce 9.863  loss 9.864  holds    0  26,294 tok/s  [b0=+0.000 b1=+0.000 b2=+0.000]
    holdout(cum): {'cross': [0.0, 0.0, 2], 'same': [0.0, 0.0, 1], 'straddle': [0.0, 0.0, 2]}
step    50  ce 7.655  loss 7.732  holds  768  127,333 tok/s  [fid:3=+0.133 fid:4=-0.079 b0=+0.000 b1=+0.000 b2=+0.000 b3=+0.000]
step   100  ce 6.930  loss 6.998  holds 1696  115,907 tok/s  [fid:3=+0.224 fid:4=-0.063 b0=+0.000 b1=+0.000 b2=+0.000 b3=+0.000]
step   150  ce 6.635  loss 6.691  holds 2528  112,935 tok/s  [fid:3=+0.331 fid:4=-0.051 fid:5=+0.088 b0=+0.004 b1=+0.003 b2=+0.004 b3=+0.000]
step   200  ce 6.380  loss 6.450  holds 3360  116,042 tok/s  [fid:3=+0.453 fid:4=-0.042 fid:5=+0.088 b0=+0.006 b1=+0.004 b2=+0.004 b3=+0.000]
step   250  ce 5.996  loss 6.020  holds 4160  114,553 tok/s  [fid:3=+0.611 fid:4=-0.037 fid:5=+0.088 b0=+0.003 b1=+0.003 b2=+0.007 b3=+0.000]
step   300  ce 5.694  loss 5.706  holds 4992  115,325 tok/s  [fid:3=+0.758 fid:4=-0.032 fid:5=+0.088 b0=+0.005 b1=+0.005 b2=+0.003 b3=+0.000]
step   350  ce 6.049  loss 6.058  holds 5792  115,736 tok/s  [fid:3=+0.845 fid:4=-0.028 fid:5=+0.089 b0=+0.011 b1=+0.005 b2=+0.004 b3=+0.000]
step   400  ce 5.947  loss 5.999  holds 6592  113,556 tok/s  [fid:3=+0.901 fid:4=-0.024 fid:5=+0.089 b0=+0.014 b1=+0.006 b2=+0.007 b3=+0.000]
step   450  ce 5.749  loss 5.753  holds 7424  112,371 tok/s  [fid:3=+0.926 fid:4=-0.019 fid:5=+0.089 b0=+0.007 b1=+0.005 b2=+0.011 b3=+0.000]
step   500  ce 5.826  loss 5.829  holds 8224  111,914 tok/s  [fid:3=+0.944 fid:4=-0.015 fid:5=+0.089 b0=+0.009 b1=+0.007 b2=+0.011 b3=+0.000]
step   550  ce 5.487  loss 5.489  holds 9056  109,156 tok/s  [fid:3=+0.956 fid:4=-0.011 fid:5=+0.089 b0=+0.013 b1=+0.009 b2=+0.006 b3=+0.000]
step   600  ce 5.839  loss 5.890  holds 9856  107,309 tok/s  [fid:3=+0.960 fid:4=-0.007 fid:5=+0.090 b0=+0.016 b1=+0.009 b2=+0.007 b3=+0.000]
step   650  ce 5.414  loss 5.417  holds 10656  108,418 tok/s  [fid:3=+0.963 fid:4=-0.005 fid:5=+0.090 b0=+0.016 b1=+0.011 b2=+0.014 b3=+0.000]
step   700  ce 5.909  loss 5.911  holds 11488  106,489 tok/s  [fid:3=+0.964 fid:4=-0.003 fid:5=+0.090 b0=+0.003 b1=+0.015 b2=+0.010 b3=+0.000]
step   750  ce 5.406  loss 5.409  holds 12288  104,189 tok/s  [fid:3=+0.969 fid:4=-0.000 fid:5=+0.091 b0=+0.009 b1=+0.018 b2=+0.012 b3=+0.000]
step   800  ce 5.251  loss 5.300  holds 13120  104,375 tok/s  [fid:3=+0.970 fid:4=+0.003 fid:5=+0.091 b0=+0.006 b1=+0.009 b2=+0.013 b3=+0.000]
step   850  ce 4.784  loss 4.791  holds 13920  102,858 tok/s  [fid:3=+0.970 fid:4=+0.005 fid:5=+0.091 b0=+0.015 b1=+0.016 b2=+0.013 b3=+0.000]
step   900  ce 5.069  loss 5.072  holds 14720  103,390 tok/s  [fid:3=+0.976 fid:4=+0.007 fid:5=+0.092 b0=+0.033 b1=+0.020 b2=+0.019 b3=+0.006]
step   950  ce 5.074  loss 5.076  holds 15552  102,920 tok/s  [fid:3=+0.978 fid:4=+0.008 fid:5=+0.092 b0=+0.027 b1=+0.022 b2=+0.020 b3=+0.006]
step  1000  ce 5.372  loss 5.423  holds 16352  102,155 tok/s  [fid:3=+0.978 fid:4=+0.010 fid:5=+0.092 b0=+0.017 b1=+0.016 b2=+0.008 b3=+0.006]
step  1050  ce 5.072  loss 5.076  holds 17184  102,551 tok/s  [fid:3=+0.973 fid:4=+0.011 fid:5=+0.092 b0=+0.057 b1=+0.013 b2=+0.019 b3=+0.006]
step  1100  ce 5.304  loss 5.305  holds 17632  102,608 tok/s  [fid:3=+0.973 fid:4=+0.011 fid:5=+0.092 b0=+0.021 b1=+0.020 b2=+0.034 b3=+0.006]
step  1150  ce 5.344  loss 5.346  holds 18080  104,011 tok/s  [fid:3=+0.977 fid:4=+0.010 fid:5=+0.092 b0=+0.015 b1=+0.016 b2=+0.013 b3=+0.006]
step  1200  ce 5.216  loss 5.267  holds 18560  103,991 tok/s  [fid:3=+0.980 fid:4=+0.008 fid:5=+0.092 b0=+0.013 b1=+0.010 b2=+0.006 b3=+0.006]
step  1250  ce 5.332  loss 5.333  holds 19008  104,268 tok/s  [fid:3=+0.976 fid:4=+0.005 fid:5=+0.092 b0=+0.015 b1=+0.020 b2=+0.005 b3=+0.006]
step  1300  ce 4.965  loss 4.968  holds 19488  105,395 tok/s  [fid:3=+0.975 fid:4=+0.004 fid:5=+0.091 b0=+0.014 b1=+0.019 b2=+0.011 b3=+0.006]
step  1350  ce 4.607  loss 4.610  holds 19936  105,254 tok/s  [fid:3=+0.976 fid:4=-0.001 fid:5=+0.091 b0=+0.010 b1=+0.029 b2=+0.018 b3=+0.006]
step  1400  ce 5.067  loss 5.120  holds 20384  106,152 tok/s  [fid:3=+0.977 fid:4=-0.003 fid:5=+0.091 b0=+0.009 b1=+0.017 b2=+0.006 b3=+0.006]
step  1450  ce 4.589  loss 4.591  holds 20864  106,350 tok/s  [fid:3=+0.978 fid:4=-0.006 fid:5=+0.091 b0=+0.015 b1=+0.015 b2=+0.021 b3=+0.006]
step  1500  ce 4.900  loss 4.904  holds 21344  106,405 tok/s  [fid:3=+0.976 fid:4=-0.009 fid:5=+0.090 b0=+0.014 b1=+0.013 b2=+0.007 b3=+0.006]
step  1550  ce 4.992  loss 4.994  holds 21792  107,407 tok/s  [fid:3=+0.976 fid:4=-0.010 fid:5=+0.090 b0=+0.028 b1=+0.014 b2=+0.012 b3=+0.006]
step  1600  ce 4.946  loss 5.013  holds 22272  107,246 tok/s  [fid:3=+0.976 fid:4=-0.014 fid:5=+0.089 b0=+0.035 b1=+0.036 b2=+0.019 b3=+0.006]
step  1650  ce 4.946  loss 4.948  holds 22688  108,215 tok/s  [fid:3=+0.974 fid:4=-0.016 fid:5=+0.089 b0=+0.030 b1=+0.021 b2=+0.007 b3=+0.006]
step  1700  ce 5.104  loss 5.106  holds 23200  108,210 tok/s  [fid:3=+0.975 fid:4=-0.016 fid:5=+0.088 b0=+0.014 b1=+0.038 b2=+0.006 b3=+0.010]
step  1750  ce 4.906  loss 4.909  holds 23616  108,271 tok/s  [fid:3=+0.976 fid:4=-0.017 fid:5=+0.088 b0=+0.016 b1=+0.020 b2=+0.008 b3=+0.010]
step  1800  ce 4.776  loss 4.828  holds 24128  109,002 tok/s  [fid:3=+0.975 fid:4=-0.018 fid:5=+0.087 b0=+0.027 b1=+0.031 b2=+0.013 b3=+0.010]
step  1850  ce 4.810  loss 4.813  holds 24576  108,750 tok/s  [fid:3=+0.974 fid:4=-0.019 fid:5=+0.087 b0=+0.012 b1=+0.024 b2=+0.010 b3=+0.010]
step  1900  ce 4.587  loss 4.590  holds 25024  108,607 tok/s  [fid:3=+0.974 fid:4=-0.021 fid:5=+0.086 b0=+0.016 b1=+0.030 b2=+0.009 b3=+0.010]
step  1950  ce 4.628  loss 4.631  holds 25504  109,327 tok/s  [fid:3=+0.974 fid:4=-0.022 fid:5=+0.085 b0=+0.006 b1=+0.013 b2=+0.005 b3=+0.010]
step  2000  ce 4.472  loss 4.525  holds 25952  109,353 tok/s  [fid:3=+0.975 fid:4=-0.022 fid:5=+0.084 b0=+0.010 b1=+0.012 b2=+0.004 b3=+0.010]
    holdout(cum): {'cross': [0.02, 0.0, 6], 'same': [0.013, 0.0, 2], 'straddle': [0.0, 0.0, 2]}
step  2050  ce 4.868  loss 4.870  holds 26432  109,875 tok/s  [fid:3=+0.970 fid:4=-0.024 fid:5=+0.083 b0=+0.007 b1=+0.015 b2=+0.013 b3=+0.010]
step  2100  ce 4.952  loss 4.957  holds 26880  109,750 tok/s  [fid:3=+0.968 fid:4=-0.026 fid:5=+0.083 b0=+0.019 b1=+0.028 b2=+0.010 b3=+0.010]
step  2150  ce 4.616  loss 4.619  holds 27232  109,755 tok/s  [fid:3=+0.971 fid:4=-0.026 fid:5=+0.082 b0=+0.038 b1=+0.048 b2=+0.045 b3=+0.010]
step  2200  ce 4.570  loss 4.624  holds 27264  110,680 tok/s  [fid:3=+0.973 fid:4=-0.026 fid:5=+0.081 b0=+0.015 b1=+0.026 b2=+0.014 b3=+0.010]
step  2250  ce 4.699  loss 4.702  holds 27360  110,903 tok/s  [fid:3=+0.972 fid:4=-0.026 fid:5=+0.080 b0=+0.014 b1=+0.010 b2=+0.006 b3=+0.010]
step  2300  ce 4.461  loss 4.464  holds 27424  111,752 tok/s  [fid:3=+0.969 fid:4=-0.026 fid:5=+0.080 b0=+0.008 b1=+0.011 b2=+0.004 b3=+0.010]
step  2350  ce 4.404  loss 4.407  holds 27488  111,956 tok/s  [fid:3=+0.969 fid:4=-0.026 fid:5=+0.079 b0=+0.005 b1=+0.013 b2=+0.004 b3=+0.010]
step  2400  ce 4.853  loss 4.906  holds 27552  112,054 tok/s  [fid:3=+0.970 fid:4=-0.026 fid:5=+0.078 b0=+0.002 b1=+0.007 b2=+0.003 b3=+0.009]
step  2450  ce 4.345  loss 4.348  holds 27584  112,863 tok/s  [fid:3=+0.972 fid:4=-0.024 fid:5=+0.077 b0=+0.004 b1=+0.005 b2=+0.003 b3=+0.009]
step  2500  ce 4.558  loss 4.561  holds 27680  113,091 tok/s  [fid:3=+0.972 fid:4=-0.023 fid:5=+0.075 b0=+0.003 b1=+0.004 b2=+0.002 b3=+0.009]
step  2550  ce 4.313  loss 4.315  holds 27712  113,851 tok/s  [fid:3=+0.972 fid:4=-0.022 fid:5=+0.075 b0=+0.002 b1=+0.004 b2=+0.001 b3=+0.010]
step  2600  ce 4.354  loss 4.407  holds 27808  113,953 tok/s  [fid:3=+0.970 fid:4=-0.022 fid:5=+0.074 b0=+0.002 b1=+0.002 b2=+0.001 b3=+0.010]
step  2650  ce 4.243  loss 4.246  holds 27872  114,056 tok/s  [fid:3=+0.971 fid:4=-0.021 fid:5=+0.073 b0=+0.002 b1=+0.002 b2=+0.001 b3=+0.010]
step  2700  ce 4.370  loss 4.372  holds 27904  114,806 tok/s  [fid:3=+0.973 fid:4=-0.021 fid:5=+0.072 b0=+0.002 b1=+0.003 b2=+0.003 b3=+0.010]
step  2750  ce 4.381  loss 4.384  holds 28000  114,929 tok/s  [fid:3=+0.971 fid:4=-0.020 fid:5=+0.072 b0=+0.002 b1=+0.003 b2=+0.001 b3=+0.009]
step  2800  ce 4.717  loss 4.768  holds 28032  115,624 tok/s  [fid:3=+0.973 fid:4=-0.018 fid:5=+0.070 b0=+0.002 b1=+0.002 b2=+0.002 b3=+0.009]
step  2850  ce 4.499  loss 4.501  holds 28128  115,741 tok/s  [fid:3=+0.973 fid:4=-0.016 fid:5=+0.069 b0=+0.002 b1=+0.002 b2=+0.001 b3=+0.009]
step  2900  ce 4.552  loss 4.555  holds 28160  115,868 tok/s  [fid:3=+0.972 fid:4=-0.015 fid:5=+0.067 b0=+0.002 b1=+0.001 b2=+0.001 b3=+0.009]
step  2950  ce 4.676  loss 4.679  holds 28224  116,525 tok/s  [fid:3=+0.970 fid:4=-0.014 fid:5=+0.066 b0=+0.002 b1=+0.002 b2=+0.002 b3=+0.009]
step  3000  ce 4.492  loss 4.543  holds 28288  116,554 tok/s  [fid:3=+0.972 fid:4=-0.013 fid:5=+0.066 b0=+0.004 b1=+0.001 b2=+0.002 b3=+0.009]
step  3050  ce 4.541  loss 4.543  holds 28352  116,597 tok/s  [fid:3=+0.973 fid:4=-0.010 fid:5=+0.065 b0=+0.002 b1=+0.000 b2=+0.001 b3=+0.009]
step  3100  ce 4.202  loss 4.204  holds 28448  117,212 tok/s  [fid:3=+0.972 fid:4=-0.008 fid:5=+0.063 b0=+0.002 b1=+0.001 b2=+0.002 b3=+0.009]
step  3150  ce 4.630  loss 4.632  holds 28480  117,222 tok/s  [fid:3=+0.971 fid:4=-0.007 fid:5=+0.061 b0=+0.002 b1=+0.002 b2=+0.004 b3=+0.009]
step  3200  ce 4.435  loss 4.503  holds 28544  117,816 tok/s  [fid:3=+0.971 fid:4=-0.004 fid:5=+0.060 b0=+0.002 b1=+0.002 b2=+0.002 b3=+0.009]
step  3250  ce 4.309  loss 4.311  holds 28608  117,815 tok/s  [fid:3=+0.970 fid:4=-0.001 fid:5=+0.060 b0=+0.001 b1=+0.001 b2=+0.002 b3=+0.009]
step  3300  ce 4.323  loss 4.325  holds 28672  117,863 tok/s  [fid:3=+0.969 fid:4=+0.002 fid:5=+0.059 b0=+0.001 b1=+0.002 b2=+0.001 b3=+0.009]
step  3350  ce 4.275  loss 4.278  holds 28736  118,431 tok/s  [fid:3=+0.972 fid:4=+0.003 fid:5=+0.057 b0=+0.002 b1=+0.001 b2=+0.003 b3=+0.009]
step  3400  ce 3.850  loss 3.901  holds 28800  118,492 tok/s  [fid:3=+0.974 fid:4=+0.006 fid:5=+0.056 b0=+0.002 b1=+0.002 b2=+0.001 b3=+0.009]
step  3450  ce 4.298  loss 4.301  holds 28864  119,033 tok/s  [fid:3=+0.973 fid:4=+0.007 fid:5=+0.056 b0=+0.002 b1=+0.001 b2=+0.002 b3=+0.009]
step  3500  ce 4.261  loss 4.264  holds 28928  119,089 tok/s  [fid:3=+0.974 fid:4=+0.012 fid:5=+0.055 b0=+0.002 b1=+0.001 b2=+0.002 b3=+0.009]
step  3550  ce 4.447  loss 4.449  holds 28992  119,095 tok/s  [fid:3=+0.973 fid:4=+0.014 fid:5=+0.053 b0=+0.002 b1=+0.003 b2=+0.003 b3=+0.009]
step  3600  ce 4.518  loss 4.567  holds 29056  119,641 tok/s  [fid:3=+0.971 fid:4=+0.018 fid:5=+0.052 b0=+0.005 b1=+0.002 b2=+0.003 b3=+0.009]
step  3650  ce 4.488  loss 4.490  holds 29120  119,671 tok/s  [fid:3=+0.974 fid:4=+0.022 fid:5=+0.050 b0=+0.002 b1=+0.002 b2=+0.002 b3=+0.009]
step  3700  ce 4.714  loss 4.717  holds 29152  120,199 tok/s  [fid:3=+0.973 fid:4=+0.025 fid:5=+0.050 b0=+0.002 b1=+0.001 b2=+0.001 b3=+0.009]
step  3750  ce 4.141  loss 4.144  holds 29248  120,198 tok/s  [fid:3=+0.973 fid:4=+0.027 fid:5=+0.049 b0=+0.005 b1=+0.007 b2=+0.001 b3=+0.009]
step  3800  ce 4.247  loss 4.295  holds 29280  120,204 tok/s  [fid:3=+0.973 fid:4=+0.032 fid:5=+0.048 b0=+0.002 b1=+0.004 b2=+0.003 b3=+0.008]
step  3850  ce 4.038  loss 4.040  holds 29376  120,718 tok/s  [fid:3=+0.975 fid:4=+0.036 fid:5=+0.046 b0=+0.001 b1=+0.002 b2=+0.004 b3=+0.008]
step  3900  ce 4.280  loss 4.282  holds 29440  120,721 tok/s  [fid:3=+0.976 fid:4=+0.041 fid:5=+0.046 b0=+0.001 b1=+0.003 b2=+0.002 b3=+0.008]
step  3950  ce 4.041  loss 4.044  holds 29472  121,215 tok/s  [fid:3=+0.975 fid:4=+0.044 fid:5=+0.045 b0=+0.000 b1=+0.002 b2=+0.004 b3=+0.008]
step  4000  ce 4.163  loss 4.211  holds 29536  121,210 tok/s  [fid:3=+0.974 fid:4=+0.047 fid:5=+0.043 b0=+0.002 b1=+0.001 b2=+0.002 b3=+0.008]
    holdout(cum): {'cross': [0.02, 0.0, 6], 'same': [0.069, 0.4, 5], 'straddle': [0.0, 0.0, 2]}
step  4050  ce 4.432  loss 4.434  holds 29568  121,162 tok/s  [fid:3=+0.975 fid:4=+0.048 fid:5=+0.042 b0=+0.001 b1=+0.001 b2=+0.001 b3=+0.008]
step  4100  ce 4.001  loss 4.004  holds 29664  121,596 tok/s  [fid:3=+0.977 fid:4=+0.051 fid:5=+0.041 b0=+0.003 b1=+0.001 b2=+0.003 b3=+0.008]
step  4150  ce 3.800  loss 3.802  holds 29728  121,569 tok/s  [fid:3=+0.977 fid:4=+0.053 fid:5=+0.041 b0=+0.002 b1=+0.001 b2=+0.002 b3=+0.008]
step  4200  ce 4.157  loss 4.205  holds 29856  121,548 tok/s  [fid:3=+0.977 fid:4=+0.056 fid:5=+0.040 b0=+0.002 b1=+0.002 b2=+0.001 b3=+0.008]
step  4250  ce 4.437  loss 4.439  holds 29984  121,903 tok/s  [fid:3=+0.976 fid:4=+0.061 fid:5=+0.038 b0=+0.030 b1=+0.022 b2=+0.018 b3=+0.008]
step  4300  ce 3.848  loss 3.850  holds 30048  121,874 tok/s  [fid:3=+0.977 fid:4=+0.064 fid:5=+0.037 b0=+0.021 b1=+0.028 b2=+0.027 b3=+0.008]
step  4350  ce 3.980  loss 3.981  holds 30176  122,281 tok/s  [fid:3=+0.978 fid:4=+0.068 fid:5=+0.037 b0=+0.028 b1=+0.033 b2=+0.038 b3=+0.008]
step  4400  ce 4.055  loss 4.101  holds 30272  122,172 tok/s  [fid:3=+0.975 fid:4=+0.072 fid:5=+0.036 b0=+0.010 b1=+0.011 b2=+0.019 b3=+0.008]
step  4450  ce 4.093  loss 4.097  holds 30400  122,077 tok/s  [fid:3=+0.976 fid:4=+0.075 fid:5=+0.035 b0=+0.008 b1=+0.004 b2=+0.017 b3=+0.008]
step  4500  ce 4.212  loss 4.214  holds 30464  122,477 tok/s  [fid:3=+0.979 fid:4=+0.077 fid:5=+0.034 b0=+0.014 b1=+0.005 b2=+0.010 b3=+0.008]
step  4550  ce 4.070  loss 4.072  holds 30592  122,420 tok/s  [fid:3=+0.979 fid:4=+0.081 fid:5=+0.032 b0=+0.004 b1=+0.009 b2=+0.006 b3=+0.008]
step  4600  ce 4.112  loss 4.167  holds 30688  122,763 tok/s  [fid:3=+0.980 fid:4=+0.083 fid:5=+0.032 b0=+0.001 b1=+0.004 b2=+0.004 b3=+0.007]
step  4650  ce 3.716  loss 3.718  holds 30816  122,661 tok/s  [fid:3=+0.980 fid:4=+0.085 fid:5=+0.031 b0=+0.009 b1=+0.022 b2=+0.031 b3=+0.007]
step  4700  ce 3.881  loss 3.883  holds 30944  122,527 tok/s  [fid:3=+0.981 fid:4=+0.087 fid:5=+0.030 b0=+0.023 b1=+0.029 b2=+0.027 b3=+0.007]
step  4750  ce 4.093  loss 4.095  holds 31008  122,877 tok/s  [fid:3=+0.980 fid:4=+0.090 fid:5=+0.029 b0=+0.012 b1=+0.009 b2=+0.012 b3=+0.007]
step  4800  ce 3.828  loss 3.892  holds 31136  122,864 tok/s  [fid:3=+0.980 fid:4=+0.093 fid:5=+0.028 b0=+0.003 b1=+0.002 b2=+0.008 b3=+0.007]
step  4850  ce 4.246  loss 4.248  holds 31200  123,218 tok/s  [fid:3=+0.980 fid:4=+0.097 fid:5=+0.028 b0=+0.003 b1=+0.003 b2=+0.005 b3=+0.007]
step  4900  ce 3.999  loss 4.002  holds 31360  123,128 tok/s  [fid:3=+0.978 fid:4=+0.099 fid:5=+0.027 b0=+0.003 b1=+0.001 b2=+0.006 b3=+0.007]
step  4950  ce 4.161  loss 4.164  holds 31424  123,047 tok/s  [fid:3=+0.980 fid:4=+0.103 fid:5=+0.026 b0=+0.042 b1=+0.020 b2=+0.017 b3=+0.007]
step  5000  ce 4.318  loss 4.362  holds 31552  123,362 tok/s  [fid:3=+0.981 fid:4=+0.107 fid:5=+0.025 b0=+0.062 b1=+0.008 b2=+0.110 b3=+0.007]
step  5050  ce 3.854  loss 3.856  holds 31648  123,256 tok/s  [fid:3=+0.981 fid:4=+0.109 fid:5=+0.025 b0=+0.031 b1=+0.021 b2=+0.045 b3=+0.007]
step  5100  ce 3.883  loss 3.884  holds 31680  123,608 tok/s  [fid:3=+0.981 fid:4=+0.111 fid:5=+0.024 b0=+0.014 b1=+0.007 b2=+0.020 b3=+0.007]
step  5150  ce 4.159  loss 4.162  holds 31776  123,613 tok/s  [fid:3=+0.981 fid:4=+0.112 fid:5=+0.023 b0=+0.004 b1=+0.004 b2=+0.009 b3=+0.007]
step  5200  ce 4.093  loss 4.137  holds 31808  123,604 tok/s  [fid:3=+0.980 fid:4=+0.115 fid:5=+0.022 b0=+0.007 b1=+0.004 b2=+0.008 b3=+0.007]
step  5250  ce 4.048  loss 4.050  holds 31872  123,938 tok/s  [fid:3=+0.981 fid:4=+0.118 fid:5=+0.021 b0=+0.004 b1=+0.005 b2=+0.005 b3=+0.007]
step  5300  ce 3.767  loss 3.769  holds 31904  123,904 tok/s  [fid:3=+0.981 fid:4=+0.122 fid:5=+0.021 b0=+0.002 b1=+0.004 b2=+0.003 b3=+0.007]
step  5350  ce 3.590  loss 3.591  holds 31968  123,865 tok/s  [fid:3=+0.982 fid:4=+0.124 fid:5=+0.020 b0=+0.002 b1=+0.005 b2=+0.005 b3=+0.007]
step  5400  ce 4.036  loss 4.079  holds 32032  124,202 tok/s  [fid:3=+0.983 fid:4=+0.126 fid:5=+0.019 b0=+0.002 b1=+0.004 b2=+0.003 b3=+0.007]
step  5450  ce 3.890  loss 3.891  holds 32096  124,157 tok/s  [fid:3=+0.983 fid:4=+0.129 fid:5=+0.019 b0=+0.002 b1=+0.002 b2=+0.002 b3=+0.007]
step  5500  ce 3.974  loss 3.975  holds 32160  124,485 tok/s  [fid:3=+0.981 fid:4=+0.132 fid:5=+0.019 b0=+0.004 b1=+0.002 b2=+0.004 b3=+0.007]
step  5550  ce 4.144  loss 4.146  holds 32192  124,412 tok/s  [fid:3=+0.982 fid:4=+0.134 fid:5=+0.018 b0=+0.002 b1=+0.002 b2=+0.003 b3=+0.007]
step  5600  ce 3.890  loss 3.933  holds 32256  124,368 tok/s  [fid:3=+0.982 fid:4=+0.137 fid:5=+0.017 b0=+0.003 b1=+0.003 b2=+0.003 b3=+0.007]
step  5650  ce 3.784  loss 3.786  holds 32320  124,689 tok/s  [fid:3=+0.983 fid:4=+0.140 fid:5=+0.016 b0=+0.003 b1=+0.003 b2=+0.004 b3=+0.007]
step  5700  ce 4.038  loss 4.040  holds 32384  124,679 tok/s  [fid:3=+0.983 fid:4=+0.143 fid:5=+0.015 b0=+0.002 b1=+0.003 b2=+0.004 b3=+0.007]
step  5750  ce 3.722  loss 3.723  holds 32416  124,990 tok/s  [fid:3=+0.983 fid:4=+0.144 fid:5=+0.015 b0=+0.001 b1=+0.002 b2=+0.003 b3=+0.007]
step  5800  ce 3.971  loss 4.014  holds 32480  124,977 tok/s  [fid:3=+0.983 fid:4=+0.147 fid:5=+0.014 b0=+0.002 b1=+0.003 b2=+0.002 b3=+0.007]
step  5850  ce 3.946  loss 3.950  holds 32544  124,942 tok/s  [fid:3=+0.978 fid:4=+0.148 fid:5=+0.013 b0=+0.002 b1=+0.002 b2=+0.004 b3=+0.007]
step  5900  ce 4.237  loss 4.241  holds 32608  125,241 tok/s  [fid:3=+0.978 fid:4=+0.150 fid:5=+0.012 b0=+0.002 b1=+0.001 b2=+0.003 b3=+0.007]
step  5950  ce 4.077  loss 4.079  holds 32640  125,181 tok/s  [fid:3=+0.982 fid:4=+0.152 fid:5=+0.012 b0=+0.002 b1=+0.002 b2=+0.003 b3=+0.007]
step  6000  ce 3.887  loss 3.929  holds 32640  125,471 tok/s  [fid:3=+0.984 fid:4=+0.156 fid:5=+0.012 b0=+0.001 b1=+0.001 b2=+0.003 b3=+0.007]
    holdout(cum): {'cross': [0.039, 0.0, 9], 'same': [0.073, 0.33, 6], 'straddle': [0.026, 0.0, 4]}
step  6050  ce 3.948  loss 3.952  holds 32640  125,364 tok/s  [fid:3=+0.983 fid:4=+0.160 fid:5=+0.011 b0=+0.002 b1=+0.001 b2=+0.003 b3=+0.007]
step  6100  ce 3.606  loss 3.607  holds 32640  125,309 tok/s  [fid:3=+0.984 fid:4=+0.162 fid:5=+0.010 b0=+0.002 b1=+0.001 b2=+0.006 b3=+0.007]
step  6150  ce 3.530  loss 3.531  holds 32672  125,592 tok/s  [fid:3=+0.985 fid:4=+0.163 fid:5=+0.009 b0=+0.002 b1=+0.003 b2=+0.003 b3=+0.007]
step  6200  ce 4.003  loss 4.045  holds 32672  125,575 tok/s  [fid:3=+0.984 fid:4=+0.165 fid:5=+0.009 b0=+0.001 b1=+0.001 b2=+0.003 b3=+0.007]
step  6250  ce 3.980  loss 3.981  holds 32672  125,856 tok/s  [fid:3=+0.982 fid:4=+0.165 fid:5=+0.008 b0=+0.001 b1=+0.002 b2=+0.003 b3=+0.007]
step  6300  ce 3.810  loss 3.812  holds 32672  125,830 tok/s  [fid:3=+0.983 fid:4=+0.165 fid:5=+0.008 b0=+0.002 b1=+0.003 b2=+0.002 b3=+0.007]
step  6350  ce 3.928  loss 3.929  holds 32672  125,802 tok/s  [fid:3=+0.984 fid:4=+0.169 fid:5=+0.007 b0=+0.003 b1=+0.003 b2=+0.002 b3=+0.007]
step  6400  ce 3.981  loss 4.043  holds 32672  126,080 tok/s  [fid:3=+0.984 fid:4=+0.171 fid:5=+0.006 b0=+0.002 b1=+0.002 b2=+0.002 b3=+0.007]
step  6450  ce 3.663  loss 3.665  holds 32704  126,042 tok/s  [fid:3=+0.983 fid:4=+0.172 fid:5=+0.006 b0=+0.002 b1=+0.002 b2=+0.002 b3=+0.007]
step  6500  ce 3.728  loss 3.729  holds 32704  126,325 tok/s  [fid:3=+0.983 fid:4=+0.174 fid:5=+0.006 b0=+0.002 b1=+0.002 b2=+0.003 b3=+0.007]
step  6550  ce 3.978  loss 3.980  holds 32704  126,291 tok/s  [fid:3=+0.985 fid:4=+0.176 fid:5=+0.005 b0=+0.003 b1=+0.003 b2=+0.002 b3=+0.007]
step  6600  ce 3.821  loss 3.862  holds 32704  126,228 tok/s  [fid:3=+0.985 fid:4=+0.179 fid:5=+0.005 b0=+0.002 b1=+0.003 b2=+0.005 b3=+0.007]
step  6650  ce 3.935  loss 3.939  holds 32704  126,497 tok/s  [fid:3=+0.984 fid:4=+0.180 fid:5=+0.005 b0=+0.001 b1=+0.002 b2=+0.003 b3=+0.007]
step  6700  ce 3.647  loss 3.649  holds 32736  126,435 tok/s  [fid:3=+0.984 fid:4=+0.181 fid:5=+0.004 b0=+0.003 b1=+0.001 b2=+0.002 b3=+0.007]
step  6750  ce 3.682  loss 3.685  holds 32736  126,696 tok/s  [fid:3=+0.982 fid:4=+0.183 fid:5=+0.004 b0=+0.001 b1=+0.002 b2=+0.001 b3=+0.007]
step  6800  ce 3.997  loss 4.039  holds 32736  126,642 tok/s  [fid:3=+0.983 fid:4=+0.182 fid:5=+0.003 b0=+0.002 b1=+0.003 b2=+0.001 b3=+0.007]
step  6850  ce 3.962  loss 3.964  holds 32736  126,621 tok/s  [fid:3=+0.984 fid:4=+0.184 fid:5=+0.002 b0=+0.002 b1=+0.002 b2=+0.001 b3=+0.006]
step  6900  ce 3.920  loss 3.922  holds 32736  126,875 tok/s  [fid:3=+0.985 fid:4=+0.186 fid:5=+0.002 b0=+0.004 b1=+0.001 b2=+0.003 b3=+0.006]
step  6950  ce 3.629  loss 3.630  holds 32768  126,846 tok/s  [fid:3=+0.982 fid:4=+0.186 fid:5=+0.002 b0=+0.002 b1=+0.001 b2=+0.001 b3=+0.006]
step  7000  ce 3.929  loss 3.970  holds 32768  126,801 tok/s  [fid:3=+0.984 fid:4=+0.186 fid:5=+0.001 b0=+0.002 b1=+0.002 b2=+0.002 b3=+0.006]
step  7050  ce 3.364  loss 3.365  holds 32768  127,028 tok/s  [fid:3=+0.983 fid:4=+0.187 fid:5=+0.000 b0=+0.001 b1=+0.001 b2=+0.002 b3=+0.006]
step  7100  ce 3.915  loss 3.916  holds 32768  126,973 tok/s  [fid:3=+0.983 fid:4=+0.188 fid:5=+0.000 b0=+0.002 b1=+0.002 b2=+0.003 b3=+0.006]
step  7150  ce 3.564  loss 3.566  holds 32768  127,221 tok/s  [fid:3=+0.984 fid:4=+0.188 fid:5=-0.000 b0=+0.002 b1=+0.002 b2=+0.003 b3=+0.006]
step  7200  ce 3.929  loss 3.971  holds 32800  127,163 tok/s  [fid:3=+0.980 fid:4=+0.190 fid:5=-0.000 b0=+0.001 b1=+0.002 b2=+0.004 b3=+0.006]
step  7250  ce 3.760  loss 3.763  holds 32800  127,103 tok/s  [fid:3=+0.983 fid:4=+0.191 fid:5=-0.001 b0=+0.003 b1=+0.002 b2=+0.003 b3=+0.006]
step  7300  ce 3.732  loss 3.733  holds 32800  127,336 tok/s  [fid:3=+0.985 fid:4=+0.193 fid:5=-0.001 b0=+0.002 b1=+0.002 b2=+0.002 b3=+0.006]
step  7350  ce 3.643  loss 3.644  holds 32800  127,271 tok/s  [fid:3=+0.984 fid:4=+0.194 fid:5=-0.001 b0=+0.001 b1=+0.003 b2=+0.003 b3=+0.006]
step  7400  ce 3.711  loss 3.751  holds 32800  127,509 tok/s  [fid:3=+0.985 fid:4=+0.197 fid:5=-0.002 b0=+0.003 b1=+0.002 b2=+0.002 b3=+0.006]
step  7450  ce 3.350  loss 3.351  holds 32832  127,481 tok/s  [fid:3=+0.984 fid:4=+0.196 fid:5=-0.002 b0=+0.002 b1=+0.001 b2=+0.003 b3=+0.006]
step  7500  ce 3.927  loss 3.929  holds 32832  127,445 tok/s  [fid:3=+0.985 fid:4=+0.199 fid:5=-0.003 b0=+0.002 b1=+0.002 b2=+0.002 b3=+0.006]
step  7550  ce 3.975  loss 3.976  holds 32832  127,651 tok/s  [fid:3=+0.984 fid:4=+0.201 fid:5=-0.003 b0=+0.003 b1=+0.001 b2=+0.003 b3=+0.006]
step  7600  ce 3.698  loss 3.738  holds 32832  127,601 tok/s  [fid:3=+0.983 fid:4=+0.203 fid:5=-0.003 b0=+0.002 b1=+0.002 b2=+0.001 b3=+0.007]
step  7650  ce 3.841  loss 3.842  holds 32832  127,835 tok/s  [fid:3=+0.984 fid:4=+0.205 fid:5=-0.003 b0=+0.003 b1=+0.002 b2=+0.001 b3=+0.007]
step  7700  ce 3.432  loss 3.433  holds 32864  127,789 tok/s  [fid:3=+0.984 fid:4=+0.207 fid:5=-0.004 b0=+0.004 b1=+0.003 b2=+0.001 b3=+0.007]
step  7750  ce 3.985  loss 3.986  holds 32864  127,742 tok/s  [fid:3=+0.985 fid:4=+0.209 fid:5=-0.004 b0=+0.003 b1=+0.002 b2=+0.002 b3=+0.007]
step  7800  ce 3.525  loss 3.564  holds 32864  127,972 tok/s  [fid:3=+0.984 fid:4=+0.210 fid:5=-0.004 b0=+0.002 b1=+0.002 b2=+0.003 b3=+0.007]
step  7850  ce 3.746  loss 3.750  holds 32864  127,912 tok/s  [fid:3=+0.984 fid:4=+0.211 fid:5=-0.004 b0=+0.002 b1=+0.003 b2=+0.002 b3=+0.007]
step  7900  ce 3.721  loss 3.722  holds 32864  128,140 tok/s  [fid:3=+0.985 fid:4=+0.210 fid:5=-0.004 b0=+0.003 b1=+0.004 b2=+0.002 b3=+0.007]
step  7950  ce 3.824  loss 3.826  holds 32896  128,082 tok/s  [fid:3=+0.984 fid:4=+0.211 fid:5=-0.005 b0=+0.003 b1=+0.001 b2=+0.002 b3=+0.007]
step  8000  ce 3.811  loss 3.873  holds 32896  128,036 tok/s  [fid:3=+0.985 fid:4=+0.212 fid:5=-0.005 b0=+0.002 b1=+0.003 b2=+0.002 b3=+0.007]
    holdout(cum): {'cross': [0.039, 0.0, 9], 'same': [0.077, 0.22, 9], 'straddle': [0.046, 0.0, 6]}
step  8050  ce 3.488  loss 3.489  holds 32896  128,225 tok/s  [fid:3=+0.983 fid:4=+0.212 fid:5=-0.005 b0=+0.005 b1=+0.002 b2=+0.002 b3=+0.007]
step  8100  ce 3.644  loss 3.646  holds 32896  128,159 tok/s  [fid:3=+0.984 fid:4=+0.213 fid:5=-0.005 b0=+0.004 b1=+0.005 b2=+0.002 b3=+0.007]
step  8150  ce 3.585  loss 3.586  holds 32896  128,359 tok/s  [fid:3=+0.985 fid:4=+0.215 fid:5=-0.006 b0=+0.002 b1=+0.004 b2=+0.001 b3=+0.007]
step  8200  ce 3.955  loss 3.994  holds 32928  128,307 tok/s  [fid:3=+0.985 fid:4=+0.217 fid:5=-0.006 b0=+0.002 b1=+0.002 b2=+0.003 b3=+0.006]
step  8250  ce 3.930  loss 3.931  holds 32928  128,281 tok/s  [fid:3=+0.985 fid:4=+0.218 fid:5=-0.006 b0=+0.001 b1=+0.002 b2=+0.002 b3=+0.006]
step  8300  ce 3.716  loss 3.717  holds 32928  128,496 tok/s  [fid:3=+0.983 fid:4=+0.218 fid:5=-0.006 b0=+0.002 b1=+0.001 b2=+0.002 b3=+0.006]
step  8350  ce 3.757  loss 3.758  holds 32928  128,477 tok/s  [fid:3=+0.985 fid:4=+0.218 fid:5=-0.006 b0=+0.002 b1=+0.004 b2=+0.003 b3=+0.006]
step  8400  ce 3.756  loss 3.795  holds 32928  128,408 tok/s  [fid:3=+0.986 fid:4=+0.218 fid:5=-0.006 b0=+0.002 b1=+0.004 b2=+0.002 b3=+0.006]
step  8450  ce 3.692  loss 3.694  holds 32960  128,603 tok/s  [fid:3=+0.986 fid:4=+0.219 fid:5=-0.006 b0=+0.002 b1=+0.002 b2=+0.002 b3=+0.006]
step  8500  ce 3.751  loss 3.752  holds 32960  128,539 tok/s  [fid:3=+0.984 fid:4=+0.219 fid:5=-0.006 b0=+0.001 b1=+0.002 b2=+0.003 b3=+0.006]
step  8550  ce 3.743  loss 3.748  holds 32960  128,722 tok/s  [fid:3=+0.985 fid:4=+0.221 fid:5=-0.006 b0=+0.000 b1=+0.002 b2=+0.001 b3=+0.006]
step  8600  ce 3.810  loss 3.850  holds 32960  128,671 tok/s  [fid:3=+0.985 fid:4=+0.220 fid:5=-0.007 b0=+0.002 b1=+0.003 b2=+0.002 b3=+0.006]
step  8650  ce 4.082  loss 4.083  holds 32960  128,648 tok/s  [fid:3=+0.986 fid:4=+0.222 fid:5=-0.007 b0=+0.002 b1=+0.001 b2=+0.001 b3=+0.006]
step  8700  ce 3.493  loss 3.495  holds 32960  128,835 tok/s  [fid:3=+0.987 fid:4=+0.222 fid:5=-0.007 b0=+0.001 b1=+0.002 b2=+0.002 b3=+0.006]
step  8750  ce 3.472  loss 3.473  holds 32992  128,804 tok/s  [fid:3=+0.986 fid:4=+0.223 fid:5=-0.007 b0=+0.002 b1=+0.003 b2=+0.002 b3=+0.006]
step  8800  ce 3.645  loss 3.684  holds 32992  128,994 tok/s  [fid:3=+0.986 fid:4=+0.223 fid:5=-0.007 b0=+0.002 b1=+0.004 b2=+0.001 b3=+0.006]
step  8850  ce 3.744  loss 3.746  holds 32992  128,947 tok/s  [fid:3=+0.985 fid:4=+0.224 fid:5=-0.007 b0=+0.003 b1=+0.004 b2=+0.003 b3=+0.006]
step  8900  ce 3.351  loss 3.353  holds 32992  128,927 tok/s  [fid:3=+0.985 fid:4=+0.226 fid:5=-0.007 b0=+0.002 b1=+0.003 b2=+0.002 b3=+0.006]
step  8950  ce 3.899  loss 3.900  holds 32992  129,111 tok/s  [fid:3=+0.985 fid:4=+0.226 fid:5=-0.007 b0=+0.001 b1=+0.001 b2=+0.002 b3=+0.006]
step  9000  ce 3.947  loss 3.986  holds 33024  129,047 tok/s  [fid:3=+0.984 fid:4=+0.229 fid:5=-0.007 b0=+0.001 b1=+0.001 b2=+0.002 b3=+0.006]
step  9050  ce 3.769  loss 3.770  holds 33024  129,221 tok/s  [fid:3=+0.984 fid:4=+0.231 fid:5=-0.007 b0=+0.002 b1=+0.001 b2=+0.003 b3=+0.006]
step  9100  ce 3.687  loss 3.688  holds 33024  129,157 tok/s  [fid:3=+0.985 fid:4=+0.231 fid:5=-0.007 b0=+0.003 b1=+0.003 b2=+0.002 b3=+0.006]
step  9150  ce 3.378  loss 3.381  holds 33024  129,118 tok/s  [fid:3=+0.984 fid:4=+0.231 fid:5=-0.007 b0=+0.002 b1=+0.002 b2=+0.003 b3=+0.006]
step  9200  ce 3.486  loss 3.525  holds 33024  129,298 tok/s  [fid:3=+0.984 fid:4=+0.232 fid:5=-0.007 b0=+0.004 b1=+0.004 b2=+0.003 b3=+0.006]
step  9250  ce 3.525  loss 3.526  holds 33056  129,231 tok/s  [fid:3=+0.985 fid:4=+0.233 fid:5=-0.007 b0=+0.001 b1=+0.002 b2=+0.002 b3=+0.006]
step  9300  ce 3.924  loss 3.925  holds 33056  129,407 tok/s  [fid:3=+0.985 fid:4=+0.234 fid:5=-0.007 b0=+0.001 b1=+0.002 b2=+0.002 b3=+0.006]
step  9350  ce 3.704  loss 3.706  holds 33056  129,358 tok/s  [fid:3=+0.986 fid:4=+0.235 fid:5=-0.007 b0=+0.002 b1=+0.002 b2=+0.004 b3=+0.006]
step  9400  ce 3.724  loss 3.762  holds 33056  129,317 tok/s  [fid:3=+0.985 fid:4=+0.236 fid:5=-0.007 b0=+0.001 b1=+0.003 b2=+0.003 b3=+0.006]
step  9450  ce 3.232  loss 3.233  holds 33056  129,490 tok/s  [fid:3=+0.984 fid:4=+0.237 fid:5=-0.007 b0=+0.002 b1=+0.002 b2=+0.003 b3=+0.006]
step  9500  ce 3.527  loss 3.529  holds 33088  129,462 tok/s  [fid:3=+0.984 fid:4=+0.238 fid:5=-0.007 b0=+0.001 b1=+0.003 b2=+0.004 b3=+0.006]
step  9550  ce 3.646  loss 3.647  holds 33088  129,623 tok/s  [fid:3=+0.984 fid:4=+0.239 fid:5=-0.006 b0=+0.003 b1=+0.002 b2=+0.001 b3=+0.006]
step  9600  ce 3.235  loss 3.294  holds 33088  129,551 tok/s  [fid:3=+0.984 fid:4=+0.239 fid:5=-0.006 b0=+0.002 b1=+0.002 b2=+0.004 b3=+0.006]
step  9650  ce 3.731  loss 3.733  holds 33088  129,474 tok/s  [fid:3=+0.985 fid:4=+0.240 fid:5=-0.006 b0=+0.001 b1=+0.003 b2=+0.004 b3=+0.006]
step  9700  ce 3.429  loss 3.431  holds 33088  129,641 tok/s  [fid:3=+0.985 fid:4=+0.241 fid:5=-0.006 b0=+0.004 b1=+0.003 b2=+0.001 b3=+0.006]
step  9750  ce 3.637  loss 3.638  holds 33120  129,605 tok/s  [fid:3=+0.985 fid:4=+0.241 fid:5=-0.006 b0=+0.002 b1=+0.002 b2=+0.003 b3=+0.006]
step  9800  ce 3.503  loss 3.541  holds 33120  129,772 tok/s  [fid:3=+0.986 fid:4=+0.242 fid:5=-0.006 b0=+0.003 b1=+0.004 b2=+0.002 b3=+0.006]
step  9850  ce 3.557  loss 3.559  holds 33120  129,697 tok/s  [fid:3=+0.985 fid:4=+0.243 fid:5=-0.006 b0=+0.002 b1=+0.003 b2=+0.003 b3=+0.006]
step  9900  ce 3.543  loss 3.544  holds 33120  129,631 tok/s  [fid:3=+0.986 fid:4=+0.244 fid:5=-0.006 b0=+0.001 b1=+0.004 b2=+0.006 b3=+0.006]
step  9950  ce 3.756  loss 3.757  holds 33120  129,790 tok/s  [fid:3=+0.983 fid:4=+0.244 fid:5=-0.006 b0=+0.003 b1=+0.004 b2=+0.002 b3=+0.006]
step 10000  ce 3.309  loss 3.347  holds 33152  129,733 tok/s  [fid:3=+0.984 fid:4=+0.244 fid:5=-0.006 b0=+0.001 b1=+0.002 b2=+0.001 b3=+0.006]
    holdout(cum): {'cross': [0.058, 0.07, 14], 'same': [0.075, 0.2, 10], 'straddle': [0.057, 0.14, 7]}
step 10050  ce 3.781  loss 3.782  holds 33152  129,869 tok/s  [fid:3=+0.985 fid:4=+0.244 fid:5=-0.005 b0=+0.002 b1=+0.003 b2=+0.002 b3=+0.006]
step 10100  ce 3.416  loss 3.417  holds 33152  129,805 tok/s  [fid:3=+0.986 fid:4=+0.245 fid:5=-0.005 b0=+0.004 b1=+0.002 b2=+0.002 b3=+0.006]
step 10150  ce 3.816  loss 3.817  holds 33152  129,746 tok/s  [fid:3=+0.985 fid:4=+0.247 fid:5=-0.005 b0=+0.001 b1=+0.002 b2=+0.002 b3=+0.006]
step 10200  ce 3.648  loss 3.686  holds 33152  129,906 tok/s  [fid:3=+0.985 fid:4=+0.247 fid:5=-0.005 b0=+0.004 b1=+0.002 b2=+0.002 b3=+0.006]
step 10250  ce 3.765  loss 3.766  holds 33184  129,843 tok/s  [fid:3=+0.985 fid:4=+0.248 fid:5=-0.005 b0=+0.001 b1=+0.004 b2=+0.002 b3=+0.006]
step 10300  ce 3.486  loss 3.488  holds 33184  129,804 tok/s  [fid:3=+0.985 fid:4=+0.247 fid:5=-0.005 b0=+0.002 b1=+0.002 b2=+0.003 b3=+0.006]
step 10350  ce 3.667  loss 3.668  holds 33184  129,961 tok/s  [fid:3=+0.985 fid:4=+0.249 fid:5=-0.005 b0=+0.001 b1=+0.002 b2=+0.001 b3=+0.006]
step 10400  ce 3.431  loss 3.470  holds 33184  129,897 tok/s  [fid:3=+0.985 fid:4=+0.250 fid:5=-0.004 b0=+0.002 b1=+0.001 b2=+0.005 b3=+0.006]
step 10450  ce 3.390  loss 3.390  holds 33184  130,045 tok/s  [fid:3=+0.985 fid:4=+0.251 fid:5=-0.004 b0=+0.003 b1=+0.001 b2=+0.002 b3=+0.006]
step 10500  ce 3.610  loss 3.612  holds 33216  129,990 tok/s  [fid:3=+0.985 fid:4=+0.250 fid:5=-0.004 b0=+0.001 b1=+0.002 b2=+0.002 b3=+0.006]
step 10550  ce 3.634  loss 3.635  holds 33216  129,922 tok/s  [fid:3=+0.984 fid:4=+0.250 fid:5=-0.004 b0=+0.002 b1=+0.001 b2=+0.003 b3=+0.006]
step 10600  ce 3.681  loss 3.719  holds 33216  130,080 tok/s  [fid:3=+0.986 fid:4=+0.252 fid:5=-0.004 b0=+0.002 b1=+0.001 b2=+0.002 b3=+0.006]
step 10650  ce 3.225  loss 3.226  holds 33216  130,035 tok/s  [fid:3=+0.984 fid:4=+0.252 fid:5=-0.004 b0=+0.002 b1=+0.001 b2=+0.002 b3=+0.006]
step 10700  ce 3.772  loss 3.773  holds 33216  130,189 tok/s  [fid:3=+0.983 fid:4=+0.253 fid:5=-0.003 b0=+0.004 b1=+0.002 b2=+0.003 b3=+0.006]
step 10750  ce 3.547  loss 3.548  holds 33216  130,134 tok/s  [fid:3=+0.984 fid:4=+0.254 fid:5=-0.003 b0=+0.002 b1=+0.003 b2=+0.003 b3=+0.006]
step 10800  ce 3.422  loss 3.460  holds 33248  130,081 tok/s  [fid:3=+0.985 fid:4=+0.255 fid:5=-0.003 b0=+0.002 b1=+0.001 b2=+0.001 b3=+0.006]
step 10850  ce 3.724  loss 3.725  holds 33248  130,236 tok/s  [fid:3=+0.985 fid:4=+0.257 fid:5=-0.003 b0=+0.002 b1=+0.002 b2=+0.001 b3=+0.006]
step 10900  ce 3.576  loss 3.577  holds 33248  130,196 tok/s  [fid:3=+0.985 fid:4=+0.257 fid:5=-0.002 b0=+0.003 b1=+0.002 b2=+0.003 b3=+0.006]
step 10950  ce 3.523  loss 3.527  holds 33248  130,351 tok/s  [fid:3=+0.985 fid:4=+0.258 fid:5=-0.002 b0=+0.002 b1=+0.002 b2=+0.003 b3=+0.006]
step 11000  ce 3.228  loss 3.267  holds 33248  130,296 tok/s  [fid:3=+0.981 fid:4=+0.259 fid:5=-0.002 b0=+0.001 b1=+0.003 b2=+0.003 b3=+0.005]
step 11050  ce 3.770  loss 3.771  holds 33280  130,234 tok/s  [fid:3=+0.983 fid:4=+0.260 fid:5=-0.002 b0=+0.003 b1=+0.003 b2=+0.001 b3=+0.005]
step 11100  ce 3.687  loss 3.689  holds 33280  130,381 tok/s  [fid:3=+0.986 fid:4=+0.261 fid:5=-0.002 b0=+0.001 b1=+0.003 b2=+0.004 b3=+0.005]
step 11150  ce 3.528  loss 3.529  holds 33280  130,358 tok/s  [fid:3=+0.986 fid:4=+0.262 fid:5=-0.001 b0=+0.003 b1=+0.003 b2=+0.001 b3=+0.005]
step 11200  ce 3.328  loss 3.385  holds 33280  130,340 tok/s  [fid:3=+0.985 fid:4=+0.262 fid:5=-0.001 b0=+0.001 b1=+0.001 b2=+0.003 b3=+0.005]
step 11250  ce 3.783  loss 3.785  holds 33280  130,495 tok/s  [fid:3=+0.986 fid:4=+0.263 fid:5=-0.001 b0=+0.003 b1=+0.001 b2=+0.003 b3=+0.005]
step 11300  ce 3.674  loss 3.676  holds 33312  130,447 tok/s  [fid:3=+0.984 fid:4=+0.263 fid:5=-0.001 b0=+0.001 b1=+0.001 b2=+0.002 b3=+0.005]
step 11350  ce 3.792  loss 3.795  holds 33312  130,603 tok/s  [fid:3=+0.985 fid:4=+0.263 fid:5=-0.001 b0=+0.002 b1=+0.002 b2=+0.003 b3=+0.005]
step 11400  ce 3.384  loss 3.420  holds 33312  130,557 tok/s  [fid:3=+0.984 fid:4=+0.265 fid:5=-0.000 b0=+0.001 b1=+0.002 b2=+0.004 b3=+0.005]
step 11450  ce 3.707  loss 3.708  holds 33312  130,519 tok/s  [fid:3=+0.985 fid:4=+0.267 fid:5=-0.000 b0=+0.001 b1=+0.003 b2=+0.004 b3=+0.005]
step 11500  ce 3.499  loss 3.500  holds 33312  130,672 tok/s  [fid:3=+0.986 fid:4=+0.269 fid:5=-0.000 b0=+0.001 b1=+0.002 b2=+0.002 b3=+0.005]
step 11550  ce 3.419  loss 3.420  holds 33344  130,638 tok/s  [fid:3=+0.984 fid:4=+0.269 fid:5=-0.000 b0=+0.004 b1=+0.004 b2=+0.004 b3=+0.005]
step 11600  ce 3.479  loss 3.515  holds 33344  130,777 tok/s  [fid:3=+0.984 fid:4=+0.270 fid:5=+0.000 b0=+0.002 b1=+0.003 b2=+0.003 b3=+0.005]
step 11650  ce 3.562  loss 3.564  holds 33344  130,741 tok/s  [fid:3=+0.985 fid:4=+0.272 fid:5=+0.000 b0=+0.003 b1=+0.002 b2=+0.002 b3=+0.005]
step 11700  ce 3.600  loss 3.601  holds 33344  130,683 tok/s  [fid:3=+0.985 fid:4=+0.273 fid:5=+0.000 b0=+0.002 b1=+0.003 b2=+0.002 b3=+0.005]
step 11750  ce 3.540  loss 3.543  holds 33344  130,818 tok/s  [fid:3=+0.984 fid:4=+0.275 fid:5=+0.001 b0=+0.003 b1=+0.004 b2=+0.005 b3=+0.005]
step 11800  ce 3.482  loss 3.520  holds 33376  130,765 tok/s  [fid:3=+0.985 fid:4=+0.276 fid:5=+0.001 b0=+0.002 b1=+0.002 b2=+0.001 b3=+0.005]
step 11850  ce 3.181  loss 3.183  holds 33376  130,898 tok/s  [fid:3=+0.986 fid:4=+0.278 fid:5=+0.001 b0=+0.003 b1=+0.004 b2=+0.002 b3=+0.005]
step 11900  ce 3.195  loss 3.197  holds 33376  130,839 tok/s  [fid:3=+0.986 fid:4=+0.278 fid:5=+0.001 b0=+0.001 b1=+0.002 b2=+0.001 b3=+0.005]
step 11950  ce 3.405  loss 3.407  holds 33376  130,783 tok/s  [fid:3=+0.985 fid:4=+0.277 fid:5=+0.001 b0=+0.003 b1=+0.002 b2=+0.004 b3=+0.005]
step 12000  ce 3.495  loss 3.532  holds 33376  130,917 tok/s  [fid:3=+0.983 fid:4=+0.278 fid:5=+0.002 b0=+0.002 b1=+0.001 b2=+0.002 b3=+0.005]
    holdout(cum): {'cross': [0.058, 0.06, 17], 'same': [0.074, 0.18, 11], 'straddle': [0.06, 0.12, 8]}
step 12050  ce 3.653  loss 3.654  holds 33408  130,837 tok/s  [fid:3=+0.984 fid:4=+0.278 fid:5=+0.002 b0=+0.003 b1=+0.003 b2=+0.005 b3=+0.005]
step 12100  ce 3.284  loss 3.285  holds 33408  130,971 tok/s  [fid:3=+0.986 fid:4=+0.278 fid:5=+0.002 b0=+0.003 b1=+0.003 b2=+0.003 b3=+0.005]
step 12150  ce 3.905  loss 3.906  holds 33408  130,933 tok/s  [fid:3=+0.985 fid:4=+0.280 fid:5=+0.002 b0=+0.002 b1=+0.001 b2=+0.003 b3=+0.005]
step 12200  ce 3.667  loss 3.702  holds 33408  130,895 tok/s  [fid:3=+0.985 fid:4=+0.282 fid:5=+0.003 b0=+0.004 b1=+0.005 b2=+0.001 b3=+0.005]
step 12250  ce 3.384  loss 3.385  holds 33408  131,023 tok/s  [fid:3=+0.986 fid:4=+0.283 fid:5=+0.003 b0=+0.001 b1=+0.002 b2=+0.002 b3=+0.005]
step 12300  ce 3.556  loss 3.557  holds 33440  130,970 tok/s  [fid:3=+0.986 fid:4=+0.284 fid:5=+0.003 b0=+0.001 b1=+0.002 b2=+0.003 b3=+0.005]
step 12350  ce 3.587  loss 3.588  holds 33440  131,101 tok/s  [fid:3=+0.986 fid:4=+0.285 fid:5=+0.003 b0=+0.005 b1=+0.001 b2=+0.004 b3=+0.004]
step 12400  ce 3.294  loss 3.331  holds 33440  131,054 tok/s  [fid:3=+0.986 fid:4=+0.285 fid:5=+0.004 b0=+0.002 b1=+0.001 b2=+0.002 b3=+0.004]
step 12450  ce 3.412  loss 3.413  holds 33440  131,005 tok/s  [fid:3=+0.985 fid:4=+0.286 fid:5=+0.004 b0=+0.001 b1=+0.002 b2=+0.001 b3=+0.004]
step 12500  ce 3.464  loss 3.465  holds 33440  131,138 tok/s  [fid:3=+0.985 fid:4=+0.288 fid:5=+0.004 b0=+0.002 b1=+0.003 b2=+0.002 b3=+0.004]
step 12550  ce 3.633  loss 3.634  holds 33472  131,073 tok/s  [fid:3=+0.986 fid:4=+0.290 fid:5=+0.005 b0=+0.003 b1=+0.002 b2=+0.004 b3=+0.004]
step 12600  ce 3.459  loss 3.496  holds 33472  131,021 tok/s  [fid:3=+0.986 fid:4=+0.292 fid:5=+0.005 b0=+0.002 b1=+0.003 b2=+0.001 b3=+0.004]
step 12650  ce 3.296  loss 3.300  holds 33472  131,152 tok/s  [fid:3=+0.983 fid:4=+0.294 fid:5=+0.005 b0=+0.001 b1=+0.001 b2=+0.003 b3=+0.004]
step 12700  ce 3.367  loss 3.368  holds 33472  131,122 tok/s  [fid:3=+0.984 fid:4=+0.295 fid:5=+0.005 b0=+0.003 b1=+0.003 b2=+0.001 b3=+0.006]
step 12750  ce 3.628  loss 3.631  holds 33472  131,254 tok/s  [fid:3=+0.983 fid:4=+0.296 fid:5=+0.006 b0=+0.001 b1=+0.002 b2=+0.002 b3=+0.006]
step 12800  ce 3.436  loss 3.492  holds 33472  131,220 tok/s  [fid:3=+0.985 fid:4=+0.297 fid:5=+0.006 b0=+0.003 b1=+0.003 b2=+0.004 b3=+0.006]
step 12850  ce 3.484  loss 3.485  holds 33504  131,174 tok/s  [fid:3=+0.986 fid:4=+0.300 fid:5=+0.006 b0=+0.003 b1=+0.002 b2=+0.002 b3=+0.006]
step 12900  ce 3.512  loss 3.514  holds 33504  131,299 tok/s  [fid:3=+0.985 fid:4=+0.301 fid:5=+0.006 b0=+0.001 b1=+0.002 b2=+0.003 b3=+0.006]
step 12950  ce 3.621  loss 3.622  holds 33504  131,241 tok/s  [fid:3=+0.984 fid:4=+0.302 fid:5=+0.007 b0=+0.003 b1=+0.001 b2=+0.001 b3=+0.005]
step 13000  ce 3.227  loss 3.263  holds 33504  131,367 tok/s  [fid:3=+0.983 fid:4=+0.303 fid:5=+0.007 b0=+0.002 b1=+0.003 b2=+0.004 b3=+0.005]
step 13050  ce 3.488  loss 3.489  holds 33504  131,304 tok/s  [fid:3=+0.982 fid:4=+0.304 fid:5=+0.007 b0=+0.002 b1=+0.002 b2=+0.003 b3=+0.005]
step 13100  ce 3.307  loss 3.308  holds 33536  131,249 tok/s  [fid:3=+0.985 fid:4=+0.306 fid:5=+0.007 b0=+0.002 b1=+0.002 b2=+0.002 b3=+0.005]
step 13150  ce 3.189  loss 3.190  holds 33536  131,369 tok/s  [fid:3=+0.985 fid:4=+0.307 fid:5=+0.008 b0=+0.002 b1=+0.003 b2=+0.002 b3=+0.005]
step 13200  ce 3.501  loss 3.537  holds 33536  131,317 tok/s  [fid:3=+0.985 fid:4=+0.307 fid:5=+0.008 b0=+0.002 b1=+0.002 b2=+0.003 b3=+0.005]
step 13250  ce 3.451  loss 3.453  holds 33536  131,446 tok/s  [fid:3=+0.985 fid:4=+0.309 fid:5=+0.009 b0=+0.002 b1=+0.003 b2=+0.002 b3=+0.005]
step 13300  ce 3.472  loss 3.473  holds 33536  131,417 tok/s  [fid:3=+0.984 fid:4=+0.310 fid:5=+0.009 b0=+0.002 b1=+0.002 b2=+0.002 b3=+0.005]
step 13350  ce 3.476  loss 3.478  holds 33568  131,377 tok/s  [fid:3=+0.985 fid:4=+0.312 fid:5=+0.009 b0=+0.004 b1=+0.001 b2=+0.001 b3=+0.005]
step 13400  ce 3.586  loss 3.620  holds 33568  131,490 tok/s  [fid:3=+0.985 fid:4=+0.316 fid:5=+0.010 b0=+0.002 b1=+0.002 b2=+0.004 b3=+0.005]
step 13450  ce 3.462  loss 3.464  holds 33568  131,449 tok/s  [fid:3=+0.985 fid:4=+0.318 fid:5=+0.010 b0=+0.003 b1=+0.006 b2=+0.002 b3=+0.005]
step 13500  ce 3.294  loss 3.295  holds 33568  131,570 tok/s  [fid:3=+0.985 fid:4=+0.319 fid:5=+0.010 b0=+0.001 b1=+0.004 b2=+0.002 b3=+0.005]
step 13550  ce 3.671  loss 3.673  holds 33568  131,515 tok/s  [fid:3=+0.984 fid:4=+0.320 fid:5=+0.010 b0=+0.003 b1=+0.003 b2=+0.001 b3=+0.005]
step 13600  ce 3.665  loss 3.699  holds 33600  131,458 tok/s  [fid:3=+0.985 fid:4=+0.321 fid:5=+0.011 b0=+0.002 b1=+0.002 b2=+0.001 b3=+0.005]
step 13650  ce 3.589  loss 3.591  holds 33600  131,573 tok/s  [fid:3=+0.986 fid:4=+0.322 fid:5=+0.011 b0=+0.001 b1=+0.002 b2=+0.001 b3=+0.005]
step 13700  ce 3.503  loss 3.504  holds 33600  131,518 tok/s  [fid:3=+0.986 fid:4=+0.324 fid:5=+0.012 b0=+0.003 b1=+0.005 b2=+0.003 b3=+0.005]
step 13750  ce 3.589  loss 3.590  holds 33600  131,632 tok/s  [fid:3=+0.984 fid:4=+0.325 fid:5=+0.012 b0=+0.002 b1=+0.003 b2=+0.003 b3=+0.005]
step 13800  ce 3.394  loss 3.427  holds 33600  131,589 tok/s  [fid:3=+0.985 fid:4=+0.328 fid:5=+0.012 b0=+0.002 b1=+0.002 b2=+0.001 b3=+0.005]
step 13850  ce 3.396  loss 3.398  holds 33632  131,553 tok/s  [fid:3=+0.984 fid:4=+0.328 fid:5=+0.013 b0=+0.004 b1=+0.002 b2=+0.002 b3=+0.005]
step 13900  ce 3.542  loss 3.543  holds 33632  131,666 tok/s  [fid:3=+0.985 fid:4=+0.329 fid:5=+0.013 b0=+0.002 b1=+0.004 b2=+0.001 b3=+0.005]
step 13950  ce 3.423  loss 3.425  holds 33632  131,626 tok/s  [fid:3=+0.983 fid:4=+0.331 fid:5=+0.013 b0=+0.002 b1=+0.003 b2=+0.005 b3=+0.005]
step 14000  ce 3.386  loss 3.418  holds 33632  131,733 tok/s  [fid:3=+0.985 fid:4=+0.333 fid:5=+0.014 b0=+0.002 b1=+0.004 b2=+0.003 b3=+0.005]
    holdout(cum): {'cross': [0.058, 0.05, 19], 'same': [0.073, 0.17, 12], 'straddle': [0.064, 0.1, 10]}
step 14050  ce 3.385  loss 3.386  holds 33632  131,671 tok/s  [fid:3=+0.984 fid:4=+0.334 fid:5=+0.014 b0=+0.001 b1=+0.002 b2=+0.002 b3=+0.005]
step 14100  ce 3.259  loss 3.260  holds 33664  131,638 tok/s  [fid:3=+0.985 fid:4=+0.336 fid:5=+0.014 b0=+0.001 b1=+0.001 b2=+0.002 b3=+0.005]
step 14150  ce 3.520  loss 3.521  holds 33664  131,750 tok/s  [fid:3=+0.985 fid:4=+0.338 fid:5=+0.015 b0=+0.002 b1=+0.002 b2=+0.002 b3=+0.005]
step 14200  ce 3.500  loss 3.534  holds 33664  131,699 tok/s  [fid:3=+0.985 fid:4=+0.338 fid:5=+0.015 b0=+0.001 b1=+0.001 b2=+0.002 b3=+0.005]
step 14250  ce 3.110  loss 3.111  holds 33664  131,811 tok/s  [fid:3=+0.984 fid:4=+0.339 fid:5=+0.015 b0=+0.002 b1=+0.002 b2=+0.004 b3=+0.005]
step 14300  ce 3.429  loss 3.431  holds 33664  131,756 tok/s  [fid:3=+0.985 fid:4=+0.340 fid:5=+0.016 b0=+0.002 b1=+0.004 b2=+0.004 b3=+0.005]
step 14350  ce 3.645  loss 3.647  holds 33696  131,709 tok/s  [fid:3=+0.986 fid:4=+0.341 fid:5=+0.016 b0=+0.002 b1=+0.002 b2=+0.003 b3=+0.005]
step 14400  ce 3.585  loss 3.639  holds 33696  131,823 tok/s  [fid:3=+0.986 fid:4=+0.343 fid:5=+0.016 b0=+0.002 b1=+0.003 b2=+0.003 b3=+0.005]
step 14450  ce 3.594  loss 3.595  holds 33696  131,786 tok/s  [fid:3=+0.982 fid:4=+0.344 fid:5=+0.016 b0=+0.003 b1=+0.002 b2=+0.002 b3=+0.005]
step 14500  ce 3.349  loss 3.350  holds 33696  131,892 tok/s  [fid:3=+0.984 fid:4=+0.346 fid:5=+0.017 b0=+0.003 b1=+0.003 b2=+0.002 b3=+0.005]
step 14550  ce 3.452  loss 3.455  holds 33696  131,834 tok/s  [fid:3=+0.985 fid:4=+0.347 fid:5=+0.017 b0=+0.002 b1=+0.002 b2=+0.002 b3=+0.005]
step 14600  ce 3.548  loss 3.581  holds 33728  131,789 tok/s  [fid:3=+0.984 fid:4=+0.349 fid:5=+0.018 b0=+0.004 b1=+0.002 b2=+0.002 b3=+0.005]
step 14650  ce 3.370  loss 3.371  holds 33728  131,898 tok/s  [fid:3=+0.985 fid:4=+0.350 fid:5=+0.018 b0=+0.003 b1=+0.002 b2=+0.001 b3=+0.005]
step 14700  ce 3.364  loss 3.365  holds 33728  131,856 tok/s  [fid:3=+0.985 fid:4=+0.352 fid:5=+0.018 b0=+0.003 b1=+0.001 b2=+0.003 b3=+0.005]
step 14750  ce 3.378  loss 3.379  holds 33728  131,802 tok/s  [fid:3=+0.985 fid:4=+0.352 fid:5=+0.019 b0=+0.003 b1=+0.002 b2=+0.003 b3=+0.005]
step 14800  ce 3.428  loss 3.459  holds 33728  131,906 tok/s  [fid:3=+0.985 fid:4=+0.354 fid:5=+0.019 b0=+0.002 b1=+0.003 b2=+0.002 b3=+0.005]
step 14850  ce 3.145  loss 3.149  holds 33760  131,847 tok/s  [fid:3=+0.983 fid:4=+0.355 fid:5=+0.020 b0=+0.002 b1=+0.001 b2=+0.002 b3=+0.005]
step 14900  ce 3.168  loss 3.170  holds 33760  131,952 tok/s  [fid:3=+0.986 fid:4=+0.357 fid:5=+0.020 b0=+0.001 b1=+0.003 b2=+0.003 b3=+0.005]
step 14950  ce 3.462  loss 3.463  holds 33760  131,911 tok/s  [fid:3=+0.985 fid:4=+0.357 fid:5=+0.020 b0=+0.001 b1=+0.002 b2=+0.003 b3=+0.005]
step 15000  ce 3.633  loss 3.665  holds 33760  131,875 tok/s  [fid:3=+0.985 fid:4=+0.359 fid:5=+0.021 b0=+0.001 b1=+0.002 b2=+0.003 b3=+0.005]
step 15050  ce 3.380  loss 3.381  holds 33760  131,972 tok/s  [fid:3=+0.985 fid:4=+0.362 fid:5=+0.021 b0=+0.001 b1=+0.001 b2=+0.002 b3=+0.005]
step 15100  ce 3.326  loss 3.327  holds 33760  131,938 tok/s  [fid:3=+0.983 fid:4=+0.363 fid:5=+0.021 b0=+0.003 b1=+0.001 b2=+0.002 b3=+0.005]
step 15150  ce 3.440  loss 3.442  holds 33792  132,042 tok/s  [fid:3=+0.984 fid:4=+0.365 fid:5=+0.022 b0=+0.003 b1=+0.001 b2=+0.003 b3=+0.005]
step 15200  ce 3.517  loss 3.549  holds 33792  132,001 tok/s  [fid:3=+0.983 fid:4=+0.366 fid:5=+0.022 b0=+0.001 b1=+0.001 b2=+0.003 b3=+0.005]
step 15250  ce 3.538  loss 3.539  holds 33792  131,974 tok/s  [fid:3=+0.982 fid:4=+0.367 fid:5=+0.023 b0=+0.003 b1=+0.003 b2=+0.001 b3=+0.004]
step 15300  ce 3.551  loss 3.553  holds 33792  132,079 tok/s  [fid:3=+0.983 fid:4=+0.368 fid:5=+0.023 b0=+0.001 b1=+0.002 b2=+0.002 b3=+0.004]
step 15350  ce 3.462  loss 3.463  holds 33792  132,026 tok/s  [fid:3=+0.983 fid:4=+0.370 fid:5=+0.023 b0=+0.002 b1=+0.002 b2=+0.002 b3=+0.004]
step 15400  ce 3.024  loss 3.056  holds 33824  132,133 tok/s  [fid:3=+0.982 fid:4=+0.372 fid:5=+0.024 b0=+0.002 b1=+0.001 b2=+0.002 b3=+0.004]
step 15450  ce 3.359  loss 3.360  holds 33824  132,087 tok/s  [fid:3=+0.982 fid:4=+0.374 fid:5=+0.024 b0=+0.001 b1=+0.001 b2=+0.002 b3=+0.004]
step 15500  ce 3.271  loss 3.272  holds 33824  132,037 tok/s  [fid:3=+0.984 fid:4=+0.377 fid:5=+0.024 b0=+0.003 b1=+0.002 b2=+0.002 b3=+0.004]
step 15550  ce 3.395  loss 3.396  holds 33824  132,134 tok/s  [fid:3=+0.984 fid:4=+0.378 fid:5=+0.024 b0=+0.002 b1=+0.003 b2=+0.004 b3=+0.004]
step 15600  ce 3.406  loss 3.436  holds 33824  132,102 tok/s  [fid:3=+0.984 fid:4=+0.380 fid:5=+0.025 b0=+0.004 b1=+0.002 b2=+0.002 b3=+0.004]
step 15650  ce 3.559  loss 3.562  holds 33856  132,207 tok/s  [fid:3=+0.985 fid:4=+0.384 fid:5=+0.025 b0=+0.002 b1=+0.002 b2=+0.003 b3=+0.004]
step 15700  ce 3.383  loss 3.386  holds 33856  132,168 tok/s  [fid:3=+0.979 fid:4=+0.385 fid:5=+0.026 b0=+0.001 b1=+0.003 b2=+0.003 b3=+0.004]
step 15750  ce 3.317  loss 3.318  holds 33856  132,137 tok/s  [fid:3=+0.983 fid:4=+0.387 fid:5=+0.026 b0=+0.002 b1=+0.001 b2=+0.003 b3=+0.004]
step 15800  ce 3.224  loss 3.254  holds 33856  132,239 tok/s  [fid:3=+0.985 fid:4=+0.391 fid:5=+0.026 b0=+0.003 b1=+0.003 b2=+0.001 b3=+0.004]
step 15850  ce 3.310  loss 3.311  holds 33856  132,201 tok/s  [fid:3=+0.985 fid:4=+0.393 fid:5=+0.026 b0=+0.003 b1=+0.003 b2=+0.002 b3=+0.005]
step 15900  ce 3.513  loss 3.514  holds 33888  132,300 tok/s  [fid:3=+0.984 fid:4=+0.394 fid:5=+0.027 b0=+0.001 b1=+0.002 b2=+0.004 b3=+0.005]
step 15950  ce 3.291  loss 3.292  holds 33888  132,245 tok/s  [fid:3=+0.983 fid:4=+0.395 fid:5=+0.027 b0=+0.003 b1=+0.003 b2=+0.001 b3=+0.005]
step 16000  ce 3.508  loss 3.560  holds 33888  132,195 tok/s  [fid:3=+0.984 fid:4=+0.396 fid:5=+0.027 b0=+0.002 b1=+0.002 b2=+0.002 b3=+0.005]
    holdout(cum): {'cross': [0.06, 0.05, 22], 'same': [0.073, 0.14, 14], 'straddle': [0.062, 0.09, 11]}
step 16050  ce 3.631  loss 3.633  holds 33888  132,274 tok/s  [fid:3=+0.984 fid:4=+0.399 fid:5=+0.027 b0=+0.003 b1=+0.003 b2=+0.003 b3=+0.005]
step 16100  ce 3.412  loss 3.413  holds 33888  132,218 tok/s  [fid:3=+0.986 fid:4=+0.402 fid:5=+0.028 b0=+0.002 b1=+0.003 b2=+0.002 b3=+0.005]
step 16150  ce 3.229  loss 3.231  holds 33920  132,315 tok/s  [fid:3=+0.987 fid:4=+0.403 fid:5=+0.028 b0=+0.003 b1=+0.002 b2=+0.003 b3=+0.005]
step 16200  ce 3.376  loss 3.407  holds 33920  132,287 tok/s  [fid:3=+0.984 fid:4=+0.404 fid:5=+0.028 b0=+0.003 b1=+0.002 b2=+0.004 b3=+0.005]
step 16250  ce 3.359  loss 3.360  holds 33920  132,249 tok/s  [fid:3=+0.984 fid:4=+0.405 fid:5=+0.028 b0=+0.002 b1=+0.001 b2=+0.002 b3=+0.005]
step 16300  ce 3.525  loss 3.528  holds 33920  132,344 tok/s  [fid:3=+0.985 fid:4=+0.406 fid:5=+0.029 b0=+0.004 b1=+0.002 b2=+0.001 b3=+0.005]
step 16350  ce 3.267  loss 3.268  holds 33920  132,306 tok/s  [fid:3=+0.985 fid:4=+0.408 fid:5=+0.029 b0=+0.004 b1=+0.001 b2=+0.002 b3=+0.005]
step 16400  ce 3.039  loss 3.070  holds 33952  132,411 tok/s  [fid:3=+0.985 fid:4=+0.410 fid:5=+0.030 b0=+0.004 b1=+0.003 b2=+0.002 b3=+0.004]
step 16450  ce 3.100  loss 3.101  holds 33952  132,374 tok/s  [fid:3=+0.985 fid:4=+0.410 fid:5=+0.030 b0=+0.003 b1=+0.002 b2=+0.003 b3=+0.004]
step 16500  ce 3.172  loss 3.175  holds 33952  132,333 tok/s  [fid:3=+0.984 fid:4=+0.411 fid:5=+0.030 b0=+0.001 b1=+0.003 b2=+0.002 b3=+0.004]
step 16550  ce 3.426  loss 3.428  holds 33952  132,426 tok/s  [fid:3=+0.985 fid:4=+0.414 fid:5=+0.030 b0=+0.002 b1=+0.002 b2=+0.004 b3=+0.004]
step 16600  ce 3.253  loss 3.283  holds 33952  132,380 tok/s  [fid:3=+0.985 fid:4=+0.416 fid:5=+0.031 b0=+0.002 b1=+0.002 b2=+0.003 b3=+0.004]
step 16650  ce 3.367  loss 3.370  holds 33984  132,478 tok/s  [fid:3=+0.986 fid:4=+0.416 fid:5=+0.031 b0=+0.004 b1=+0.001 b2=+0.003 b3=+0.004]
step 16700  ce 3.371  loss 3.372  holds 33984  132,431 tok/s  [fid:3=+0.986 fid:4=+0.417 fid:5=+0.031 b0=+0.003 b1=+0.003 b2=+0.003 b3=+0.004]
step 16750  ce 3.128  loss 3.131  holds 33984  132,397 tok/s  [fid:3=+0.985 fid:4=+0.420 fid:5=+0.032 b0=+0.005 b1=+0.003 b2=+0.003 b3=+0.004]
step 16800  ce 3.254  loss 3.282  holds 33984  132,490 tok/s  [fid:3=+0.984 fid:4=+0.423 fid:5=+0.032 b0=+0.003 b1=+0.001 b2=+0.003 b3=+0.004]
step 16850  ce 3.536  loss 3.537  holds 33984  132,454 tok/s  [fid:3=+0.984 fid:4=+0.425 fid:5=+0.032 b0=+0.004 b1=+0.001 b2=+0.003 b3=+0.004]
step 16900  ce 3.071  loss 3.073  holds 34016  132,545 tok/s  [fid:3=+0.985 fid:4=+0.427 fid:5=+0.032 b0=+0.001 b1=+0.001 b2=+0.002 b3=+0.004]
step 16950  ce 3.216  loss 3.217  holds 34016  132,499 tok/s  [fid:3=+0.986 fid:4=+0.428 fid:5=+0.032 b0=+0.002 b1=+0.003 b2=+0.002 b3=+0.004]
step 17000  ce 3.215  loss 3.245  holds 34016  132,452 tok/s  [fid:3=+0.985 fid:4=+0.429 fid:5=+0.033 b0=+0.003 b1=+0.003 b2=+0.004 b3=+0.004]
step 17050  ce 3.543  loss 3.544  holds 34016  132,540 tok/s  [fid:3=+0.986 fid:4=+0.430 fid:5=+0.033 b0=+0.002 b1=+0.002 b2=+0.003 b3=+0.004]
step 17100  ce 3.440  loss 3.441  holds 34016  132,498 tok/s  [fid:3=+0.982 fid:4=+0.430 fid:5=+0.034 b0=+0.003 b1=+0.002 b2=+0.003 b3=+0.004]
step 17150  ce 3.401  loss 3.402  holds 34016  132,454 tok/s  [fid:3=+0.983 fid:4=+0.431 fid:5=+0.034 b0=+0.001 b1=+0.003 b2=+0.003 b3=+0.004]
step 17200  ce 3.385  loss 3.414  holds 34048  132,548 tok/s  [fid:3=+0.985 fid:4=+0.432 fid:5=+0.034 b0=+0.002 b1=+0.003 b2=+0.002 b3=+0.004]
step 17250  ce 3.525  loss 3.526  holds 34048  132,505 tok/s  [fid:3=+0.986 fid:4=+0.434 fid:5=+0.035 b0=+0.003 b1=+0.002 b2=+0.002 b3=+0.004]
step 17300  ce 3.466  loss 3.467  holds 34048  132,597 tok/s  [fid:3=+0.986 fid:4=+0.436 fid:5=+0.035 b0=+0.002 b1=+0.005 b2=+0.002 b3=+0.004]
step 17350  ce 3.112  loss 3.114  holds 34048  132,566 tok/s  [fid:3=+0.985 fid:4=+0.438 fid:5=+0.036 b0=+0.002 b1=+0.002 b2=+0.002 b3=+0.004]
step 17400  ce 3.274  loss 3.302  holds 34048  132,521 tok/s  [fid:3=+0.985 fid:4=+0.439 fid:5=+0.036 b0=+0.003 b1=+0.002 b2=+0.003 b3=+0.004]
step 17450  ce 3.116  loss 3.117  holds 34080  132,609 tok/s  [fid:3=+0.986 fid:4=+0.439 fid:5=+0.036 b0=+0.003 b1=+0.002 b2=+0.002 b3=+0.004]
step 17500  ce 3.062  loss 3.066  holds 34080  132,571 tok/s  [fid:3=+0.985 fid:4=+0.440 fid:5=+0.036 b0=+0.002 b1=+0.002 b2=+0.004 b3=+0.004]
step 17550  ce 3.390  loss 3.392  holds 34080  132,652 tok/s  [fid:3=+0.985 fid:4=+0.441 fid:5=+0.036 b0=+0.002 b1=+0.003 b2=+0.008 b3=+0.004]
step 17600  ce 3.462  loss 3.512  holds 34080  132,606 tok/s  [fid:3=+0.984 fid:4=+0.442 fid:5=+0.037 b0=+0.003 b1=+0.003 b2=+0.004 b3=+0.004]
step 17650  ce 3.259  loss 3.260  holds 34080  132,562 tok/s  [fid:3=+0.986 fid:4=+0.444 fid:5=+0.037 b0=+0.003 b1=+0.002 b2=+0.002 b3=+0.004]
step 17700  ce 3.540  loss 3.541  holds 34112  132,657 tok/s  [fid:3=+0.986 fid:4=+0.445 fid:5=+0.037 b0=+0.003 b1=+0.002 b2=+0.003 b3=+0.004]
step 17750  ce 2.982  loss 2.985  holds 34112  132,615 tok/s  [fid:3=+0.984 fid:4=+0.447 fid:5=+0.037 b0=+0.002 b1=+0.002 b2=+0.002 b3=+0.004]
step 17800  ce 3.255  loss 3.282  holds 34112  132,702 tok/s  [fid:3=+0.982 fid:4=+0.449 fid:5=+0.037 b0=+0.002 b1=+0.001 b2=+0.002 b3=+0.004]
step 17850  ce 3.482  loss 3.483  holds 34112  132,670 tok/s  [fid:3=+0.982 fid:4=+0.450 fid:5=+0.037 b0=+0.001 b1=+0.002 b2=+0.002 b3=+0.004]
step 17900  ce 3.428  loss 3.433  holds 34112  132,630 tok/s  [fid:3=+0.984 fid:4=+0.452 fid:5=+0.038 b0=+0.001 b1=+0.002 b2=+0.001 b3=+0.004]
step 17950  ce 3.095  loss 3.096  holds 34144  132,722 tok/s  [fid:3=+0.985 fid:4=+0.453 fid:5=+0.038 b0=+0.004 b1=+0.001 b2=+0.001 b3=+0.004]
step 18000  ce 3.186  loss 3.214  holds 34144  132,685 tok/s  [fid:3=+0.984 fid:4=+0.456 fid:5=+0.038 b0=+0.005 b1=+0.002 b2=+0.004 b3=+0.004]
    holdout(cum): {'cross': [0.06, 0.04, 25], 'same': [0.073, 0.14, 14], 'straddle': [0.064, 0.08, 12]}
step 18050  ce 3.123  loss 3.124  holds 34144  132,633 tok/s  [fid:3=+0.986 fid:4=+0.458 fid:5=+0.038 b0=+0.003 b1=+0.002 b2=+0.003 b3=+0.004]
step 18100  ce 3.065  loss 3.066  holds 34144  132,726 tok/s  [fid:3=+0.984 fid:4=+0.460 fid:5=+0.038 b0=+0.003 b1=+0.004 b2=+0.002 b3=+0.003]
step 18150  ce 3.457  loss 3.461  holds 34144  132,691 tok/s  [fid:3=+0.980 fid:4=+0.459 fid:5=+0.039 b0=+0.002 b1=+0.002 b2=+0.002 b3=+0.003]
step 18200  ce 3.506  loss 3.534  holds 34176  132,785 tok/s  [fid:3=+0.983 fid:4=+0.459 fid:5=+0.039 b0=+0.001 b1=+0.002 b2=+0.002 b3=+0.003]
step 18250  ce 2.962  loss 2.966  holds 34176  132,752 tok/s  [fid:3=+0.983 fid:4=+0.460 fid:5=+0.039 b0=+0.002 b1=+0.001 b2=+0.002 b3=+0.003]
step 18300  ce 3.112  loss 3.113  holds 34176  132,729 tok/s  [fid:3=+0.986 fid:4=+0.462 fid:5=+0.039 b0=+0.001 b1=+0.001 b2=+0.002 b3=+0.003]
step 18350  ce 3.253  loss 3.254  holds 34176  132,820 tok/s  [fid:3=+0.985 fid:4=+0.460 fid:5=+0.039 b0=+0.002 b1=+0.001 b2=+0.002 b3=+0.003]
step 18400  ce 3.296  loss 3.324  holds 34176  132,795 tok/s  [fid:3=+0.984 fid:4=+0.461 fid:5=+0.040 b0=+0.005 b1=+0.011 b2=+0.006 b3=+0.003]
step 18450  ce 3.242  loss 3.243  holds 34208  132,876 tok/s  [fid:3=+0.985 fid:4=+0.462 fid:5=+0.040 b0=+0.007 b1=+0.006 b2=+0.005 b3=+0.003]
step 18500  ce 3.462  loss 3.464  holds 34208  132,833 tok/s  [fid:3=+0.984 fid:4=+0.463 fid:5=+0.040 b0=+0.004 b1=+0.004 b2=+0.005 b3=+0.003]
step 18550  ce 3.333  loss 3.334  holds 34208  132,805 tok/s  [fid:3=+0.983 fid:4=+0.463 fid:5=+0.040 b0=+0.005 b1=+0.002 b2=+0.001 b3=+0.003]
step 18600  ce 3.086  loss 3.115  holds 34208  132,890 tok/s  [fid:3=+0.984 fid:4=+0.463 fid:5=+0.040 b0=+0.002 b1=+0.002 b2=+0.002 b3=+0.003]
step 18650  ce 3.302  loss 3.305  holds 34208  132,846 tok/s  [fid:3=+0.985 fid:4=+0.464 fid:5=+0.040 b0=+0.004 b1=+0.004 b2=+0.004 b3=+0.003]
step 18700  ce 3.650  loss 3.651  holds 34240  132,929 tok/s  [fid:3=+0.984 fid:4=+0.466 fid:5=+0.041 b0=+0.004 b1=+0.004 b2=+0.002 b3=+0.003]
step 18750  ce 3.150  loss 3.153  holds 34240  132,884 tok/s  [fid:3=+0.983 fid:4=+0.467 fid:5=+0.041 b0=+0.003 b1=+0.003 b2=+0.002 b3=+0.003]
step 18800  ce 3.226  loss 3.252  holds 34240  132,840 tok/s  [fid:3=+0.984 fid:4=+0.468 fid:5=+0.041 b0=+0.004 b1=+0.006 b2=+0.008 b3=+0.003]
step 18850  ce 3.295  loss 3.296  holds 34240  132,926 tok/s  [fid:3=+0.984 fid:4=+0.471 fid:5=+0.041 b0=+0.001 b1=+0.004 b2=+0.003 b3=+0.003]
step 18900  ce 3.180  loss 3.182  holds 34240  132,883 tok/s  [fid:3=+0.985 fid:4=+0.472 fid:5=+0.041 b0=+0.003 b1=+0.004 b2=+0.002 b3=+0.003]
step 18950  ce 3.154  loss 3.156  holds 34272  132,966 tok/s  [fid:3=+0.984 fid:4=+0.472 fid:5=+0.041 b0=+0.002 b1=+0.003 b2=+0.003 b3=+0.003]
step 19000  ce 3.145  loss 3.172  holds 34272  132,928 tok/s  [fid:3=+0.983 fid:4=+0.473 fid:5=+0.041 b0=+0.003 b1=+0.003 b2=+0.004 b3=+0.003]
step 19050  ce 3.203  loss 3.205  holds 34272  132,899 tok/s  [fid:3=+0.985 fid:4=+0.473 fid:5=+0.041 b0=+0.001 b1=+0.004 b2=+0.003 b3=+0.003]
step 19100  ce 3.110  loss 3.111  holds 34272  132,986 tok/s  [fid:3=+0.985 fid:4=+0.475 fid:5=+0.041 b0=+0.003 b1=+0.003 b2=+0.004 b3=+0.003]
step 19150  ce 3.427  loss 3.430  holds 34272  132,964 tok/s  [fid:3=+0.981 fid:4=+0.475 fid:5=+0.042 b0=+0.001 b1=+0.002 b2=+0.001 b3=+0.005]
step 19200  ce 3.473  loss 3.524  holds 34272  133,050 tok/s  [fid:3=+0.985 fid:4=+0.476 fid:5=+0.042 b0=+0.001 b1=+0.002 b2=+0.002 b3=+0.005]
step 19250  ce 3.238  loss 3.239  holds 34304  133,015 tok/s  [fid:3=+0.983 fid:4=+0.476 fid:5=+0.042 b0=+0.003 b1=+0.001 b2=+0.002 b3=+0.004]
step 19300  ce 3.237  loss 3.239  holds 34304  132,974 tok/s  [fid:3=+0.985 fid:4=+0.477 fid:5=+0.042 b0=+0.002 b1=+0.003 b2=+0.003 b3=+0.004]
step 19350  ce 3.244  loss 3.245  holds 34304  133,052 tok/s  [fid:3=+0.985 fid:4=+0.478 fid:5=+0.042 b0=+0.001 b1=+0.001 b2=+0.002 b3=+0.004]
step 19400  ce 3.587  loss 3.612  holds 34304  133,006 tok/s  [fid:3=+0.986 fid:4=+0.481 fid:5=+0.042 b0=+0.004 b1=+0.003 b2=+0.002 b3=+0.004]
step 19450  ce 3.499  loss 3.501  holds 34304  132,971 tok/s  [fid:3=+0.985 fid:4=+0.483 fid:5=+0.042 b0=+0.002 b1=+0.001 b2=+0.003 b3=+0.004]
step 19500  ce 3.335  loss 3.337  holds 34336  133,051 tok/s  [fid:3=+0.985 fid:4=+0.485 fid:5=+0.042 b0=+0.001 b1=+0.002 b2=+0.003 b3=+0.004]
step 19550  ce 3.263  loss 3.265  holds 34336  132,998 tok/s  [fid:3=+0.985 fid:4=+0.486 fid:5=+0.042 b0=+0.002 b1=+0.002 b2=+0.002 b3=+0.004]
step 19600  ce 2.579  loss 2.604  holds 34336  133,069 tok/s  [fid:3=+0.986 fid:4=+0.489 fid:5=+0.042 b0=+0.003 b1=+0.002 b2=+0.004 b3=+0.004]
step 19650  ce 3.108  loss 3.109  holds 34336  133,035 tok/s  [fid:3=+0.984 fid:4=+0.491 fid:5=+0.042 b0=+0.004 b1=+0.002 b2=+0.002 b3=+0.004]
step 19700  ce 3.247  loss 3.248  holds 34336  132,992 tok/s  [fid:3=+0.985 fid:4=+0.493 fid:5=+0.042 b0=+0.002 b1=+0.002 b2=+0.003 b3=+0.004]
step 19750  ce 3.349  loss 3.350  holds 34368  133,069 tok/s  [fid:3=+0.984 fid:4=+0.493 fid:5=+0.043 b0=+0.004 b1=+0.003 b2=+0.003 b3=+0.004]
step 19800  ce 3.108  loss 3.134  holds 34368  133,026 tok/s  [fid:3=+0.984 fid:4=+0.495 fid:5=+0.043 b0=+0.004 b1=+0.004 b2=+0.004 b3=+0.004]
step 19850  ce 3.003  loss 3.004  holds 34368  133,106 tok/s  [fid:3=+0.985 fid:4=+0.498 fid:5=+0.043 b0=+0.003 b1=+0.002 b2=+0.004 b3=+0.004]
step 19900  ce 3.069  loss 3.071  holds 34368  133,076 tok/s  [fid:3=+0.986 fid:4=+0.501 fid:5=+0.043 b0=+0.005 b1=+0.002 b2=+0.002 b3=+0.004]
step 19950  ce 3.266  loss 3.267  holds 34368  133,035 tok/s  [fid:3=+0.984 fid:4=+0.501 fid:5=+0.043 b0=+0.003 b1=+0.004 b2=+0.002 b3=+0.004]
step 20000  ce 3.278  loss 3.303  holds 34400  133,111 tok/s  [fid:3=+0.985 fid:4=+0.503 fid:5=+0.043 b0=+0.002 b1=+0.003 b2=+0.004 b3=+0.004]
    holdout(cum): {'cross': [0.062, 0.03, 29], 'same': [0.074, 0.13, 15], 'straddle': [0.065, 0.07, 14]}
step 20050  ce 3.342  loss 3.344  holds 34400  133,056 tok/s  [fid:3=+0.986 fid:4=+0.505 fid:5=+0.043 b0=+0.001 b1=+0.002 b2=+0.003 b3=+0.004]
step 20100  ce 3.393  loss 3.395  holds 34400  133,137 tok/s  [fid:3=+0.985 fid:4=+0.506 fid:5=+0.043 b0=+0.002 b1=+0.001 b2=+0.002 b3=+0.004]
step 20150  ce 3.198  loss 3.199  holds 34400  133,092 tok/s  [fid:3=+0.985 fid:4=+0.508 fid:5=+0.043 b0=+0.002 b1=+0.001 b2=+0.005 b3=+0.004]
step 20200  ce 3.254  loss 3.278  holds 34400  133,061 tok/s  [fid:3=+0.985 fid:4=+0.511 fid:5=+0.044 b0=+0.002 b1=+0.003 b2=+0.005 b3=+0.004]
step 20250  ce 3.251  loss 3.252  holds 34432  133,132 tok/s  [fid:3=+0.984 fid:4=+0.513 fid:5=+0.044 b0=+0.005 b1=+0.004 b2=+0.003 b3=+0.004]
step 20300  ce 3.163  loss 3.164  holds 34432  133,100 tok/s  [fid:3=+0.985 fid:4=+0.515 fid:5=+0.044 b0=+0.002 b1=+0.002 b2=+0.002 b3=+0.004]
step 20350  ce 3.216  loss 3.218  holds 34432  133,080 tok/s  [fid:3=+0.984 fid:4=+0.516 fid:5=+0.044 b0=+0.004 b1=+0.002 b2=+0.002 b3=+0.004]
step 20400  ce 3.070  loss 3.093  holds 34432  133,155 tok/s  [fid:3=+0.985 fid:4=+0.517 fid:5=+0.044 b0=+0.002 b1=+0.002 b2=+0.002 b3=+0.004]
step 20450  ce 3.108  loss 3.109  holds 34432  133,116 tok/s  [fid:3=+0.985 fid:4=+0.518 fid:5=+0.044 b0=+0.002 b1=+0.003 b2=+0.003 b3=+0.004]
step 20500  ce 3.184  loss 3.186  holds 34464  133,192 tok/s  [fid:3=+0.985 fid:4=+0.519 fid:5=+0.044 b0=+0.002 b1=+0.002 b2=+0.004 b3=+0.004]
step 20550  ce 3.227  loss 3.229  holds 34464  133,150 tok/s  [fid:3=+0.986 fid:4=+0.520 fid:5=+0.044 b0=+0.003 b1=+0.001 b2=+0.002 b3=+0.004]
step 20600  ce 3.388  loss 3.413  holds 34464  133,112 tok/s  [fid:3=+0.985 fid:4=+0.520 fid:5=+0.044 b0=+0.002 b1=+0.006 b2=+0.003 b3=+0.004]
step 20650  ce 3.163  loss 3.166  holds 34464  133,187 tok/s  [fid:3=+0.978 fid:4=+0.522 fid:5=+0.045 b0=+0.002 b1=+0.003 b2=+0.002 b3=+0.004]
step 20700  ce 3.461  loss 3.462  holds 34464  133,160 tok/s  [fid:3=+0.981 fid:4=+0.522 fid:5=+0.045 b0=+0.003 b1=+0.005 b2=+0.001 b3=+0.004]
step 20750  ce 3.124  loss 3.125  holds 34496  133,235 tok/s  [fid:3=+0.984 fid:4=+0.523 fid:5=+0.045 b0=+0.002 b1=+0.004 b2=+0.006 b3=+0.004]
step 20800  ce 3.428  loss 3.476  holds 34496  133,204 tok/s  [fid:3=+0.985 fid:4=+0.524 fid:5=+0.045 b0=+0.003 b1=+0.002 b2=+0.002 b3=+0.004]
step 20850  ce 2.683  loss 2.684  holds 34496  133,169 tok/s  [fid:3=+0.986 fid:4=+0.527 fid:5=+0.045 b0=+0.001 b1=+0.002 b2=+0.002 b3=+0.004]
step 20900  ce 3.426  loss 3.427  holds 34496  133,241 tok/s  [fid:3=+0.985 fid:4=+0.527 fid:5=+0.045 b0=+0.002 b1=+0.002 b2=+0.004 b3=+0.004]
step 20950  ce 2.961  loss 2.962  holds 34496  133,208 tok/s  [fid:3=+0.986 fid:4=+0.528 fid:5=+0.045 b0=+0.004 b1=+0.002 b2=+0.004 b3=+0.004]
step 21000  ce 2.953  loss 2.977  holds 34528  133,284 tok/s  [fid:3=+0.985 fid:4=+0.529 fid:5=+0.046 b0=+0.002 b1=+0.002 b2=+0.002 b3=+0.003]
step 21050  ce 3.256  loss 3.257  holds 34528  133,237 tok/s  [fid:3=+0.985 fid:4=+0.530 fid:5=+0.046 b0=+0.002 b1=+0.001 b2=+0.002 b3=+0.003]
step 21100  ce 3.405  loss 3.406  holds 34528  133,197 tok/s  [fid:3=+0.986 fid:4=+0.531 fid:5=+0.046 b0=+0.002 b1=+0.002 b2=+0.001 b3=+0.003]
step 21150  ce 3.255  loss 3.256  holds 34528  133,271 tok/s  [fid:3=+0.986 fid:4=+0.532 fid:5=+0.046 b0=+0.001 b1=+0.002 b2=+0.004 b3=+0.003]
step 21200  ce 3.261  loss 3.285  holds 34528  133,239 tok/s  [fid:3=+0.984 fid:4=+0.533 fid:5=+0.046 b0=+0.002 b1=+0.003 b2=+0.004 b3=+0.003]
step 21250  ce 3.383  loss 3.384  holds 34560  133,312 tok/s  [fid:3=+0.983 fid:4=+0.535 fid:5=+0.046 b0=+0.004 b1=+0.005 b2=+0.005 b3=+0.003]
step 21300  ce 3.223  loss 3.227  holds 34560  133,286 tok/s  [fid:3=+0.984 fid:4=+0.537 fid:5=+0.046 b0=+0.003 b1=+0.002 b2=+0.002 b3=+0.003]
step 21350  ce 3.325  loss 3.326  holds 34560  133,256 tok/s  [fid:3=+0.985 fid:4=+0.538 fid:5=+0.046 b0=+0.002 b1=+0.002 b2=+0.001 b3=+0.004]
step 21400  ce 3.189  loss 3.213  holds 34560  133,328 tok/s  [fid:3=+0.985 fid:4=+0.539 fid:5=+0.046 b0=+0.002 b1=+0.003 b2=+0.002 b3=+0.004]
step 21450  ce 3.009  loss 3.011  holds 34560  133,298 tok/s  [fid:3=+0.983 fid:4=+0.539 fid:5=+0.047 b0=+0.002 b1=+0.003 b2=+0.003 b3=+0.003]
step 21500  ce 3.253  loss 3.256  holds 34560  133,368 tok/s  [fid:3=+0.984 fid:4=+0.541 fid:5=+0.047 b0=+0.003 b1=+0.002 b2=+0.004 b3=+0.003]
step 21550  ce 2.957  loss 2.958  holds 34592  133,323 tok/s  [fid:3=+0.982 fid:4=+0.541 fid:5=+0.047 b0=+0.002 b1=+0.002 b2=+0.004 b3=+0.003]
step 21600  ce 3.039  loss 3.063  holds 34592  133,284 tok/s  [fid:3=+0.982 fid:4=+0.541 fid:5=+0.047 b0=+0.002 b1=+0.001 b2=+0.002 b3=+0.003]
step 21650  ce 3.222  loss 3.223  holds 34592  133,355 tok/s  [fid:3=+0.984 fid:4=+0.542 fid:5=+0.047 b0=+0.001 b1=+0.002 b2=+0.003 b3=+0.003]
step 21700  ce 3.259  loss 3.261  holds 34592  133,314 tok/s  [fid:3=+0.985 fid:4=+0.542 fid:5=+0.047 b0=+0.001 b1=+0.002 b2=+0.003 b3=+0.003]
step 21750  ce 3.208  loss 3.211  holds 34592  133,386 tok/s  [fid:3=+0.985 fid:4=+0.544 fid:5=+0.047 b0=+0.002 b1=+0.001 b2=+0.003 b3=+0.003]
step 21800  ce 3.017  loss 3.039  holds 34624  133,359 tok/s  [fid:3=+0.985 fid:4=+0.544 fid:5=+0.047 b0=+0.001 b1=+0.002 b2=+0.002 b3=+0.003]
step 21850  ce 3.270  loss 3.271  holds 34624  133,320 tok/s  [fid:3=+0.985 fid:4=+0.545 fid:5=+0.047 b0=+0.003 b1=+0.001 b2=+0.004 b3=+0.003]
step 21900  ce 3.181  loss 3.183  holds 34624  133,389 tok/s  [fid:3=+0.986 fid:4=+0.546 fid:5=+0.047 b0=+0.002 b1=+0.002 b2=+0.002 b3=+0.003]
step 21950  ce 3.295  loss 3.298  holds 34624  133,350 tok/s  [fid:3=+0.985 fid:4=+0.547 fid:5=+0.047 b0=+0.002 b1=+0.003 b2=+0.003 b3=+0.003]
step 22000  ce 3.222  loss 3.246  holds 34624  133,419 tok/s  [fid:3=+0.985 fid:4=+0.549 fid:5=+0.047 b0=+0.003 b1=+0.004 b2=+0.002 b3=+0.003]
    holdout(cum): {'cross': [0.065, 0.03, 32], 'same': [0.076, 0.12, 16], 'straddle': [0.067, 0.06, 17]}
step 22050  ce 3.044  loss 3.045  holds 34656  133,389 tok/s  [fid:3=+0.985 fid:4=+0.549 fid:5=+0.047 b0=+0.002 b1=+0.002 b2=+0.002 b3=+0.003]
step 22100  ce 3.368  loss 3.369  holds 34656  133,346 tok/s  [fid:3=+0.983 fid:4=+0.549 fid:5=+0.047 b0=+0.003 b1=+0.002 b2=+0.003 b3=+0.003]
step 22150  ce 3.022  loss 3.025  holds 34656  133,417 tok/s  [fid:3=+0.984 fid:4=+0.550 fid:5=+0.047 b0=+0.003 b1=+0.002 b2=+0.003 b3=+0.003]
step 22200  ce 2.795  loss 2.818  holds 34656  133,378 tok/s  [fid:3=+0.985 fid:4=+0.551 fid:5=+0.047 b0=+0.004 b1=+0.004 b2=+0.002 b3=+0.003]
step 22250  ce 3.027  loss 3.029  holds 34656  133,448 tok/s  [fid:3=+0.985 fid:4=+0.552 fid:5=+0.047 b0=+0.002 b1=+0.003 b2=+0.003 b3=+0.003]
step 22300  ce 3.294  loss 3.295  holds 34688  133,416 tok/s  [fid:3=+0.985 fid:4=+0.552 fid:5=+0.047 b0=+0.002 b1=+0.003 b2=+0.002 b3=+0.003]
step 22350  ce 2.880  loss 2.881  holds 34688  133,379 tok/s  [fid:3=+0.985 fid:4=+0.552 fid:5=+0.048 b0=+0.001 b1=+0.002 b2=+0.001 b3=+0.003]
step 22400  ce 3.244  loss 3.291  holds 34688  133,447 tok/s  [fid:3=+0.985 fid:4=+0.554 fid:5=+0.048 b0=+0.002 b1=+0.002 b2=+0.002 b3=+0.003]
step 22450  ce 3.258  loss 3.259  holds 34688  133,415 tok/s  [fid:3=+0.986 fid:4=+0.555 fid:5=+0.048 b0=+0.002 b1=+0.004 b2=+0.002 b3=+0.004]
step 22500  ce 3.274  loss 3.276  holds 34688  133,391 tok/s  [fid:3=+0.986 fid:4=+0.558 fid:5=+0.048 b0=+0.005 b1=+0.002 b2=+0.002 b3=+0.004]
step 22550  ce 2.999  loss 3.001  holds 34720  133,457 tok/s  [fid:3=+0.985 fid:4=+0.558 fid:5=+0.048 b0=+0.003 b1=+0.002 b2=+0.003 b3=+0.004]
step 22600  ce 3.114  loss 3.135  holds 34720  133,419 tok/s  [fid:3=+0.982 fid:4=+0.558 fid:5=+0.048 b0=+0.002 b1=+0.002 b2=+0.002 b3=+0.004]
step 22650  ce 3.185  loss 3.186  holds 34720  133,487 tok/s  [fid:3=+0.984 fid:4=+0.560 fid:5=+0.048 b0=+0.004 b1=+0.005 b2=+0.004 b3=+0.004]
step 22700  ce 3.163  loss 3.164  holds 34720  133,449 tok/s  [fid:3=+0.984 fid:4=+0.560 fid:5=+0.048 b0=+0.002 b1=+0.002 b2=+0.003 b3=+0.004]
step 22750  ce 3.174  loss 3.176  holds 34720  133,410 tok/s  [fid:3=+0.985 fid:4=+0.562 fid:5=+0.048 b0=+0.001 b1=+0.002 b2=+0.001 b3=+0.004]
step 22800  ce 3.225  loss 3.247  holds 34752  133,478 tok/s  [fid:3=+0.985 fid:4=+0.563 fid:5=+0.048 b0=+0.002 b1=+0.004 b2=+0.004 b3=+0.004]
step 22850  ce 3.545  loss 3.546  holds 34752  133,454 tok/s  [fid:3=+0.985 fid:4=+0.564 fid:5=+0.048 b0=+0.005 b1=+0.005 b2=+0.005 b3=+0.004]
step 22900  ce 3.426  loss 3.428  holds 34752  133,521 tok/s  [fid:3=+0.986 fid:4=+0.565 fid:5=+0.048 b0=+0.006 b1=+0.002 b2=+0.002 b3=+0.004]
step 22950  ce 3.357  loss 3.359  holds 34752  133,489 tok/s  [fid:3=+0.985 fid:4=+0.566 fid:5=+0.048 b0=+0.001 b1=+0.002 b2=+0.002 b3=+0.004]
step 23000  ce 3.072  loss 3.093  holds 34752  133,454 tok/s  [fid:3=+0.985 fid:4=+0.567 fid:5=+0.048 b0=+0.001 b1=+0.002 b2=+0.002 b3=+0.004]
step 23050  ce 3.142  loss 3.144  holds 34784  133,518 tok/s  [fid:3=+0.985 fid:4=+0.568 fid:5=+0.048 b0=+0.001 b1=+0.002 b2=+0.002 b3=+0.004]
step 23100  ce 3.149  loss 3.151  holds 34784  133,503 tok/s  [fid:3=+0.984 fid:4=+0.570 fid:5=+0.048 b0=+0.002 b1=+0.001 b2=+0.002 b3=+0.004]
step 23150  ce 3.260  loss 3.261  holds 34784  133,570 tok/s  [fid:3=+0.985 fid:4=+0.570 fid:5=+0.048 b0=+0.003 b1=+0.003 b2=+0.008 b3=+0.004]
step 23200  ce 3.251  loss 3.272  holds 34784  133,533 tok/s  [fid:3=+0.985 fid:4=+0.572 fid:5=+0.048 b0=+0.001 b1=+0.002 b2=+0.003 b3=+0.004]
step 23250  ce 3.179  loss 3.183  holds 34784  133,495 tok/s  [fid:3=+0.985 fid:4=+0.573 fid:5=+0.049 b0=+0.003 b1=+0.004 b2=+0.013 b3=+0.004]
step 23300  ce 3.163  loss 3.164  holds 34816  133,561 tok/s  [fid:3=+0.983 fid:4=+0.573 fid:5=+0.049 b0=+0.002 b1=+0.003 b2=+0.004 b3=+0.004]
step 23350  ce 3.142  loss 3.143  holds 34816  133,524 tok/s  [fid:3=+0.983 fid:4=+0.573 fid:5=+0.049 b0=+0.007 b1=+0.002 b2=+0.011 b3=+0.004]
step 23400  ce 3.252  loss 3.274  holds 34816  133,590 tok/s  [fid:3=+0.983 fid:4=+0.573 fid:5=+0.049 b0=+0.002 b1=+0.003 b2=+0.003 b3=+0.004]
step 23450  ce 3.203  loss 3.204  holds 34816  133,563 tok/s  [fid:3=+0.985 fid:4=+0.574 fid:5=+0.049 b0=+0.002 b1=+0.003 b2=+0.002 b3=+0.004]
step 23500  ce 3.060  loss 3.061  holds 34816  133,532 tok/s  [fid:3=+0.985 fid:4=+0.575 fid:5=+0.049 b0=+0.003 b1=+0.002 b2=+0.004 b3=+0.004]
step 23550  ce 3.027  loss 3.029  holds 34816  133,592 tok/s  [fid:3=+0.985 fid:4=+0.576 fid:5=+0.049 b0=+0.003 b1=+0.002 b2=+0.003 b3=+0.004]
step 23600  ce 3.275  loss 3.296  holds 34848  133,560 tok/s  [fid:3=+0.986 fid:4=+0.579 fid:5=+0.049 b0=+0.002 b1=+0.001 b2=+0.002 b3=+0.004]
step 23650  ce 3.152  loss 3.154  holds 34848  133,543 tok/s  [fid:3=+0.986 fid:4=+0.581 fid:5=+0.049 b0=+0.002 b1=+0.001 b2=+0.003 b3=+0.004]
step 23700  ce 3.244  loss 3.245  holds 34848  133,607 tok/s  [fid:3=+0.986 fid:4=+0.581 fid:5=+0.049 b0=+0.004 b1=+0.002 b2=+0.005 b3=+0.003]
step 23750  ce 3.000  loss 3.001  holds 34848  133,571 tok/s  [fid:3=+0.985 fid:4=+0.582 fid:5=+0.049 b0=+0.003 b1=+0.003 b2=+0.005 b3=+0.003]
step 23800  ce 3.184  loss 3.206  holds 34848  133,636 tok/s  [fid:3=+0.980 fid:4=+0.582 fid:5=+0.049 b0=+0.002 b1=+0.003 b2=+0.001 b3=+0.003]
step 23850  ce 2.905  loss 2.909  holds 34880  133,599 tok/s  [fid:3=+0.983 fid:4=+0.583 fid:5=+0.049 b0=+0.003 b1=+0.004 b2=+0.002 b3=+0.003]
step 23900  ce 2.893  loss 2.896  holds 34880  133,570 tok/s  [fid:3=+0.984 fid:4=+0.583 fid:5=+0.049 b0=+0.002 b1=+0.002 b2=+0.002 b3=+0.003]
step 23950  ce 3.115  loss 3.116  holds 34880  133,633 tok/s  [fid:3=+0.986 fid:4=+0.584 fid:5=+0.049 b0=+0.001 b1=+0.003 b2=+0.001 b3=+0.003]
step 24000  ce 3.250  loss 3.297  holds 34880  133,605 tok/s  [fid:3=+0.985 fid:4=+0.584 fid:5=+0.049 b0=+0.003 b1=+0.001 b2=+0.002 b3=+0.003]
    holdout(cum): {'cross': [0.066, 0.03, 34], 'same': [0.078, 0.17, 18], 'straddle': [0.065, 0.06, 18]}
step 24050  ce 3.156  loss 3.157  holds 34880  133,654 tok/s  [fid:3=+0.985 fid:4=+0.583 fid:5=+0.049 b0=+0.003 b1=+0.001 b2=+0.002 b3=+0.003]
step 24100  ce 3.180  loss 3.181  holds 34912  133,629 tok/s  [fid:3=+0.985 fid:4=+0.584 fid:5=+0.049 b0=+0.002 b1=+0.001 b2=+0.005 b3=+0.003]
step 24150  ce 3.114  loss 3.116  holds 34912  133,607 tok/s  [fid:3=+0.985 fid:4=+0.585 fid:5=+0.049 b0=+0.004 b1=+0.002 b2=+0.002 b3=+0.003]
step 24200  ce 2.825  loss 2.846  holds 34912  133,669 tok/s  [fid:3=+0.985 fid:4=+0.585 fid:5=+0.049 b0=+0.003 b1=+0.002 b2=+0.003 b3=+0.003]
step 24250  ce 3.122  loss 3.123  holds 34912  133,649 tok/s  [fid:3=+0.985 fid:4=+0.586 fid:5=+0.049 b0=+0.003 b1=+0.001 b2=+0.004 b3=+0.003]
step 24300  ce 3.022  loss 3.025  holds 34912  133,712 tok/s  [fid:3=+0.985 fid:4=+0.587 fid:5=+0.049 b0=+0.002 b1=+0.001 b2=+0.001 b3=+0.003]
step 24350  ce 3.437  loss 3.439  holds 34944  133,678 tok/s  [fid:3=+0.985 fid:4=+0.588 fid:5=+0.050 b0=+0.004 b1=+0.002 b2=+0.003 b3=+0.003]
step 24400  ce 3.192  loss 3.214  holds 34944  133,643 tok/s  [fid:3=+0.985 fid:4=+0.588 fid:5=+0.050 b0=+0.005 b1=+0.002 b2=+0.004 b3=+0.003]
step 24450  ce 3.233  loss 3.234  holds 34944  133,707 tok/s  [fid:3=+0.985 fid:4=+0.589 fid:5=+0.050 b0=+0.003 b1=+0.003 b2=+0.005 b3=+0.003]
step 24500  ce 3.173  loss 3.175  holds 34944  133,681 tok/s  [fid:3=+0.981 fid:4=+0.590 fid:5=+0.050 b0=+0.002 b1=+0.002 b2=+0.002 b3=+0.003]
step 24550  ce 3.110  loss 3.111  holds 34944  133,741 tok/s  [fid:3=+0.984 fid:4=+0.593 fid:5=+0.050 b0=+0.003 b1=+0.002 b2=+0.002 b3=+0.003]
step 24600  ce 3.052  loss 3.072  holds 34976  133,710 tok/s  [fid:3=+0.985 fid:4=+0.594 fid:5=+0.050 b0=+0.002 b1=+0.002 b2=+0.001 b3=+0.003]
step 24650  ce 3.069  loss 3.070  holds 34976  133,685 tok/s  [fid:3=+0.985 fid:4=+0.595 fid:5=+0.050 b0=+0.002 b1=+0.003 b2=+0.002 b3=+0.003]
step 24700  ce 3.147  loss 3.151  holds 34976  133,748 tok/s  [fid:3=+0.985 fid:4=+0.596 fid:5=+0.050 b0=+0.001 b1=+0.003 b2=+0.003 b3=+0.003]
step 24750  ce 2.957  loss 2.959  holds 34976  133,716 tok/s  [fid:3=+0.985 fid:4=+0.598 fid:5=+0.050 b0=+0.003 b1=+0.002 b2=+0.003 b3=+0.003]
step 24800  ce 3.318  loss 3.338  holds 34976  133,777 tok/s  [fid:3=+0.986 fid:4=+0.599 fid:5=+0.050 b0=+0.004 b1=+0.003 b2=+0.002 b3=+0.003]
step 24850  ce 3.028  loss 3.030  holds 35008  133,747 tok/s  [fid:3=+0.985 fid:4=+0.599 fid:5=+0.050 b0=+0.005 b1=+0.003 b2=+0.004 b3=+0.003]
step 24900  ce 2.911  loss 2.912  holds 35008  133,714 tok/s  [fid:3=+0.985 fid:4=+0.599 fid:5=+0.050 b0=+0.003 b1=+0.001 b2=+0.003 b3=+0.003]
step 24950  ce 3.050  loss 3.051  holds 35008  133,775 tok/s  [fid:3=+0.986 fid:4=+0.602 fid:5=+0.050 b0=+0.003 b1=+0.003 b2=+0.003 b3=+0.003]
step 25000  ce 3.077  loss 3.098  holds 35008  133,751 tok/s  [fid:3=+0.985 fid:4=+0.602 fid:5=+0.050 b0=+0.005 b1=+0.002 b2=+0.003 b3=+0.003]
step 25050  ce 3.212  loss 3.213  holds 35008  133,804 tok/s  [fid:3=+0.986 fid:4=+0.602 fid:5=+0.050 b0=+0.002 b1=+0.002 b2=+0.002 b3=+0.003]
step 25100  ce 3.068  loss 3.071  holds 35040  133,764 tok/s  [fid:3=+0.984 fid:4=+0.602 fid:5=+0.050 b0=+0.003 b1=+0.003 b2=+0.002 b3=+0.003]
step 25150  ce 3.181  loss 3.183  holds 35040  133,749 tok/s  [fid:3=+0.984 fid:4=+0.604 fid:5=+0.050 b0=+0.004 b1=+0.003 b2=+0.002 b3=+0.003]
step 25200  ce 2.914  loss 2.934  holds 35072  133,810 tok/s  [fid:3=+0.984 fid:4=+0.605 fid:5=+0.050 b0=+0.007 b1=+0.005 b2=+0.005 b3=+0.003]
step 25250  ce 3.252  loss 3.255  holds 35072  133,775 tok/s  [fid:3=+0.985 fid:4=+0.605 fid:5=+0.050 b0=+0.004 b1=+0.006 b2=+0.006 b3=+0.003]
step 25300  ce 2.972  loss 2.974  holds 35072  133,742 tok/s  [fid:3=+0.986 fid:4=+0.606 fid:5=+0.050 b0=+0.001 b1=+0.004 b2=+0.002 b3=+0.003]
step 25350  ce 3.326  loss 3.327  holds 35104  133,802 tok/s  [fid:3=+0.986 fid:4=+0.608 fid:5=+0.050 b0=+0.007 b1=+0.004 b2=+0.002 b3=+0.003]
step 25400  ce 3.272  loss 3.292  holds 35104  133,771 tok/s  [fid:3=+0.986 fid:4=+0.608 fid:5=+0.050 b0=+0.004 b1=+0.003 b2=+0.004 b3=+0.003]
step 25450  ce 2.846  loss 2.848  holds 35136  133,833 tok/s  [fid:3=+0.984 fid:4=+0.608 fid:5=+0.050 b0=+0.007 b1=+0.003 b2=+0.003 b3=+0.003]
step 25500  ce 3.237  loss 3.238  holds 35136  133,808 tok/s  [fid:3=+0.985 fid:4=+0.609 fid:5=+0.050 b0=+0.006 b1=+0.002 b2=+0.007 b3=+0.003]
step 25550  ce 3.338  loss 3.339  holds 35136  133,772 tok/s  [fid:3=+0.986 fid:4=+0.610 fid:5=+0.050 b0=+0.007 b1=+0.002 b2=+0.005 b3=+0.003]
step 25600  ce 3.217  loss 3.262  holds 35136  133,830 tok/s  [fid:3=+0.985 fid:4=+0.610 fid:5=+0.051 b0=+0.004 b1=+0.002 b2=+0.003 b3=+0.003]
step 25650  ce 2.854  loss 2.855  holds 35168  133,800 tok/s  [fid:3=+0.986 fid:4=+0.611 fid:5=+0.051 b0=+0.008 b1=+0.002 b2=+0.003 b3=+0.003]
step 25700  ce 2.907  loss 2.908  holds 35200  133,861 tok/s  [fid:3=+0.984 fid:4=+0.612 fid:5=+0.051 b0=+0.005 b1=+0.002 b2=+0.003 b3=+0.003]
step 25750  ce 2.925  loss 2.926  holds 35200  133,843 tok/s  [fid:3=+0.984 fid:4=+0.612 fid:5=+0.051 b0=+0.025 b1=+0.004 b2=+0.002 b3=+0.003]
step 25800  ce 2.954  loss 2.974  holds 35200  133,824 tok/s  [fid:3=+0.986 fid:4=+0.615 fid:5=+0.051 b0=+0.006 b1=+0.003 b2=+0.004 b3=+0.003]
step 25850  ce 3.191  loss 3.192  holds 35200  133,882 tok/s  [fid:3=+0.986 fid:4=+0.615 fid:5=+0.051 b0=+0.004 b1=+0.002 b2=+0.004 b3=+0.003]
step 25900  ce 3.151  loss 3.154  holds 35232  133,848 tok/s  [fid:3=+0.985 fid:4=+0.615 fid:5=+0.051 b0=+0.012 b1=+0.002 b2=+0.003 b3=+0.003]
step 25950  ce 3.151  loss 3.153  holds 35264  133,907 tok/s  [fid:3=+0.985 fid:4=+0.616 fid:5=+0.051 b0=+0.009 b1=+0.002 b2=+0.003 b3=+0.003]
step 26000  ce 2.961  loss 2.981  holds 35264  133,873 tok/s  [fid:3=+0.986 fid:4=+0.618 fid:5=+0.051 b0=+0.009 b1=+0.002 b2=+0.003 b3=+0.003]
    holdout(cum): {'cross': [0.065, 0.03, 38], 'same': [0.078, 0.17, 18], 'straddle': [0.065, 0.06, 18]}
step 26050  ce 3.160  loss 3.161  holds 35264  133,832 tok/s  [fid:3=+0.985 fid:4=+0.619 fid:5=+0.051 b0=+0.008 b1=+0.004 b2=+0.004 b3=+0.003]
step 26100  ce 2.912  loss 2.913  holds 35264  133,892 tok/s  [fid:3=+0.986 fid:4=+0.620 fid:5=+0.051 b0=+0.009 b1=+0.008 b2=+0.003 b3=+0.003]
step 26150  ce 3.163  loss 3.165  holds 35296  133,867 tok/s  [fid:3=+0.985 fid:4=+0.622 fid:5=+0.051 b0=+0.012 b1=+0.003 b2=+0.005 b3=+0.003]
step 26200  ce 3.202  loss 3.222  holds 35328  133,840 tok/s  [fid:3=+0.986 fid:4=+0.623 fid:5=+0.051 b0=+0.021 b1=+0.002 b2=+0.002 b3=+0.003]
step 26250  ce 3.065  loss 3.067  holds 35328  133,898 tok/s  [fid:3=+0.986 fid:4=+0.624 fid:5=+0.051 b0=+0.024 b1=+0.003 b2=+0.003 b3=+0.003]
step 26300  ce 3.232  loss 3.234  holds 35328  133,866 tok/s  [fid:3=+0.985 fid:4=+0.625 fid:5=+0.051 b0=+0.036 b1=+0.002 b2=+0.003 b3=+0.003]
step 26350  ce 3.162  loss 3.163  holds 35328  133,926 tok/s  [fid:3=+0.985 fid:4=+0.624 fid:5=+0.051 b0=+0.034 b1=+0.003 b2=+0.004 b3=+0.003]
step 26400  ce 2.909  loss 2.928  holds 35360  133,908 tok/s  [fid:3=+0.984 fid:4=+0.625 fid:5=+0.051 b0=+0.011 b1=+0.003 b2=+0.003 b3=+0.003]
step 26450  ce 3.154  loss 3.156  holds 35392  133,875 tok/s  [fid:3=+0.985 fid:4=+0.626 fid:5=+0.051 b0=+0.043 b1=+0.004 b2=+0.003 b3=+0.003]
step 26500  ce 3.036  loss 3.037  holds 35392  133,932 tok/s  [fid:3=+0.985 fid:4=+0.627 fid:5=+0.051 b0=+0.043 b1=+0.004 b2=+0.002 b3=+0.003]
step 26550  ce 3.015  loss 3.017  holds 35392  133,895 tok/s  [fid:3=+0.986 fid:4=+0.628 fid:5=+0.051 b0=+0.028 b1=+0.003 b2=+0.005 b3=+0.003]
step 26600  ce 2.748  loss 2.767  holds 35392  133,951 tok/s  [fid:3=+0.986 fid:4=+0.628 fid:5=+0.051 b0=+0.048 b1=+0.003 b2=+0.001 b3=+0.003]
step 26650  ce 2.796  loss 2.797  holds 35424  133,927 tok/s  [fid:3=+0.985 fid:4=+0.628 fid:5=+0.051 b0=+0.021 b1=+0.001 b2=+0.004 b3=+0.003]
step 26700  ce 2.941  loss 2.942  holds 35456  133,895 tok/s  [fid:3=+0.984 fid:4=+0.627 fid:5=+0.051 b0=+0.032 b1=+0.006 b2=+0.003 b3=+0.003]
step 26750  ce 3.163  loss 3.164  holds 35456  133,951 tok/s  [fid:3=+0.983 fid:4=+0.627 fid:5=+0.051 b0=+0.034 b1=+0.011 b2=+0.004 b3=+0.003]
step 26800  ce 3.185  loss 3.204  holds 35456  133,920 tok/s  [fid:3=+0.983 fid:4=+0.628 fid:5=+0.051 b0=+0.051 b1=+0.006 b2=+0.003 b3=+0.003]
step 26850  ce 3.150  loss 3.151  holds 35456  133,974 tok/s  [fid:3=+0.985 fid:4=+0.628 fid:5=+0.051 b0=+0.044 b1=+0.006 b2=+0.002 b3=+0.003]
step 26900  ce 3.294  loss 3.297  holds 35488  133,950 tok/s  [fid:3=+0.986 fid:4=+0.629 fid:5=+0.051 b0=+0.063 b1=+0.003 b2=+0.002 b3=+0.003]
step 26950  ce 2.841  loss 2.842  holds 35520  133,930 tok/s  [fid:3=+0.986 fid:4=+0.629 fid:5=+0.051 b0=+0.056 b1=+0.004 b2=+0.001 b3=+0.003]
step 27000  ce 3.030  loss 3.049  holds 35520  133,987 tok/s  [fid:3=+0.986 fid:4=+0.629 fid:5=+0.051 b0=+0.042 b1=+0.008 b2=+0.002 b3=+0.003]
step 27050  ce 2.976  loss 2.977  holds 35520  133,950 tok/s  [fid:3=+0.987 fid:4=+0.629 fid:5=+0.051 b0=+0.069 b1=+0.007 b2=+0.001 b3=+0.003]
step 27100  ce 3.124  loss 3.128  holds 35520  134,007 tok/s  [fid:3=+0.984 fid:4=+0.629 fid:5=+0.051 b0=+0.041 b1=+0.005 b2=+0.003 b3=+0.003]
step 27150  ce 2.967  loss 2.968  holds 35552  133,974 tok/s  [fid:3=+0.985 fid:4=+0.629 fid:5=+0.051 b0=+0.081 b1=+0.018 b2=+0.005 b3=+0.003]
step 27200  ce 2.898  loss 2.942  holds 35712  133,923 tok/s  [fid:3=+0.985 fid:4=+0.631 fid:5=+0.051 b0=+0.088 b1=+0.016 b2=+0.017 b3=+0.003]
step 27250  ce 3.018  loss 3.182  holds 36128  133,917 tok/s  [fid:3=+0.985 fid:4=+0.633 fid:5=+0.051 b0=+0.031 b1=+0.070 b2=+0.050 b3=+0.003]
step 27300  ce 2.940  loss 3.107  holds 36768  133,807 tok/s  [fid:3=+0.985 fid:4=+0.634 fid:5=+0.051 b0=+0.083 b1=+0.114 b2=+0.093 b3=+0.003]
step 27350  ce 2.873  loss 2.837  holds 37568  133,751 tok/s  [fid:3=+0.986 fid:4=+0.634 fid:5=+0.051 b0=+0.114 b1=+0.038 b2=+0.060 b3=+0.003]
step 27400  ce 3.094  loss 3.113  holds 38400  133,612 tok/s  [fid:3=+0.985 fid:4=+0.633 fid:5=+0.051 b0=+0.047 b1=+0.043 b2=+0.052 b3=+0.003]
step 27450  ce 3.078  loss 3.364  holds 39200  133,474 tok/s  [fid:3=+0.986 fid:4=+0.634 fid:5=+0.051 b0=+0.051 b1=+0.071 b2=+0.043 b3=+0.003]
step 27500  ce 2.783  loss 2.609  holds 40032  133,443 tok/s  [fid:3=+0.986 fid:4=+0.634 fid:5=+0.051 b0=+0.035 b1=+0.052 b2=+0.012 b3=+0.002]
step 27550  ce 3.250  loss 3.251  holds 40832  133,291 tok/s  [fid:3=+0.985 fid:4=+0.634 fid:5=+0.051 b0=+0.064 b1=+0.030 b2=+0.034 b3=+0.002]
step 27600  ce 3.321  loss 3.340  holds 41632  133,158 tok/s  [fid:3=+0.985 fid:4=+0.633 fid:5=+0.051 b0=+0.073 b1=+0.064 b2=+0.038 b3=+0.002]
step 27650  ce 2.998  loss 2.999  holds 42208  133,158 tok/s  [fid:3=+0.984 fid:4=+0.634 fid:5=+0.051 b0=+0.144 b1=+0.083 b2=+0.043 b3=+0.002]
step 27700  ce 3.006  loss 3.007  holds 42624  133,102 tok/s  [fid:3=+0.983 fid:4=+0.634 fid:5=+0.051 b0=+0.132 b1=+0.073 b2=+0.036 b3=+0.002]
step 27750  ce 3.162  loss 3.163  holds 43040  133,134 tok/s  [fid:3=+0.984 fid:4=+0.635 fid:5=+0.051 b0=+0.065 b1=+0.065 b2=+0.034 b3=+0.002]
step 27800  ce 2.885  loss 2.904  holds 43456  133,075 tok/s  [fid:3=+0.984 fid:4=+0.636 fid:5=+0.051 b0=+0.085 b1=+0.036 b2=+0.025 b3=+0.002]
step 27850  ce 2.977  loss 2.979  holds 43840  133,013 tok/s  [fid:3=+0.985 fid:4=+0.637 fid:5=+0.051 b0=+0.051 b1=+0.077 b2=+0.024 b3=+0.002]
step 27900  ce 2.906  loss 2.983  holds 44256  133,039 tok/s  [fid:3=+0.985 fid:4=+0.638 fid:5=+0.051 b0=+0.119 b1=+0.064 b2=+0.032 b3=+0.002]
step 27950  ce 2.999  loss 3.004  holds 44672  132,986 tok/s  [fid:3=+0.984 fid:4=+0.639 fid:5=+0.051 b0=+0.114 b1=+0.032 b2=+0.053 b3=+0.002]
step 28000  ce 3.226  loss 3.281  holds 45120  133,010 tok/s  [fid:3=+0.985 fid:4=+0.639 fid:5=+0.051 b0=+0.113 b1=+0.024 b2=+0.040 b3=+0.002]
    holdout(cum): {'cross': [0.063, 0.03, 39], 'same': [0.166, 0.27, 22], 'straddle': [0.065, 0.06, 18]}
step 28050  ce 3.129  loss 3.130  holds 45504  132,951 tok/s  [fid:3=+0.985 fid:4=+0.640 fid:5=+0.051 b0=+0.127 b1=+0.046 b2=+0.051 b3=+0.002]
step 28100  ce 3.124  loss 3.135  holds 45920  132,889 tok/s  [fid:3=+0.984 fid:4=+0.641 fid:5=+0.051 b0=+0.103 b1=+0.020 b2=+0.033 b3=+0.002]
step 28150  ce 3.134  loss 3.135  holds 46304  132,915 tok/s  [fid:3=+0.985 fid:4=+0.640 fid:5=+0.051 b0=+0.154 b1=+0.072 b2=+0.073 b3=+0.002]
step 28200  ce 2.978  loss 3.203  holds 46752  132,848 tok/s  [fid:3=+0.986 fid:4=+0.639 fid:5=+0.051 b0=+0.115 b1=+0.065 b2=+0.014 b3=+0.002]
step 28250  ce 3.305  loss 3.306  holds 47168  132,868 tok/s  [fid:3=+0.986 fid:4=+0.639 fid:5=+0.051 b0=+0.093 b1=+0.056 b2=+0.042 b3=+0.002]
step 28300  ce 3.224  loss 3.331  holds 47584  132,816 tok/s  [fid:3=+0.985 fid:4=+0.639 fid:5=+0.051 b0=+0.066 b1=+0.067 b2=+0.025 b3=+0.002]
step 28350  ce 3.115  loss 3.116  holds 47968  132,763 tok/s  [fid:3=+0.985 fid:4=+0.638 fid:5=+0.051 b0=+0.084 b1=+0.039 b2=+0.025 b3=+0.002]
step 28400  ce 2.864  loss 2.992  holds 48384  132,776 tok/s  [fid:3=+0.985 fid:4=+0.636 fid:5=+0.051 b0=+0.187 b1=+0.035 b2=+0.029 b3=+0.002]
step 28450  ce 3.144  loss 3.145  holds 48800  132,727 tok/s  [fid:3=+0.985 fid:4=+0.636 fid:5=+0.051 b0=+0.193 b1=+0.054 b2=+0.032 b3=+0.002]
step 28500  ce 2.993  loss 3.111  holds 49600  132,617 tok/s  [fid:3=+0.974 fid:4=+0.635 fid:5=+0.051 b0=+0.140 b1=+0.045 b2=+0.042 b3=+0.002]
step 28550  ce 2.761  loss 3.109  holds 50400  132,585 tok/s  [fid:3=+0.969 fid:4=+0.633 fid:5=+0.051 b0=+0.249 b1=+0.065 b2=+0.059 b3=+0.002]
step 28600  ce 2.928  loss 3.038  holds 50880  132,522 tok/s  [fid:3=+0.977 fid:4=+0.633 fid:5=+0.051 b0=+0.310 b1=+0.074 b2=+0.011 b3=+0.002]
step 28650  ce 3.123  loss 3.125  holds 51264  132,552 tok/s  [fid:3=+0.982 fid:4=+0.633 fid:5=+0.051 b0=+0.239 b1=+0.069 b2=+0.027 b3=+0.002]
step 28700  ce 2.921  loss 3.048  holds 51712  132,500 tok/s  [fid:3=+0.985 fid:4=+0.634 fid:5=+0.051 b0=+0.223 b1=+0.040 b2=+0.015 b3=+0.002]
step 28750  ce 3.350  loss 3.351  holds 52128  132,454 tok/s  [fid:3=+0.984 fid:4=+0.634 fid:5=+0.051 b0=+0.295 b1=+0.039 b2=+0.018 b3=+0.002]
step 28800  ce 3.039  loss 3.185  holds 52544  132,482 tok/s  [fid:3=+0.985 fid:4=+0.636 fid:5=+0.051 b0=+0.266 b1=+0.042 b2=+0.030 b3=+0.002]
step 28850  ce 2.976  loss 2.977  holds 52928  132,428 tok/s  [fid:3=+0.984 fid:4=+0.636 fid:5=+0.051 b0=+0.261 b1=+0.051 b2=+0.014 b3=+0.002]
step 28900  ce 3.073  loss 3.075  holds 53344  132,471 tok/s  [fid:3=+0.983 fid:4=+0.636 fid:5=+0.051 b0=+0.195 b1=+0.044 b2=+0.024 b3=+0.002]
step 28950  ce 3.038  loss 3.040  holds 53760  132,429 tok/s  [fid:3=+0.983 fid:4=+0.637 fid:5=+0.051 b0=+0.163 b1=+0.042 b2=+0.020 b3=+0.002]
step 29000  ce 3.170  loss 3.190  holds 54208  132,374 tok/s  [fid:3=+0.986 fid:4=+0.636 fid:5=+0.051 b0=+0.207 b1=+0.053 b2=+0.046 b3=+0.002]
step 29050  ce 3.080  loss 3.082  holds 54592  132,405 tok/s  [fid:3=+0.985 fid:4=+0.637 fid:5=+0.051 b0=+0.183 b1=+0.021 b2=+0.017 b3=+0.002]
step 29100  ce 3.180  loss 2.967  holds 55008  132,361 tok/s  [fid:3=+0.983 fid:4=+0.637 fid:5=+0.051 b0=+0.290 b1=+0.038 b2=+0.007 b3=+0.002]
step 29150  ce 2.906  loss 2.907  holds 55392  132,389 tok/s  [fid:3=+0.984 fid:4=+0.639 fid:5=+0.051 b0=+0.259 b1=+0.056 b2=+0.013 b3=+0.002]
step 29200  ce 3.091  loss 2.987  holds 55840  132,348 tok/s  [fid:3=+0.986 fid:4=+0.640 fid:5=+0.051 b0=+0.174 b1=+0.055 b2=+0.014 b3=+0.002]
step 29250  ce 3.347  loss 3.350  holds 56256  132,302 tok/s  [fid:3=+0.985 fid:4=+0.641 fid:5=+0.051 b0=+0.206 b1=+0.045 b2=+0.004 b3=+0.002]
step 29300  ce 3.213  loss 3.216  holds 56672  132,324 tok/s  [fid:3=+0.983 fid:4=+0.641 fid:5=+0.051 b0=+0.193 b1=+0.048 b2=+0.014 b3=+0.002]
step 29350  ce 3.160  loss 3.163  holds 57056  132,267 tok/s  [fid:3=+0.985 fid:4=+0.642 fid:5=+0.051 b0=+0.157 b1=+0.037 b2=+0.009 b3=+0.002]
step 29400  ce 3.023  loss 3.199  holds 57472  132,287 tok/s  [fid:3=+0.986 fid:4=+0.642 fid:5=+0.051 b0=+0.288 b1=+0.065 b2=+0.019 b3=+0.010]
step 29450  ce 3.099  loss 3.100  holds 57888  132,243 tok/s  [fid:3=+0.987 fid:4=+0.644 fid:5=+0.051 b0=+0.253 b1=+0.064 b2=+0.026 b3=+0.010]
step 29500  ce 2.926  loss 2.973  holds 58304  132,189 tok/s  [fid:3=+0.986 fid:4=+0.643 fid:5=+0.051 b0=+0.328 b1=+0.040 b2=+0.008 b3=+0.010]
step 29550  ce 2.906  loss 2.907  holds 58720  132,213 tok/s  [fid:3=+0.986 fid:4=+0.644 fid:5=+0.051 b0=+0.253 b1=+0.094 b2=+0.050 b3=+0.010]
step 29600  ce 2.981  loss 3.170  holds 59136  132,166 tok/s  [fid:3=+0.986 fid:4=+0.646 fid:5=+0.051 b0=+0.265 b1=+0.035 b2=+0.058 b3=+0.011]
step 29650  ce 2.468  loss 2.469  holds 59520  132,196 tok/s  [fid:3=+0.984 fid:4=+0.646 fid:5=+0.051 b0=+0.263 b1=+0.063 b2=+0.031 b3=+0.011]
step 29700  ce 3.023  loss 2.834  holds 59968  132,139 tok/s  [fid:3=+0.984 fid:4=+0.646 fid:5=+0.051 b0=+0.198 b1=+0.050 b2=+0.020 b3=+0.010]
step 29750  ce 2.407  loss 2.408  holds 60352  132,080 tok/s  [fid:3=+0.984 fid:4=+0.644 fid:5=+0.051 b0=+0.212 b1=+0.074 b2=+0.031 b3=+0.010]
step 29800  ce 3.104  loss 3.113  holds 60800  132,099 tok/s  [fid:3=+0.985 fid:4=+0.644 fid:5=+0.051 b0=+0.213 b1=+0.103 b2=+0.041 b3=+0.017]
step 29850  ce 3.045  loss 3.047  holds 61184  132,048 tok/s  [fid:3=+0.984 fid:4=+0.644 fid:5=+0.051 b0=+0.192 b1=+0.046 b2=+0.031 b3=+0.017]
step 29900  ce 2.931  loss 3.025  holds 61600  132,010 tok/s  [fid:3=+0.985 fid:4=+0.644 fid:5=+0.051 b0=+0.279 b1=+0.058 b2=+0.024 b3=+0.017]
step 29950  ce 3.037  loss 3.038  holds 61984  132,036 tok/s  [fid:3=+0.986 fid:4=+0.645 fid:5=+0.051 b0=+0.279 b1=+0.061 b2=+0.017 b3=+0.017]
step 30000  ce 3.054  loss 3.271  holds 62560  131,950 tok/s  [fid:3=+0.984 fid:4=+0.644 fid:5=+0.051 b0=+0.324 b1=+0.062 b2=+0.018 b3=+0.017]
    holdout(cum): {'cross': [0.069, 0.05, 41], 'same': [0.186, 0.29, 24], 'straddle': [0.077, 0.05, 20]}
step 30050  ce 2.787  loss 2.789  holds 63360  131,916 tok/s  [fid:3=+0.984 fid:4=+0.644 fid:5=+0.051 b0=+0.310 b1=+0.069 b2=+0.020 b3=+0.017]
step 30100  ce 3.067  loss 3.137  holds 64064  131,813 tok/s  [fid:3=+0.983 fid:4=+0.645 fid:5=+0.051 b0=+0.372 b1=+0.043 b2=+0.023 b3=+0.016]
step 30150  ce 3.148  loss 3.150  holds 64448  131,769 tok/s  [fid:3=+0.984 fid:4=+0.646 fid:5=+0.051 b0=+0.430 b1=+0.063 b2=+0.016 b3=+0.016]
step 30200  ce 2.981  loss 3.129  holds 64864  131,780 tok/s  [fid:3=+0.985 fid:4=+0.647 fid:5=+0.051 b0=+0.451 b1=+0.115 b2=+0.025 b3=+0.016]
step 30250  ce 3.125  loss 3.126  holds 65280  131,726 tok/s  [fid:3=+0.985 fid:4=+0.649 fid:5=+0.051 b0=+0.419 b1=+0.064 b2=+0.023 b3=+0.016]
step 30300  ce 3.164  loss 2.986  holds 65728  131,756 tok/s  [fid:3=+0.985 fid:4=+0.650 fid:5=+0.051 b0=+0.369 b1=+0.075 b2=+0.075 b3=+0.016]
step 30350  ce 3.186  loss 3.188  holds 66112  131,710 tok/s  [fid:3=+0.985 fid:4=+0.650 fid:5=+0.051 b0=+0.352 b1=+0.057 b2=+0.058 b3=+0.015]
step 30400  ce 3.133  loss 3.244  holds 66528  131,660 tok/s  [fid:3=+0.984 fid:4=+0.650 fid:5=+0.051 b0=+0.387 b1=+0.051 b2=+0.010 b3=+0.015]
step 30450  ce 3.199  loss 3.200  holds 66912  131,683 tok/s  [fid:3=+0.984 fid:4=+0.651 fid:5=+0.051 b0=+0.426 b1=+0.105 b2=+0.009 b3=+0.015]
step 30500  ce 2.933  loss 3.328  holds 67552  131,599 tok/s  [fid:3=+0.985 fid:4=+0.652 fid:5=+0.051 b0=+0.503 b1=+0.087 b2=+0.021 b3=+0.015]
step 30550  ce 3.041  loss 3.149  holds 68384  131,517 tok/s  [fid:3=+0.986 fid:4=+0.653 fid:5=+0.051 b0=+0.475 b1=+0.100 b2=+0.025 b3=+0.015]
step 30600  ce 2.998  loss 3.833  holds 68832  131,430 tok/s  [fid:3=+0.985 fid:4=+0.654 fid:5=+0.051 b0=+0.553 b1=+0.101 b2=+0.016 b3=+0.015]
step 30650  ce 3.289  loss 3.291  holds 69216  131,374 tok/s  [fid:3=+0.985 fid:4=+0.655 fid:5=+0.051 b0=+0.601 b1=+0.071 b2=+0.019 b3=+0.015]
step 30700  ce 2.804  loss 3.296  holds 69632  131,384 tok/s  [fid:3=+0.985 fid:4=+0.656 fid:5=+0.051 b0=+0.548 b1=+0.080 b2=+0.012 b3=+0.015]
step 30750  ce 3.019  loss 3.023  holds 70048  131,314 tok/s  [fid:3=+0.982 fid:4=+0.656 fid:5=+0.051 b0=+0.600 b1=+0.132 b2=+0.027 b3=+0.015]
step 30800  ce 3.020  loss 3.037  holds 70144  131,355 tok/s  [fid:3=+0.984 fid:4=+0.658 fid:5=+0.051 b0=+0.620 b1=+0.091 b2=+0.012 b3=+0.015]
step 30850  ce 3.161  loss 3.162  holds 70144  131,334 tok/s  [fid:3=+0.984 fid:4=+0.658 fid:5=+0.051 b0=+0.650 b1=+0.075 b2=+0.003 b3=+0.016]
step 30900  ce 3.100  loss 3.101  holds 70144  131,326 tok/s  [fid:3=+0.983 fid:4=+0.659 fid:5=+0.051 b0=+0.638 b1=+0.095 b2=+0.012 b3=+0.016]
step 30950  ce 3.156  loss 3.157  holds 70144  131,379 tok/s  [fid:3=+0.985 fid:4=+0.660 fid:5=+0.051 b0=+0.553 b1=+0.074 b2=+0.005 b3=+0.015]
step 31000  ce 2.705  loss 2.722  holds 70176  131,356 tok/s  [fid:3=+0.984 fid:4=+0.661 fid:5=+0.051 b0=+0.584 b1=+0.096 b2=+0.005 b3=+0.015]
step 31050  ce 3.054  loss 3.056  holds 70208  131,328 tok/s  [fid:3=+0.985 fid:4=+0.662 fid:5=+0.051 b0=+0.606 b1=+0.103 b2=+0.003 b3=+0.015]
step 31100  ce 3.018  loss 3.019  holds 70464  131,344 tok/s  [fid:3=+0.985 fid:4=+0.662 fid:5=+0.051 b0=+0.631 b1=+0.110 b2=+0.017 b3=+0.015]
step 31150  ce 2.837  loss 2.839  holds 70848  131,285 tok/s  [fid:3=+0.985 fid:4=+0.663 fid:5=+0.051 b0=+0.666 b1=+0.132 b2=+0.030 b3=+0.015]
step 31200  ce 3.018  loss 3.035  holds 71264  131,286 tok/s  [fid:3=+0.984 fid:4=+0.664 fid:5=+0.051 b0=+0.644 b1=+0.121 b2=+0.033 b3=+0.015]
step 31250  ce 3.131  loss 3.133  holds 71616  131,223 tok/s  [fid:3=+0.986 fid:4=+0.666 fid:5=+0.051 b0=+0.690 b1=+0.120 b2=+0.029 b3=+0.015]
step 31300  ce 3.010  loss 3.011  holds 71648  131,204 tok/s  [fid:3=+0.985 fid:4=+0.666 fid:5=+0.051 b0=+0.683 b1=+0.158 b2=+0.007 b3=+0.015]
step 31350  ce 3.112  loss 3.113  holds 71648  131,254 tok/s  [fid:3=+0.986 fid:4=+0.667 fid:5=+0.051 b0=+0.659 b1=+0.146 b2=+0.009 b3=+0.015]
step 31400  ce 3.035  loss 3.052  holds 71648  131,233 tok/s  [fid:3=+0.984 fid:4=+0.666 fid:5=+0.051 b0=+0.721 b1=+0.116 b2=+0.004 b3=+0.014]
step 31450  ce 3.135  loss 3.136  holds 71648  131,284 tok/s  [fid:3=+0.985 fid:4=+0.666 fid:5=+0.051 b0=+0.721 b1=+0.076 b2=+0.005 b3=+0.014]
step 31500  ce 3.244  loss 3.245  holds 71680  131,261 tok/s  [fid:3=+0.985 fid:4=+0.666 fid:5=+0.051 b0=+0.650 b1=+0.092 b2=+0.002 b3=+0.014]
step 31550  ce 2.918  loss 2.919  holds 71680  131,235 tok/s  [fid:3=+0.986 fid:4=+0.667 fid:5=+0.051 b0=+0.627 b1=+0.061 b2=+0.003 b3=+0.014]
step 31600  ce 2.911  loss 2.928  holds 71712  131,284 tok/s  [fid:3=+0.983 fid:4=+0.668 fid:5=+0.051 b0=+0.682 b1=+0.117 b2=+0.004 b3=+0.014]
step 31650  ce 3.024  loss 3.026  holds 71712  131,259 tok/s  [fid:3=+0.984 fid:4=+0.670 fid:5=+0.051 b0=+0.687 b1=+0.098 b2=+0.004 b3=+0.014]
step 31700  ce 2.954  loss 2.955  holds 71712  131,309 tok/s  [fid:3=+0.985 fid:4=+0.670 fid:5=+0.051 b0=+0.626 b1=+0.121 b2=+0.002 b3=+0.014]
step 31750  ce 3.093  loss 3.095  holds 71744  131,293 tok/s  [fid:3=+0.985 fid:4=+0.672 fid:5=+0.051 b0=+0.722 b1=+0.096 b2=+0.006 b3=+0.014]
step 31800  ce 2.758  loss 2.775  holds 71744  131,272 tok/s  [fid:3=+0.984 fid:4=+0.672 fid:5=+0.051 b0=+0.631 b1=+0.100 b2=+0.003 b3=+0.014]
step 31850  ce 2.767  loss 2.768  holds 71776  131,322 tok/s  [fid:3=+0.984 fid:4=+0.674 fid:5=+0.051 b0=+0.648 b1=+0.068 b2=+0.003 b3=+0.014]
step 31900  ce 3.302  loss 3.303  holds 71776  131,296 tok/s  [fid:3=+0.985 fid:4=+0.673 fid:5=+0.050 b0=+0.724 b1=+0.098 b2=+0.003 b3=+0.014]
step 31950  ce 2.960  loss 2.962  holds 71776  131,346 tok/s  [fid:3=+0.984 fid:4=+0.674 fid:5=+0.050 b0=+0.643 b1=+0.063 b2=+0.003 b3=+0.014]
step 32000  ce 2.801  loss 2.843  holds 71776  131,325 tok/s  [fid:3=+0.985 fid:4=+0.675 fid:5=+0.050 b0=+0.667 b1=+0.036 b2=+0.001 b3=+0.014]
    holdout(cum): {'cross': [0.068, 0.05, 42], 'same': [0.26, 0.37, 27], 'straddle': [0.087, 0.09, 23]}
step 32050  ce 2.587  loss 2.589  holds 71808  131,289 tok/s  [fid:3=+0.985 fid:4=+0.675 fid:5=+0.050 b0=+0.600 b1=+0.098 b2=+0.003 b3=+0.014]
step 32100  ce 2.911  loss 2.912  holds 71840  131,339 tok/s  [fid:3=+0.986 fid:4=+0.676 fid:5=+0.050 b0=+0.663 b1=+0.106 b2=+0.003 b3=+0.014]
step 32150  ce 3.033  loss 3.035  holds 71840  131,317 tok/s  [fid:3=+0.986 fid:4=+0.676 fid:5=+0.050 b0=+0.714 b1=+0.116 b2=+0.004 b3=+0.014]
step 32200  ce 3.088  loss 3.104  holds 71840  131,366 tok/s  [fid:3=+0.986 fid:4=+0.678 fid:5=+0.050 b0=+0.661 b1=+0.050 b2=+0.002 b3=+0.014]
step 32250  ce 3.128  loss 3.130  holds 71840  131,340 tok/s  [fid:3=+0.984 fid:4=+0.680 fid:5=+0.050 b0=+0.691 b1=+0.082 b2=+0.002 b3=+0.014]
step 32300  ce 2.943  loss 2.944  holds 71872  131,317 tok/s  [fid:3=+0.985 fid:4=+0.681 fid:5=+0.050 b0=+0.657 b1=+0.064 b2=+0.002 b3=+0.014]
step 32350  ce 2.865  loss 2.866  holds 71904  131,366 tok/s  [fid:3=+0.985 fid:4=+0.682 fid:5=+0.050 b0=+0.673 b1=+0.062 b2=+0.002 b3=+0.014]
step 32400  ce 2.708  loss 2.725  holds 71904  131,345 tok/s  [fid:3=+0.984 fid:4=+0.681 fid:5=+0.050 b0=+0.629 b1=+0.110 b2=+0.001 b3=+0.014]
step 32450  ce 3.130  loss 3.131  holds 71904  131,329 tok/s  [fid:3=+0.986 fid:4=+0.682 fid:5=+0.050 b0=+0.607 b1=+0.098 b2=+0.004 b3=+0.013]
step 32500  ce 3.122  loss 3.123  holds 71904  131,379 tok/s  [fid:3=+0.985 fid:4=+0.682 fid:5=+0.050 b0=+0.687 b1=+0.079 b2=+0.003 b3=+0.013]
step 32550  ce 3.084  loss 3.087  holds 71936  131,360 tok/s  [fid:3=+0.981 fid:4=+0.681 fid:5=+0.050 b0=+0.654 b1=+0.093 b2=+0.002 b3=+0.013]
step 32600  ce 3.075  loss 3.091  holds 71968  131,409 tok/s  [fid:3=+0.982 fid:4=+0.680 fid:5=+0.051 b0=+0.619 b1=+0.071 b2=+0.002 b3=+0.012]
step 32650  ce 2.765  loss 2.768  holds 71968  131,388 tok/s  [fid:3=+0.984 fid:4=+0.681 fid:5=+0.051 b0=+0.676 b1=+0.079 b2=+0.003 b3=+0.012]
step 32700  ce 3.256  loss 3.257  holds 71968  131,365 tok/s  [fid:3=+0.985 fid:4=+0.681 fid:5=+0.051 b0=+0.638 b1=+0.060 b2=+0.006 b3=+0.012]
step 32750  ce 3.082  loss 3.083  holds 71968  131,414 tok/s  [fid:3=+0.983 fid:4=+0.681 fid:5=+0.051 b0=+0.654 b1=+0.091 b2=+0.002 b3=+0.012]
step 32800  ce 3.067  loss 3.084  holds 72000  131,391 tok/s  [fid:3=+0.985 fid:4=+0.682 fid:5=+0.051 b0=+0.669 b1=+0.102 b2=+0.005 b3=+0.012]
step 32850  ce 2.939  loss 2.940  holds 72032  131,440 tok/s  [fid:3=+0.985 fid:4=+0.683 fid:5=+0.051 b0=+0.637 b1=+0.085 b2=+0.003 b3=+0.012]
step 32900  ce 3.206  loss 3.207  holds 72032  131,424 tok/s  [fid:3=+0.986 fid:4=+0.683 fid:5=+0.051 b0=+0.626 b1=+0.056 b2=+0.003 b3=+0.012]
step 32950  ce 3.124  loss 3.125  holds 72032  131,406 tok/s  [fid:3=+0.986 fid:4=+0.685 fid:5=+0.051 b0=+0.648 b1=+0.110 b2=+0.002 b3=+0.012]
step 33000  ce 2.691  loss 2.707  holds 72032  131,454 tok/s  [fid:3=+0.986 fid:4=+0.686 fid:5=+0.051 b0=+0.572 b1=+0.122 b2=+0.002 b3=+0.012]
step 33050  ce 3.138  loss 3.139  holds 72064  131,418 tok/s  [fid:3=+0.986 fid:4=+0.686 fid:5=+0.050 b0=+0.659 b1=+0.114 b2=+0.003 b3=+0.012]
step 33100  ce 2.955  loss 2.957  holds 72096  131,398 tok/s  [fid:3=+0.984 fid:4=+0.686 fid:5=+0.050 b0=+0.672 b1=+0.077 b2=+0.001 b3=+0.012]
step 33150  ce 3.039  loss 3.041  holds 72096  131,444 tok/s  [fid:3=+0.984 fid:4=+0.687 fid:5=+0.050 b0=+0.674 b1=+0.046 b2=+0.004 b3=+0.012]
step 33200  ce 2.838  loss 2.855  holds 72096  131,419 tok/s  [fid:3=+0.986 fid:4=+0.687 fid:5=+0.050 b0=+0.605 b1=+0.084 b2=+0.003 b3=+0.012]
step 33250  ce 2.954  loss 2.955  holds 72096  131,467 tok/s  [fid:3=+0.986 fid:4=+0.688 fid:5=+0.050 b0=+0.579 b1=+0.087 b2=+0.005 b3=+0.012]
step 33300  ce 2.856  loss 2.858  holds 72128  131,445 tok/s  [fid:3=+0.986 fid:4=+0.688 fid:5=+0.050 b0=+0.680 b1=+0.083 b2=+0.003 b3=+0.011]
step 33350  ce 3.098  loss 3.099  holds 72160  131,422 tok/s  [fid:3=+0.986 fid:4=+0.688 fid:5=+0.050 b0=+0.645 b1=+0.089 b2=+0.004 b3=+0.011]
step 33400  ce 3.016  loss 3.032  holds 72160  131,471 tok/s  [fid:3=+0.985 fid:4=+0.688 fid:5=+0.050 b0=+0.604 b1=+0.086 b2=+0.004 b3=+0.011]
step 33450  ce 2.772  loss 2.773  holds 72160  131,459 tok/s  [fid:3=+0.985 fid:4=+0.688 fid:5=+0.050 b0=+0.605 b1=+0.100 b2=+0.004 b3=+0.011]
step 33500  ce 3.124  loss 3.125  holds 72160  131,507 tok/s  [fid:3=+0.985 fid:4=+0.686 fid:5=+0.050 b0=+0.624 b1=+0.074 b2=+0.004 b3=+0.011]
step 33550  ce 2.943  loss 2.945  holds 72192  131,481 tok/s  [fid:3=+0.984 fid:4=+0.687 fid:5=+0.050 b0=+0.582 b1=+0.117 b2=+0.002 b3=+0.011]
step 33600  ce 3.036  loss 3.080  holds 72224  131,456 tok/s  [fid:3=+0.982 fid:4=+0.687 fid:5=+0.050 b0=+0.648 b1=+0.037 b2=+0.007 b3=+0.011]
step 33650  ce 2.937  loss 2.938  holds 72224  131,505 tok/s  [fid:3=+0.983 fid:4=+0.688 fid:5=+0.050 b0=+0.637 b1=+0.027 b2=+0.002 b3=+0.011]
step 33700  ce 2.928  loss 2.929  holds 72224  131,493 tok/s  [fid:3=+0.982 fid:4=+0.687 fid:5=+0.050 b0=+0.627 b1=+0.070 b2=+0.002 b3=+0.010]
step 33750  ce 2.844  loss 2.845  holds 72224  131,541 tok/s  [fid:3=+0.983 fid:4=+0.688 fid:5=+0.050 b0=+0.503 b1=+0.116 b2=+0.004 b3=+0.010]
step 33800  ce 2.963  loss 2.979  holds 72256  131,519 tok/s  [fid:3=+0.985 fid:4=+0.688 fid:5=+0.050 b0=+0.575 b1=+0.097 b2=+0.006 b3=+0.010]
step 33850  ce 2.859  loss 2.860  holds 72256  131,497 tok/s  [fid:3=+0.986 fid:4=+0.690 fid:5=+0.050 b0=+0.670 b1=+0.073 b2=+0.002 b3=+0.010]
step 33900  ce 3.336  loss 3.337  holds 72288  131,544 tok/s  [fid:3=+0.986 fid:4=+0.691 fid:5=+0.050 b0=+0.619 b1=+0.045 b2=+0.002 b3=+0.010]
step 33950  ce 2.973  loss 2.974  holds 72288  131,522 tok/s  [fid:3=+0.985 fid:4=+0.692 fid:5=+0.050 b0=+0.604 b1=+0.080 b2=+0.004 b3=+0.010]
step 34000  ce 2.968  loss 2.984  holds 72288  131,569 tok/s  [fid:3=+0.985 fid:4=+0.692 fid:5=+0.050 b0=+0.644 b1=+0.065 b2=+0.004 b3=+0.010]
    holdout(cum): {'cross': [0.068, 0.05, 43], 'same': [0.312, 0.43, 30], 'straddle': [0.091, 0.08, 24]}
step 34050  ce 2.879  loss 2.880  holds 72320  131,548 tok/s  [fid:3=+0.985 fid:4=+0.692 fid:5=+0.050 b0=+0.689 b1=+0.085 b2=+0.003 b3=+0.010]
step 34100  ce 3.277  loss 3.278  holds 72320  131,530 tok/s  [fid:3=+0.985 fid:4=+0.692 fid:5=+0.050 b0=+0.553 b1=+0.034 b2=+0.003 b3=+0.010]
step 34150  ce 2.908  loss 2.911  holds 72352  131,574 tok/s  [fid:3=+0.983 fid:4=+0.692 fid:5=+0.050 b0=+0.554 b1=+0.072 b2=+0.002 b3=+0.010]
step 34200  ce 3.234  loss 3.251  holds 72352  131,558 tok/s  [fid:3=+0.984 fid:4=+0.692 fid:5=+0.050 b0=+0.567 b1=+0.110 b2=+0.003 b3=+0.010]
step 34250  ce 2.930  loss 2.931  holds 72352  131,603 tok/s  [fid:3=+0.986 fid:4=+0.692 fid:5=+0.050 b0=+0.638 b1=+0.148 b2=+0.003 b3=+0.009]
step 34300  ce 2.887  loss 2.888  holds 72352  131,589 tok/s  [fid:3=+0.985 fid:4=+0.693 fid:5=+0.050 b0=+0.674 b1=+0.112 b2=+0.003 b3=+0.009]
step 34350  ce 3.176  loss 3.177  holds 72384  131,575 tok/s  [fid:3=+0.985 fid:4=+0.692 fid:5=+0.050 b0=+0.595 b1=+0.036 b2=+0.002 b3=+0.009]
step 34400  ce 2.744  loss 2.759  holds 72416  131,621 tok/s  [fid:3=+0.987 fid:4=+0.693 fid:5=+0.050 b0=+0.553 b1=+0.055 b2=+0.002 b3=+0.009]
step 34450  ce 2.962  loss 2.963  holds 72416  131,599 tok/s  [fid:3=+0.986 fid:4=+0.694 fid:5=+0.050 b0=+0.556 b1=+0.082 b2=+0.002 b3=+0.009]
step 34500  ce 3.017  loss 3.019  holds 72416  131,645 tok/s  [fid:3=+0.986 fid:4=+0.695 fid:5=+0.050 b0=+0.618 b1=+0.063 b2=+0.003 b3=+0.009]
step 34550  ce 2.786  loss 2.790  holds 72416  131,623 tok/s  [fid:3=+0.972 fid:4=+0.694 fid:5=+0.050 b0=+0.653 b1=+0.069 b2=+0.003 b3=+0.009]
step 34600  ce 3.054  loss 3.070  holds 72448  131,604 tok/s  [fid:3=+0.974 fid:4=+0.694 fid:5=+0.050 b0=+0.604 b1=+0.050 b2=+0.004 b3=+0.009]
step 34650  ce 3.147  loss 3.148  holds 72480  131,651 tok/s  [fid:3=+0.982 fid:4=+0.694 fid:5=+0.051 b0=+0.567 b1=+0.050 b2=+0.004 b3=+0.009]
step 34700  ce 3.060  loss 3.061  holds 72480  131,636 tok/s  [fid:3=+0.984 fid:4=+0.694 fid:5=+0.051 b0=+0.607 b1=+0.037 b2=+0.005 b3=+0.009]
step 34750  ce 2.813  loss 2.814  holds 72480  131,684 tok/s  [fid:3=+0.984 fid:4=+0.695 fid:5=+0.051 b0=+0.668 b1=+0.075 b2=+0.002 b3=+0.009]
step 34800  ce 2.828  loss 2.843  holds 72480  131,665 tok/s  [fid:3=+0.985 fid:4=+0.696 fid:5=+0.050 b0=+0.619 b1=+0.057 b2=+0.004 b3=+0.009]
step 34850  ce 3.157  loss 3.158  holds 72512  131,655 tok/s  [fid:3=+0.985 fid:4=+0.697 fid:5=+0.051 b0=+0.593 b1=+0.090 b2=+0.004 b3=+0.009]
step 34900  ce 2.737  loss 2.738  holds 72544  131,701 tok/s  [fid:3=+0.986 fid:4=+0.698 fid:5=+0.050 b0=+0.687 b1=+0.129 b2=+0.002 b3=+0.009]
step 34950  ce 3.210  loss 3.211  holds 72544  131,684 tok/s  [fid:3=+0.985 fid:4=+0.700 fid:5=+0.050 b0=+0.552 b1=+0.087 b2=+0.003 b3=+0.009]
step 35000  ce 2.849  loss 2.864  holds 72544  131,660 tok/s  [fid:3=+0.985 fid:4=+0.701 fid:5=+0.050 b0=+0.570 b1=+0.101 b2=+0.006 b3=+0.009]
step 35050  ce 2.992  loss 2.994  holds 72544  131,702 tok/s  [fid:3=+0.986 fid:4=+0.703 fid:5=+0.050 b0=+0.649 b1=+0.095 b2=+0.002 b3=+0.009]
step 35100  ce 3.017  loss 3.018  holds 72576  131,682 tok/s  [fid:3=+0.984 fid:4=+0.704 fid:5=+0.050 b0=+0.576 b1=+0.128 b2=+0.002 b3=+0.009]
step 35150  ce 2.825  loss 2.826  holds 72608  131,727 tok/s  [fid:3=+0.986 fid:4=+0.704 fid:5=+0.050 b0=+0.616 b1=+0.096 b2=+0.005 b3=+0.009]
step 35200  ce 3.141  loss 3.183  holds 72608  131,708 tok/s  [fid:3=+0.986 fid:4=+0.706 fid:5=+0.050 b0=+0.666 b1=+0.080 b2=+0.002 b3=+0.009]
step 35250  ce 2.938  loss 2.939  holds 72608  131,689 tok/s  [fid:3=+0.985 fid:4=+0.706 fid:5=+0.050 b0=+0.642 b1=+0.073 b2=+0.003 b3=+0.009]
step 35300  ce 3.068  loss 3.069  holds 72608  131,734 tok/s  [fid:3=+0.986 fid:4=+0.707 fid:5=+0.050 b0=+0.738 b1=+0.078 b2=+0.005 b3=+0.009]
step 35350  ce 3.044  loss 3.045  holds 72640  131,711 tok/s  [fid:3=+0.985 fid:4=+0.707 fid:5=+0.050 b0=+0.613 b1=+0.071 b2=+0.002 b3=+0.009]
step 35400  ce 3.075  loss 3.090  holds 72672  131,756 tok/s  [fid:3=+0.983 fid:4=+0.707 fid:5=+0.050 b0=+0.554 b1=+0.084 b2=+0.003 b3=+0.009]
step 35450  ce 2.812  loss 2.813  holds 72672  131,734 tok/s  [fid:3=+0.983 fid:4=+0.707 fid:5=+0.050 b0=+0.592 b1=+0.056 b2=+0.004 b3=+0.008]
step 35500  ce 2.828  loss 2.829  holds 72672  131,715 tok/s  [fid:3=+0.985 fid:4=+0.707 fid:5=+0.050 b0=+0.602 b1=+0.069 b2=+0.003 b3=+0.008]
step 35550  ce 2.846  loss 2.847  holds 72672  131,755 tok/s  [fid:3=+0.985 fid:4=+0.707 fid:5=+0.050 b0=+0.569 b1=+0.053 b2=+0.004 b3=+0.008]
step 35600  ce 2.872  loss 2.887  holds 72704  131,737 tok/s  [fid:3=+0.986 fid:4=+0.708 fid:5=+0.050 b0=+0.547 b1=+0.077 b2=+0.003 b3=+0.008]
step 35650  ce 3.098  loss 3.100  holds 72736  131,779 tok/s  [fid:3=+0.986 fid:4=+0.708 fid:5=+0.050 b0=+0.594 b1=+0.059 b2=+0.002 b3=+0.008]
step 35700  ce 3.025  loss 3.026  holds 72736  131,762 tok/s  [fid:3=+0.986 fid:4=+0.708 fid:5=+0.050 b0=+0.598 b1=+0.075 b2=+0.003 b3=+0.008]
step 35750  ce 3.098  loss 3.099  holds 72736  131,744 tok/s  [fid:3=+0.986 fid:4=+0.709 fid:5=+0.050 b0=+0.624 b1=+0.058 b2=+0.004 b3=+0.008]
step 35800  ce 2.993  loss 3.009  holds 72736  131,789 tok/s  [fid:3=+0.985 fid:4=+0.710 fid:5=+0.050 b0=+0.645 b1=+0.049 b2=+0.004 b3=+0.008]
step 35850  ce 2.738  loss 2.739  holds 72768  131,766 tok/s  [fid:3=+0.985 fid:4=+0.710 fid:5=+0.050 b0=+0.629 b1=+0.065 b2=+0.005 b3=+0.008]
step 35900  ce 2.936  loss 2.937  holds 72768  131,745 tok/s  [fid:3=+0.984 fid:4=+0.710 fid:5=+0.050 b0=+0.640 b1=+0.091 b2=+0.004 b3=+0.008]
step 35950  ce 2.968  loss 2.969  holds 72800  131,789 tok/s  [fid:3=+0.985 fid:4=+0.712 fid:5=+0.050 b0=+0.615 b1=+0.076 b2=+0.004 b3=+0.008]
step 36000  ce 3.096  loss 3.110  holds 72800  131,768 tok/s  [fid:3=+0.986 fid:4=+0.713 fid:5=+0.050 b0=+0.706 b1=+0.076 b2=+0.004 b3=+0.008]
    holdout(cum): {'cross': [0.068, 0.04, 45], 'same': [0.333, 0.45, 31], 'straddle': [0.093, 0.08, 25]}
step 36050  ce 2.884  loss 2.886  holds 72800  131,804 tok/s  [fid:3=+0.986 fid:4=+0.713 fid:5=+0.050 b0=+0.646 b1=+0.100 b2=+0.001 b3=+0.008]
step 36100  ce 3.024  loss 3.025  holds 72832  131,788 tok/s  [fid:3=+0.986 fid:4=+0.712 fid:5=+0.050 b0=+0.625 b1=+0.094 b2=+0.004 b3=+0.008]
step 36150  ce 2.960  loss 2.961  holds 72832  131,769 tok/s  [fid:3=+0.985 fid:4=+0.713 fid:5=+0.050 b0=+0.628 b1=+0.078 b2=+0.003 b3=+0.008]
step 36200  ce 3.089  loss 3.103  holds 72864  131,811 tok/s  [fid:3=+0.986 fid:4=+0.714 fid:5=+0.050 b0=+0.628 b1=+0.043 b2=+0.004 b3=+0.008]
step 36250  ce 3.118  loss 3.120  holds 72864  131,792 tok/s  [fid:3=+0.986 fid:4=+0.714 fid:5=+0.050 b0=+0.620 b1=+0.012 b2=+0.004 b3=+0.008]
step 36300  ce 3.113  loss 3.114  holds 72864  131,836 tok/s  [fid:3=+0.986 fid:4=+0.714 fid:5=+0.050 b0=+0.667 b1=+0.035 b2=+0.005 b3=+0.008]
step 36350  ce 3.001  loss 3.003  holds 72864  131,827 tok/s  [fid:3=+0.985 fid:4=+0.714 fid:5=+0.050 b0=+0.573 b1=+0.042 b2=+0.004 b3=+0.008]
step 36400  ce 2.773  loss 2.789  holds 72896  131,807 tok/s  [fid:3=+0.985 fid:4=+0.713 fid:5=+0.051 b0=+0.623 b1=+0.078 b2=+0.005 b3=+0.007]
step 36450  ce 2.977  loss 2.979  holds 72928  131,850 tok/s  [fid:3=+0.984 fid:4=+0.712 fid:5=+0.051 b0=+0.550 b1=+0.055 b2=+0.002 b3=+0.007]
step 36500  ce 3.096  loss 3.097  holds 72928  131,830 tok/s  [fid:3=+0.984 fid:4=+0.712 fid:5=+0.051 b0=+0.643 b1=+0.067 b2=+0.003 b3=+0.007]
step 36550  ce 2.987  loss 2.988  holds 72928  131,870 tok/s  [fid:3=+0.986 fid:4=+0.712 fid:5=+0.051 b0=+0.587 b1=+0.059 b2=+0.002 b3=+0.007]
step 36600  ce 2.829  loss 2.844  holds 72928  131,850 tok/s  [fid:3=+0.986 fid:4=+0.714 fid:5=+0.051 b0=+0.536 b1=+0.082 b2=+0.003 b3=+0.007]
step 36650  ce 2.847  loss 2.849  holds 72960  131,837 tok/s  [fid:3=+0.985 fid:4=+0.715 fid:5=+0.051 b0=+0.618 b1=+0.083 b2=+0.003 b3=+0.007]
step 36700  ce 2.933  loss 2.934  holds 72992  131,880 tok/s  [fid:3=+0.986 fid:4=+0.715 fid:5=+0.051 b0=+0.584 b1=+0.124 b2=+0.007 b3=+0.007]
step 36750  ce 3.077  loss 3.078  holds 72992  131,859 tok/s  [fid:3=+0.984 fid:4=+0.715 fid:5=+0.051 b0=+0.631 b1=+0.129 b2=+0.010 b3=+0.007]
step 36800  ce 2.933  loss 2.975  holds 72992  131,902 tok/s  [fid:3=+0.986 fid:4=+0.715 fid:5=+0.051 b0=+0.637 b1=+0.063 b2=+0.003 b3=+0.007]
step 36850  ce 2.689  loss 2.690  holds 72992  131,882 tok/s  [fid:3=+0.985 fid:4=+0.715 fid:5=+0.051 b0=+0.615 b1=+0.067 b2=+0.003 b3=+0.007]
step 36900  ce 2.668  loss 2.670  holds 73024  131,871 tok/s  [fid:3=+0.985 fid:4=+0.715 fid:5=+0.051 b0=+0.610 b1=+0.033 b2=+0.003 b3=+0.007]
step 36950  ce 2.646  loss 2.648  holds 73056  131,914 tok/s  [fid:3=+0.982 fid:4=+0.715 fid:5=+0.051 b0=+0.556 b1=+0.076 b2=+0.005 b3=+0.007]
step 37000  ce 2.841  loss 2.855  holds 73056  131,894 tok/s  [fid:3=+0.985 fid:4=+0.716 fid:5=+0.051 b0=+0.689 b1=+0.057 b2=+0.003 b3=+0.007]
step 37050  ce 3.306  loss 3.307  holds 73056  131,934 tok/s  [fid:3=+0.985 fid:4=+0.717 fid:5=+0.051 b0=+0.624 b1=+0.068 b2=+0.002 b3=+0.007]
step 37100  ce 2.978  loss 2.979  holds 73056  131,914 tok/s  [fid:3=+0.981 fid:4=+0.715 fid:5=+0.051 b0=+0.657 b1=+0.063 b2=+0.002 b3=+0.007]
step 37150  ce 3.158  loss 3.159  holds 73088  131,894 tok/s  [fid:3=+0.983 fid:4=+0.716 fid:5=+0.051 b0=+0.596 b1=+0.070 b2=+0.002 b3=+0.006]
step 37200  ce 2.921  loss 2.936  holds 73120  131,937 tok/s  [fid:3=+0.985 fid:4=+0.717 fid:5=+0.051 b0=+0.561 b1=+0.076 b2=+0.003 b3=+0.006]
step 37250  ce 3.051  loss 3.052  holds 73120  131,923 tok/s  [fid:3=+0.984 fid:4=+0.718 fid:5=+0.051 b0=+0.568 b1=+0.036 b2=+0.002 b3=+0.006]
step 37300  ce 2.863  loss 2.864  holds 73120  131,966 tok/s  [fid:3=+0.984 fid:4=+0.718 fid:5=+0.051 b0=+0.634 b1=+0.073 b2=+0.002 b3=+0.006]
step 37350  ce 2.896  loss 2.898  holds 73120  131,952 tok/s  [fid:3=+0.985 fid:4=+0.719 fid:5=+0.051 b0=+0.695 b1=+0.071 b2=+0.003 b3=+0.006]
step 37400  ce 2.879  loss 2.893  holds 73152  131,934 tok/s  [fid:3=+0.984 fid:4=+0.720 fid:5=+0.051 b0=+0.590 b1=+0.089 b2=+0.004 b3=+0.006]
step 37450  ce 2.959  loss 2.960  holds 73184  131,978 tok/s  [fid:3=+0.984 fid:4=+0.720 fid:5=+0.051 b0=+0.542 b1=+0.067 b2=+0.004 b3=+0.006]
step 37500  ce 2.961  loss 2.962  holds 73184  131,969 tok/s  [fid:3=+0.981 fid:4=+0.719 fid:5=+0.051 b0=+0.574 b1=+0.116 b2=+0.005 b3=+0.006]
step 37550  ce 3.022  loss 3.024  holds 73184  131,945 tok/s  [fid:3=+0.983 fid:4=+0.719 fid:5=+0.051 b0=+0.640 b1=+0.100 b2=+0.003 b3=+0.006]
step 37600  ce 3.051  loss 3.066  holds 73184  131,987 tok/s  [fid:3=+0.985 fid:4=+0.720 fid:5=+0.051 b0=+0.604 b1=+0.128 b2=+0.007 b3=+0.006]
step 37650  ce 2.866  loss 2.868  holds 73216  131,968 tok/s  [fid:3=+0.984 fid:4=+0.719 fid:5=+0.051 b0=+0.667 b1=+0.106 b2=+0.004 b3=+0.007]
step 37700  ce 2.854  loss 2.855  holds 73248  132,008 tok/s  [fid:3=+0.986 fid:4=+0.720 fid:5=+0.051 b0=+0.605 b1=+0.053 b2=+0.001 b3=+0.007]
step 37750  ce 2.916  loss 2.917  holds 73248  131,989 tok/s  [fid:3=+0.986 fid:4=+0.721 fid:5=+0.051 b0=+0.634 b1=+0.064 b2=+0.005 b3=+0.007]
step 37800  ce 2.895  loss 2.910  holds 73248  131,976 tok/s  [fid:3=+0.985 fid:4=+0.721 fid:5=+0.051 b0=+0.586 b1=+0.060 b2=+0.003 b3=+0.007]
step 37850  ce 3.014  loss 3.015  holds 73248  132,018 tok/s  [fid:3=+0.987 fid:4=+0.721 fid:5=+0.051 b0=+0.641 b1=+0.088 b2=+0.003 b3=+0.007]
step 37900  ce 2.700  loss 2.702  holds 73280  132,005 tok/s  [fid:3=+0.984 fid:4=+0.722 fid:5=+0.051 b0=+0.712 b1=+0.058 b2=+0.004 b3=+0.007]
step 37950  ce 2.752  loss 2.753  holds 73280  132,047 tok/s  [fid:3=+0.985 fid:4=+0.723 fid:5=+0.051 b0=+0.639 b1=+0.065 b2=+0.002 b3=+0.007]
step 38000  ce 2.857  loss 2.872  holds 73312  132,034 tok/s  [fid:3=+0.986 fid:4=+0.725 fid:5=+0.051 b0=+0.588 b1=+0.095 b2=+0.003 b3=+0.007]
    holdout(cum): {'cross': [0.067, 0.04, 48], 'same': [0.362, 0.48, 33], 'straddle': [0.088, 0.07, 27]}
step 38050  ce 3.194  loss 3.196  holds 73312  132,016 tok/s  [fid:3=+0.986 fid:4=+0.725 fid:5=+0.051 b0=+0.650 b1=+0.111 b2=+0.004 b3=+0.007]
step 38100  ce 2.919  loss 2.921  holds 73312  132,058 tok/s  [fid:3=+0.986 fid:4=+0.724 fid:5=+0.051 b0=+0.573 b1=+0.068 b2=+0.002 b3=+0.007]
step 38150  ce 3.031  loss 3.033  holds 73344  132,039 tok/s  [fid:3=+0.985 fid:4=+0.724 fid:5=+0.051 b0=+0.600 b1=+0.064 b2=+0.004 b3=+0.007]
step 38200  ce 3.054  loss 3.069  holds 73344  132,080 tok/s  [fid:3=+0.985 fid:4=+0.723 fid:5=+0.051 b0=+0.641 b1=+0.052 b2=+0.004 b3=+0.007]
step 38250  ce 3.130  loss 3.132  holds 73376  132,060 tok/s  [fid:3=+0.986 fid:4=+0.724 fid:5=+0.051 b0=+0.675 b1=+0.113 b2=+0.005 b3=+0.007]
step 38300  ce 2.727  loss 2.729  holds 73376  132,046 tok/s  [fid:3=+0.984 fid:4=+0.724 fid:5=+0.051 b0=+0.593 b1=+0.082 b2=+0.004 b3=+0.007]
step 38350  ce 2.722  loss 2.724  holds 73376  132,089 tok/s  [fid:3=+0.985 fid:4=+0.725 fid:5=+0.051 b0=+0.552 b1=+0.074 b2=+0.005 b3=+0.007]
step 38400  ce 2.840  loss 2.881  holds 73376  132,071 tok/s  [fid:3=+0.985 fid:4=+0.726 fid:5=+0.051 b0=+0.635 b1=+0.095 b2=+0.003 b3=+0.007]
step 38450  ce 2.686  loss 2.687  holds 73408  132,111 tok/s  [fid:3=+0.986 fid:4=+0.727 fid:5=+0.051 b0=+0.596 b1=+0.070 b2=+0.002 b3=+0.007]
step 38500  ce 2.923  loss 2.924  holds 73440  132,094 tok/s  [fid:3=+0.986 fid:4=+0.726 fid:5=+0.051 b0=+0.670 b1=+0.057 b2=+0.002 b3=+0.007]
step 38550  ce 3.035  loss 3.036  holds 73440  132,072 tok/s  [fid:3=+0.985 fid:4=+0.726 fid:5=+0.051 b0=+0.690 b1=+0.048 b2=+0.002 b3=+0.007]
step 38600  ce 2.686  loss 2.702  holds 73440  132,113 tok/s  [fid:3=+0.986 fid:4=+0.726 fid:5=+0.051 b0=+0.641 b1=+0.069 b2=+0.004 b3=+0.007]
step 38650  ce 2.917  loss 2.918  holds 73440  132,094 tok/s  [fid:3=+0.986 fid:4=+0.726 fid:5=+0.051 b0=+0.638 b1=+0.076 b2=+0.004 b3=+0.007]
step 38700  ce 3.006  loss 3.007  holds 73472  132,072 tok/s  [fid:3=+0.985 fid:4=+0.726 fid:5=+0.051 b0=+0.589 b1=+0.081 b2=+0.003 b3=+0.007]
step 38750  ce 2.770  loss 2.772  holds 73504  132,112 tok/s  [fid:3=+0.986 fid:4=+0.725 fid:5=+0.051 b0=+0.551 b1=+0.063 b2=+0.001 b3=+0.007]
step 38800  ce 3.078  loss 3.092  holds 73504  132,091 tok/s  [fid:3=+0.986 fid:4=+0.725 fid:5=+0.051 b0=+0.704 b1=+0.068 b2=+0.002 b3=+0.007]
step 38850  ce 2.797  loss 2.798  holds 73504  132,132 tok/s  [fid:3=+0.985 fid:4=+0.725 fid:5=+0.051 b0=+0.598 b1=+0.078 b2=+0.003 b3=+0.007]
step 38900  ce 2.875  loss 2.876  holds 73504  132,118 tok/s  [fid:3=+0.985 fid:4=+0.725 fid:5=+0.051 b0=+0.644 b1=+0.055 b2=+0.003 b3=+0.007]
step 38950  ce 2.978  loss 2.979  holds 73536  132,102 tok/s  [fid:3=+0.986 fid:4=+0.726 fid:5=+0.051 b0=+0.636 b1=+0.056 b2=+0.002 b3=+0.007]
step 39000  ce 2.933  loss 2.947  holds 73568  132,143 tok/s  [fid:3=+0.986 fid:4=+0.725 fid:5=+0.051 b0=+0.657 b1=+0.073 b2=+0.002 b3=+0.007]
step 39050  ce 2.643  loss 2.646  holds 73568  132,128 tok/s  [fid:3=+0.985 fid:4=+0.726 fid:5=+0.051 b0=+0.565 b1=+0.073 b2=+0.002 b3=+0.007]
step 39100  ce 2.885  loss 2.886  holds 73568  132,170 tok/s  [fid:3=+0.985 fid:4=+0.726 fid:5=+0.051 b0=+0.601 b1=+0.066 b2=+0.004 b3=+0.006]
step 39150  ce 2.967  loss 2.970  holds 73568  132,160 tok/s  [fid:3=+0.985 fid:4=+0.727 fid:5=+0.051 b0=+0.595 b1=+0.093 b2=+0.004 b3=+0.006]
step 39200  ce 2.821  loss 2.835  holds 73600  132,140 tok/s  [fid:3=+0.986 fid:4=+0.727 fid:5=+0.051 b0=+0.594 b1=+0.072 b2=+0.003 b3=+0.006]
step 39250  ce 2.868  loss 2.869  holds 73632  132,181 tok/s  [fid:3=+0.986 fid:4=+0.727 fid:5=+0.051 b0=+0.558 b1=+0.063 b2=+0.003 b3=+0.006]
step 39300  ce 2.605  loss 2.607  holds 73632  132,161 tok/s  [fid:3=+0.979 fid:4=+0.724 fid:5=+0.051 b0=+0.641 b1=+0.044 b2=+0.002 b3=+0.006]
step 39350  ce 2.986  loss 2.987  holds 73632  132,201 tok/s  [fid:3=+0.981 fid:4=+0.722 fid:5=+0.051 b0=+0.704 b1=+0.031 b2=+0.003 b3=+0.006]
step 39400  ce 2.848  loss 2.862  holds 73632  132,183 tok/s  [fid:3=+0.984 fid:4=+0.724 fid:5=+0.051 b0=+0.609 b1=+0.049 b2=+0.003 b3=+0.006]
step 39450  ce 2.879  loss 2.880  holds 73664  132,170 tok/s  [fid:3=+0.984 fid:4=+0.723 fid:5=+0.051 b0=+0.656 b1=+0.087 b2=+0.005 b3=+0.006]
step 39500  ce 2.566  loss 2.567  holds 73696  132,209 tok/s  [fid:3=+0.985 fid:4=+0.723 fid:5=+0.051 b0=+0.534 b1=+0.059 b2=+0.009 b3=+0.006]
step 39550  ce 3.082  loss 3.086  holds 73696  132,187 tok/s  [fid:3=+0.985 fid:4=+0.724 fid:5=+0.051 b0=+0.635 b1=+0.074 b2=+0.003 b3=+0.006]
step 39600  ce 3.224  loss 3.238  holds 73696  132,225 tok/s  [fid:3=+0.985 fid:4=+0.725 fid:5=+0.051 b0=+0.635 b1=+0.071 b2=+0.005 b3=+0.006]
step 39650  ce 2.833  loss 2.834  holds 73696  132,206 tok/s  [fid:3=+0.984 fid:4=+0.726 fid:5=+0.051 b0=+0.611 b1=+0.086 b2=+0.003 b3=+0.006]
step 39700  ce 2.736  loss 2.736  holds 73728  132,195 tok/s  [fid:3=+0.984 fid:4=+0.726 fid:5=+0.051 b0=+0.637 b1=+0.061 b2=+0.007 b3=+0.006]
step 39750  ce 2.845  loss 2.846  holds 73760  132,235 tok/s  [fid:3=+0.986 fid:4=+0.727 fid:5=+0.051 b0=+0.642 b1=+0.079 b2=+0.007 b3=+0.006]
step 39800  ce 2.984  loss 2.998  holds 73760  132,214 tok/s  [fid:3=+0.986 fid:4=+0.727 fid:5=+0.051 b0=+0.677 b1=+0.066 b2=+0.003 b3=+0.006]
step 39850  ce 2.752  loss 2.753  holds 73760  132,254 tok/s  [fid:3=+0.986 fid:4=+0.728 fid:5=+0.051 b0=+0.629 b1=+0.076 b2=+0.003 b3=+0.006]
step 39900  ce 2.819  loss 2.820  holds 73760  132,233 tok/s  [fid:3=+0.984 fid:4=+0.728 fid:5=+0.051 b0=+0.611 b1=+0.083 b2=+0.005 b3=+0.006]
step 39950  ce 2.882  loss 2.884  holds 73792  132,220 tok/s  [fid:3=+0.985 fid:4=+0.729 fid:5=+0.051 b0=+0.623 b1=+0.050 b2=+0.002 b3=+0.005]
step 40000  ce 3.191  loss 3.232  holds 73824  132,259 tok/s  [fid:3=+0.985 fid:4=+0.731 fid:5=+0.051 b0=+0.600 b1=+0.089 b2=+0.003 b3=+0.005]
    holdout(cum): {'cross': [0.066, 0.04, 51], 'same': [0.357, 0.49, 35], 'straddle': [0.088, 0.07, 27]}
step 40050  ce 2.661  loss 2.663  holds 73824  132,241 tok/s  [fid:3=+0.983 fid:4=+0.730 fid:5=+0.051 b0=+0.609 b1=+0.074 b2=+0.001 b3=+0.005]
step 40100  ce 2.790  loss 2.792  holds 73824  132,228 tok/s  [fid:3=+0.983 fid:4=+0.731 fid:5=+0.051 b0=+0.567 b1=+0.090 b2=+0.003 b3=+0.005]
step 40150  ce 2.906  loss 2.907  holds 73824  132,268 tok/s  [fid:3=+0.985 fid:4=+0.732 fid:5=+0.051 b0=+0.625 b1=+0.047 b2=+0.003 b3=+0.005]
step 40200  ce 2.974  loss 2.988  holds 73856  132,254 tok/s  [fid:3=+0.986 fid:4=+0.732 fid:5=+0.051 b0=+0.644 b1=+0.081 b2=+0.004 b3=+0.005]
step 40250  ce 3.079  loss 3.080  holds 73856  132,296 tok/s  [fid:3=+0.986 fid:4=+0.733 fid:5=+0.051 b0=+0.628 b1=+0.122 b2=+0.004 b3=+0.005]
step 40300  ce 3.025  loss 3.027  holds 73888  132,285 tok/s  [fid:3=+0.985 fid:4=+0.733 fid:5=+0.051 b0=+0.574 b1=+0.088 b2=+0.001 b3=+0.005]
step 40350  ce 2.806  loss 2.807  holds 73888  132,270 tok/s  [fid:3=+0.985 fid:4=+0.735 fid:5=+0.051 b0=+0.610 b1=+0.087 b2=+0.005 b3=+0.005]
step 40400  ce 2.948  loss 2.963  holds 73888  132,312 tok/s  [fid:3=+0.984 fid:4=+0.733 fid:5=+0.051 b0=+0.641 b1=+0.074 b2=+0.003 b3=+0.005]
step 40450  ce 3.121  loss 3.123  holds 73920  132,296 tok/s  [fid:3=+0.985 fid:4=+0.734 fid:5=+0.051 b0=+0.623 b1=+0.101 b2=+0.003 b3=+0.005]
step 40500  ce 2.940  loss 2.941  holds 73920  132,338 tok/s  [fid:3=+0.984 fid:4=+0.734 fid:5=+0.051 b0=+0.648 b1=+0.071 b2=+0.005 b3=+0.005]
step 40550  ce 2.997  loss 2.998  holds 73952  132,328 tok/s  [fid:3=+0.985 fid:4=+0.735 fid:5=+0.051 b0=+0.617 b1=+0.069 b2=+0.003 b3=+0.005]
step 40600  ce 2.905  loss 2.919  holds 73952  132,322 tok/s  [fid:3=+0.986 fid:4=+0.735 fid:5=+0.051 b0=+0.616 b1=+0.059 b2=+0.002 b3=+0.005]
step 40650  ce 2.797  loss 2.799  holds 73952  132,364 tok/s  [fid:3=+0.984 fid:4=+0.734 fid:5=+0.051 b0=+0.619 b1=+0.066 b2=+0.003 b3=+0.005]
step 40700  ce 2.822  loss 2.824  holds 73952  132,346 tok/s  [fid:3=+0.985 fid:4=+0.735 fid:5=+0.051 b0=+0.562 b1=+0.122 b2=+0.004 b3=+0.005]
step 40750  ce 2.793  loss 2.794  holds 73984  132,383 tok/s  [fid:3=+0.984 fid:4=+0.734 fid:5=+0.051 b0=+0.582 b1=+0.079 b2=+0.003 b3=+0.005]
step 40800  ce 2.721  loss 2.735  holds 74016  132,361 tok/s  [fid:3=+0.986 fid:4=+0.733 fid:5=+0.051 b0=+0.618 b1=+0.044 b2=+0.002 b3=+0.005]
step 40850  ce 2.894  loss 2.896  holds 74016  132,351 tok/s  [fid:3=+0.985 fid:4=+0.733 fid:5=+0.051 b0=+0.691 b1=+0.102 b2=+0.003 b3=+0.005]
step 40900  ce 2.939  loss 2.940  holds 74016  132,392 tok/s  [fid:3=+0.984 fid:4=+0.734 fid:5=+0.051 b0=+0.658 b1=+0.058 b2=+0.006 b3=+0.005]
step 40950  ce 2.890  loss 2.891  holds 74016  132,377 tok/s  [fid:3=+0.986 fid:4=+0.734 fid:5=+0.051 b0=+0.624 b1=+0.058 b2=+0.002 b3=+0.005]
step 41000  ce 3.007  loss 3.020  holds 74048  132,414 tok/s  [fid:3=+0.985 fid:4=+0.735 fid:5=+0.051 b0=+0.619 b1=+0.025 b2=+0.004 b3=+0.005]
step 41050  ce 2.771  loss 2.772  holds 74080  132,391 tok/s  [fid:3=+0.986 fid:4=+0.735 fid:5=+0.051 b0=+0.607 b1=+0.087 b2=+0.002 b3=+0.005]
step 41100  ce 2.987  loss 2.990  holds 74080  132,371 tok/s  [fid:3=+0.985 fid:4=+0.735 fid:5=+0.051 b0=+0.647 b1=+0.075 b2=+0.002 b3=+0.005]
step 41150  ce 2.844  loss 2.845  holds 74080  132,409 tok/s  [fid:3=+0.985 fid:4=+0.736 fid:5=+0.051 b0=+0.558 b1=+0.057 b2=+0.006 b3=+0.005]
step 41200  ce 2.801  loss 2.815  holds 74080  132,390 tok/s  [fid:3=+0.985 fid:4=+0.737 fid:5=+0.051 b0=+0.618 b1=+0.090 b2=+0.002 b3=+0.005]
step 41250  ce 2.806  loss 2.807  holds 74112  132,371 tok/s  [fid:3=+0.986 fid:4=+0.738 fid:5=+0.051 b0=+0.565 b1=+0.083 b2=+0.002 b3=+0.005]
step 41300  ce 2.890  loss 2.892  holds 74144  132,406 tok/s  [fid:3=+0.985 fid:4=+0.738 fid:5=+0.051 b0=+0.631 b1=+0.077 b2=+0.004 b3=+0.005]
step 41350  ce 3.099  loss 3.100  holds 74144  132,389 tok/s  [fid:3=+0.985 fid:4=+0.738 fid:5=+0.051 b0=+0.690 b1=+0.061 b2=+0.002 b3=+0.005]
step 41400  ce 2.951  loss 2.964  holds 74144  132,426 tok/s  [fid:3=+0.985 fid:4=+0.738 fid:5=+0.051 b0=+0.561 b1=+0.067 b2=+0.004 b3=+0.005]
step 41450  ce 2.881  loss 2.883  holds 74144  132,414 tok/s  [fid:3=+0.986 fid:4=+0.738 fid:5=+0.051 b0=+0.662 b1=+0.093 b2=+0.003 b3=+0.005]
step 41500  ce 2.898  loss 2.900  holds 74176  132,406 tok/s  [fid:3=+0.984 fid:4=+0.739 fid:5=+0.051 b0=+0.638 b1=+0.087 b2=+0.003 b3=+0.005]
step 41550  ce 2.874  loss 2.876  holds 74208  132,443 tok/s  [fid:3=+0.985 fid:4=+0.739 fid:5=+0.051 b0=+0.711 b1=+0.080 b2=+0.005 b3=+0.004]
step 41600  ce 2.805  loss 2.846  holds 74208  132,424 tok/s  [fid:3=+0.985 fid:4=+0.738 fid:5=+0.051 b0=+0.712 b1=+0.104 b2=+0.003 b3=+0.004]
step 41650  ce 2.909  loss 2.910  holds 74208  132,463 tok/s  [fid:3=+0.986 fid:4=+0.737 fid:5=+0.051 b0=+0.674 b1=+0.119 b2=+0.007 b3=+0.004]
step 41700  ce 3.015  loss 3.016  holds 74208  132,446 tok/s  [fid:3=+0.986 fid:4=+0.737 fid:5=+0.051 b0=+0.681 b1=+0.067 b2=+0.003 b3=+0.004]
step 41750  ce 3.218  loss 3.220  holds 74240  132,432 tok/s  [fid:3=+0.985 fid:4=+0.737 fid:5=+0.051 b0=+0.633 b1=+0.060 b2=+0.003 b3=+0.004]
step 41800  ce 2.844  loss 2.858  holds 74272  132,470 tok/s  [fid:3=+0.985 fid:4=+0.738 fid:5=+0.051 b0=+0.632 b1=+0.080 b2=+0.003 b3=+0.004]
step 41850  ce 2.860  loss 2.861  holds 74272  132,455 tok/s  [fid:3=+0.985 fid:4=+0.738 fid:5=+0.051 b0=+0.585 b1=+0.090 b2=+0.005 b3=+0.004]
step 41900  ce 2.891  loss 2.892  holds 74272  132,492 tok/s  [fid:3=+0.985 fid:4=+0.738 fid:5=+0.051 b0=+0.614 b1=+0.072 b2=+0.004 b3=+0.004]
step 41950  ce 3.125  loss 3.126  holds 74272  132,480 tok/s  [fid:3=+0.986 fid:4=+0.738 fid:5=+0.051 b0=+0.643 b1=+0.073 b2=+0.003 b3=+0.004]
step 42000  ce 3.061  loss 3.075  holds 74304  132,466 tok/s  [fid:3=+0.985 fid:4=+0.739 fid:5=+0.051 b0=+0.649 b1=+0.042 b2=+0.004 b3=+0.004]
    holdout(cum): {'cross': [0.067, 0.04, 53], 'same': [0.343, 0.46, 37], 'straddle': [0.088, 0.07, 27]}
step 42050  ce 2.861  loss 2.862  holds 74336  132,496 tok/s  [fid:3=+0.984 fid:4=+0.739 fid:5=+0.051 b0=+0.537 b1=+0.045 b2=+0.003 b3=+0.004]
step 42100  ce 3.060  loss 3.061  holds 74336  132,481 tok/s  [fid:3=+0.984 fid:4=+0.740 fid:5=+0.051 b0=+0.631 b1=+0.078 b2=+0.003 b3=+0.004]
step 42150  ce 3.015  loss 3.017  holds 74336  132,518 tok/s  [fid:3=+0.985 fid:4=+0.742 fid:5=+0.051 b0=+0.645 b1=+0.081 b2=+0.002 b3=+0.004]
step 42200  ce 3.184  loss 3.197  holds 74336  132,499 tok/s  [fid:3=+0.984 fid:4=+0.742 fid:5=+0.051 b0=+0.717 b1=+0.060 b2=+0.002 b3=+0.004]
step 42250  ce 2.881  loss 2.883  holds 74368  132,481 tok/s  [fid:3=+0.984 fid:4=+0.742 fid:5=+0.051 b0=+0.611 b1=+0.083 b2=+0.004 b3=+0.004]
step 42300  ce 3.026  loss 3.027  holds 74368  132,518 tok/s  [fid:3=+0.985 fid:4=+0.743 fid:5=+0.051 b0=+0.568 b1=+0.090 b2=+0.004 b3=+0.004]
step 42350  ce 2.831  loss 2.832  holds 74400  132,506 tok/s  [fid:3=+0.986 fid:4=+0.742 fid:5=+0.051 b0=+0.678 b1=+0.081 b2=+0.003 b3=+0.004]
step 42400  ce 2.956  loss 2.969  holds 74400  132,543 tok/s  [fid:3=+0.986 fid:4=+0.742 fid:5=+0.051 b0=+0.572 b1=+0.082 b2=+0.005 b3=+0.004]
step 42450  ce 2.564  loss 2.566  holds 74400  132,523 tok/s  [fid:3=+0.985 fid:4=+0.743 fid:5=+0.051 b0=+0.658 b1=+0.098 b2=+0.002 b3=+0.004]
step 42500  ce 2.890  loss 2.891  holds 74432  132,509 tok/s  [fid:3=+0.985 fid:4=+0.743 fid:5=+0.051 b0=+0.622 b1=+0.124 b2=+0.003 b3=+0.004]
step 42550  ce 2.906  loss 2.909  holds 74432  132,542 tok/s  [fid:3=+0.983 fid:4=+0.743 fid:5=+0.051 b0=+0.622 b1=+0.086 b2=+0.005 b3=+0.004]
step 42600  ce 2.579  loss 2.593  holds 74464  132,524 tok/s  [fid:3=+0.983 fid:4=+0.741 fid:5=+0.051 b0=+0.620 b1=+0.061 b2=+0.005 b3=+0.004]
step 42650  ce 2.979  loss 2.981  holds 74464  132,506 tok/s  [fid:3=+0.984 fid:4=+0.741 fid:5=+0.051 b0=+0.642 b1=+0.023 b2=+0.002 b3=+0.004]
step 42700  ce 2.762  loss 2.763  holds 74464  132,543 tok/s  [fid:3=+0.984 fid:4=+0.741 fid:5=+0.051 b0=+0.637 b1=+0.055 b2=+0.005 b3=+0.004]
step 42750  ce 2.951  loss 2.952  holds 74464  132,523 tok/s  [fid:3=+0.985 fid:4=+0.742 fid:5=+0.051 b0=+0.613 b1=+0.092 b2=+0.004 b3=+0.004]
step 42800  ce 2.991  loss 3.003  holds 74496  132,560 tok/s  [fid:3=+0.985 fid:4=+0.742 fid:5=+0.051 b0=+0.670 b1=+0.070 b2=+0.005 b3=+0.004]
step 42850  ce 2.880  loss 2.884  holds 74528  132,541 tok/s  [fid:3=+0.986 fid:4=+0.741 fid:5=+0.051 b0=+0.665 b1=+0.057 b2=+0.003 b3=+0.004]
step 42900  ce 2.922  loss 2.923  holds 74528  132,529 tok/s  [fid:3=+0.986 fid:4=+0.743 fid:5=+0.051 b0=+0.627 b1=+0.055 b2=+0.007 b3=+0.004]
step 42950  ce 2.753  loss 2.755  holds 74528  132,566 tok/s  [fid:3=+0.985 fid:4=+0.743 fid:5=+0.051 b0=+0.560 b1=+0.031 b2=+0.005 b3=+0.004]
step 43000  ce 2.843  loss 2.857  holds 74528  132,540 tok/s  [fid:3=+0.985 fid:4=+0.743 fid:5=+0.051 b0=+0.607 b1=+0.053 b2=+0.003 b3=+0.004]
step 43050  ce 2.794  loss 2.795  holds 74560  132,573 tok/s  [fid:3=+0.984 fid:4=+0.743 fid:5=+0.051 b0=+0.632 b1=+0.090 b2=+0.002 b3=+0.004]
step 43100  ce 2.835  loss 2.839  holds 74592  132,558 tok/s  [fid:3=+0.984 fid:4=+0.742 fid:5=+0.051 b0=+0.673 b1=+0.056 b2=+0.002 b3=+0.004]
step 43150  ce 2.797  loss 2.799  holds 74592  132,543 tok/s  [fid:3=+0.984 fid:4=+0.743 fid:5=+0.051 b0=+0.691 b1=+0.075 b2=+0.006 b3=+0.004]
step 43200  ce 3.096  loss 3.138  holds 74592  132,579 tok/s  [fid:3=+0.985 fid:4=+0.744 fid:5=+0.051 b0=+0.624 b1=+0.049 b2=+0.003 b3=+0.004]
step 43250  ce 2.916  loss 2.917  holds 74592  132,560 tok/s  [fid:3=+0.985 fid:4=+0.745 fid:5=+0.051 b0=+0.627 b1=+0.083 b2=+0.004 b3=+0.004]
step 43300  ce 2.904  loss 2.906  holds 74624  132,597 tok/s  [fid:3=+0.984 fid:4=+0.745 fid:5=+0.051 b0=+0.595 b1=+0.085 b2=+0.002 b3=+0.004]
step 43350  ce 2.557  loss 2.559  holds 74656  132,582 tok/s  [fid:3=+0.985 fid:4=+0.745 fid:5=+0.051 b0=+0.594 b1=+0.049 b2=+0.003 b3=+0.004]
step 43400  ce 2.959  loss 2.972  holds 74656  132,563 tok/s  [fid:3=+0.985 fid:4=+0.746 fid:5=+0.051 b0=+0.658 b1=+0.079 b2=+0.006 b3=+0.004]
step 43450  ce 2.591  loss 2.592  holds 74656  132,600 tok/s  [fid:3=+0.986 fid:4=+0.746 fid:5=+0.051 b0=+0.662 b1=+0.043 b2=+0.003 b3=+0.004]
step 43500  ce 2.724  loss 2.725  holds 74656  132,586 tok/s  [fid:3=+0.986 fid:4=+0.747 fid:5=+0.051 b0=+0.691 b1=+0.035 b2=+0.004 b3=+0.004]
step 43550  ce 2.822  loss 2.823  holds 74688  132,563 tok/s  [fid:3=+0.985 fid:4=+0.748 fid:5=+0.051 b0=+0.604 b1=+0.041 b2=+0.001 b3=+0.004]
step 43600  ce 2.931  loss 2.944  holds 74720  132,601 tok/s  [fid:3=+0.985 fid:4=+0.750 fid:5=+0.051 b0=+0.656 b1=+0.070 b2=+0.011 b3=+0.004]
step 43650  ce 2.854  loss 2.856  holds 74720  132,585 tok/s  [fid:3=+0.972 fid:4=+0.748 fid:5=+0.051 b0=+0.685 b1=+0.068 b2=+0.004 b3=+0.004]
step 43700  ce 2.820  loss 2.822  holds 74720  132,624 tok/s  [fid:3=+0.976 fid:4=+0.747 fid:5=+0.051 b0=+0.700 b1=+0.064 b2=+0.003 b3=+0.004]
step 43750  ce 2.688  loss 2.690  holds 74720  132,608 tok/s  [fid:3=+0.982 fid:4=+0.747 fid:5=+0.051 b0=+0.680 b1=+0.047 b2=+0.003 b3=+0.004]
step 43800  ce 2.941  loss 2.953  holds 74752  132,600 tok/s  [fid:3=+0.984 fid:4=+0.749 fid:5=+0.051 b0=+0.583 b1=+0.037 b2=+0.008 b3=+0.004]
step 43850  ce 3.066  loss 3.068  holds 74784  132,638 tok/s  [fid:3=+0.984 fid:4=+0.748 fid:5=+0.051 b0=+0.559 b1=+0.041 b2=+0.002 b3=+0.004]
step 43900  ce 2.991  loss 2.992  holds 74784  132,624 tok/s  [fid:3=+0.985 fid:4=+0.749 fid:5=+0.051 b0=+0.608 b1=+0.062 b2=+0.003 b3=+0.004]
step 43950  ce 2.828  loss 2.830  holds 74784  132,659 tok/s  [fid:3=+0.985 fid:4=+0.749 fid:5=+0.051 b0=+0.676 b1=+0.072 b2=+0.004 b3=+0.004]
step 44000  ce 2.645  loss 2.658  holds 74784  132,648 tok/s  [fid:3=+0.985 fid:4=+0.749 fid:5=+0.051 b0=+0.621 b1=+0.126 b2=+0.004 b3=+0.004]
    holdout(cum): {'cross': [0.067, 0.04, 55], 'same': [0.357, 0.47, 38], 'straddle': [0.088, 0.07, 27]}
step 44050  ce 2.845  loss 2.847  holds 74816  132,626 tok/s  [fid:3=+0.985 fid:4=+0.750 fid:5=+0.051 b0=+0.633 b1=+0.060 b2=+0.003 b3=+0.004]
step 44100  ce 2.972  loss 2.973  holds 74848  132,665 tok/s  [fid:3=+0.985 fid:4=+0.751 fid:5=+0.051 b0=+0.634 b1=+0.068 b2=+0.004 b3=+0.003]
step 44150  ce 2.866  loss 2.868  holds 74848  132,659 tok/s  [fid:3=+0.986 fid:4=+0.751 fid:5=+0.051 b0=+0.609 b1=+0.096 b2=+0.003 b3=+0.003]
step 44200  ce 2.671  loss 2.684  holds 74848  132,697 tok/s  [fid:3=+0.985 fid:4=+0.751 fid:5=+0.051 b0=+0.632 b1=+0.079 b2=+0.002 b3=+0.003]
step 44250  ce 2.991  loss 2.993  holds 74848  132,682 tok/s  [fid:3=+0.985 fid:4=+0.751 fid:5=+0.051 b0=+0.625 b1=+0.069 b2=+0.002 b3=+0.003]
step 44300  ce 3.087  loss 3.088  holds 74880  132,667 tok/s  [fid:3=+0.986 fid:4=+0.752 fid:5=+0.051 b0=+0.674 b1=+0.097 b2=+0.002 b3=+0.004]
step 44350  ce 3.045  loss 3.046  holds 74880  132,705 tok/s  [fid:3=+0.983 fid:4=+0.753 fid:5=+0.051 b0=+0.695 b1=+0.099 b2=+0.002 b3=+0.004]
step 44400  ce 2.936  loss 2.949  holds 74912  132,695 tok/s  [fid:3=+0.985 fid:4=+0.753 fid:5=+0.051 b0=+0.589 b1=+0.118 b2=+0.005 b3=+0.004]
step 44450  ce 2.973  loss 2.974  holds 74912  132,732 tok/s  [fid:3=+0.984 fid:4=+0.754 fid:5=+0.051 b0=+0.661 b1=+0.068 b2=+0.003 b3=+0.004]
step 44500  ce 2.995  loss 2.997  holds 74912  132,722 tok/s  [fid:3=+0.985 fid:4=+0.755 fid:5=+0.051 b0=+0.617 b1=+0.085 b2=+0.001 b3=+0.004]
step 44550  ce 3.043  loss 3.045  holds 74944  132,707 tok/s  [fid:3=+0.985 fid:4=+0.754 fid:5=+0.051 b0=+0.627 b1=+0.097 b2=+0.003 b3=+0.003]
step 44600  ce 2.767  loss 2.781  holds 74944  132,741 tok/s  [fid:3=+0.985 fid:4=+0.755 fid:5=+0.051 b0=+0.740 b1=+0.087 b2=+0.004 b3=+0.003]
step 44650  ce 2.856  loss 2.858  holds 74976  132,722 tok/s  [fid:3=+0.986 fid:4=+0.755 fid:5=+0.051 b0=+0.615 b1=+0.092 b2=+0.003 b3=+0.003]
step 44700  ce 3.010  loss 3.012  holds 74976  132,757 tok/s  [fid:3=+0.986 fid:4=+0.756 fid:5=+0.051 b0=+0.650 b1=+0.081 b2=+0.002 b3=+0.003]
step 44750  ce 2.997  loss 2.998  holds 74976  132,748 tok/s  [fid:3=+0.986 fid:4=+0.757 fid:5=+0.051 b0=+0.640 b1=+0.049 b2=+0.003 b3=+0.003]
step 44800  ce 2.971  loss 3.011  holds 74976  132,730 tok/s  [fid:3=+0.986 fid:4=+0.757 fid:5=+0.051 b0=+0.615 b1=+0.095 b2=+0.001 b3=+0.003]
step 44850  ce 2.799  loss 2.800  holds 75008  132,765 tok/s  [fid:3=+0.984 fid:4=+0.756 fid:5=+0.051 b0=+0.630 b1=+0.084 b2=+0.003 b3=+0.004]
step 44900  ce 3.108  loss 3.110  holds 75040  132,746 tok/s  [fid:3=+0.985 fid:4=+0.756 fid:5=+0.051 b0=+0.699 b1=+0.066 b2=+0.004 b3=+0.004]
step 44950  ce 2.902  loss 2.903  holds 75040  132,732 tok/s  [fid:3=+0.985 fid:4=+0.756 fid:5=+0.051 b0=+0.639 b1=+0.115 b2=+0.005 b3=+0.004]
step 45000  ce 2.911  loss 2.925  holds 75040  132,767 tok/s  [fid:3=+0.986 fid:4=+0.756 fid:5=+0.051 b0=+0.658 b1=+0.037 b2=+0.004 b3=+0.004]
step 45050  ce 2.990  loss 2.992  holds 75040  132,753 tok/s  [fid:3=+0.984 fid:4=+0.756 fid:5=+0.051 b0=+0.643 b1=+0.070 b2=+0.002 b3=+0.005]
step 45100  ce 2.995  loss 2.997  holds 75072  132,788 tok/s  [fid:3=+0.984 fid:4=+0.755 fid:5=+0.051 b0=+0.587 b1=+0.070 b2=+0.005 b3=+0.005]
step 45150  ce 2.983  loss 2.985  holds 75104  132,776 tok/s  [fid:3=+0.984 fid:4=+0.755 fid:5=+0.051 b0=+0.619 b1=+0.091 b2=+0.003 b3=+0.005]
step 45200  ce 2.900  loss 2.913  holds 75104  132,758 tok/s  [fid:3=+0.985 fid:4=+0.755 fid:5=+0.051 b0=+0.665 b1=+0.067 b2=+0.002 b3=+0.005]
step 45250  ce 3.032  loss 3.033  holds 75104  132,792 tok/s  [fid:3=+0.986 fid:4=+0.756 fid:5=+0.051 b0=+0.577 b1=+0.074 b2=+0.004 b3=+0.005]
step 45300  ce 2.804  loss 2.806  holds 75104  132,783 tok/s  [fid:3=+0.986 fid:4=+0.756 fid:5=+0.051 b0=+0.593 b1=+0.066 b2=+0.003 b3=+0.005]
step 45350  ce 2.981  loss 2.983  holds 75136  132,817 tok/s  [fid:3=+0.984 fid:4=+0.755 fid:5=+0.051 b0=+0.646 b1=+0.073 b2=+0.002 b3=+0.005]
step 45400  ce 2.830  loss 2.842  holds 75168  132,799 tok/s  [fid:3=+0.986 fid:4=+0.757 fid:5=+0.052 b0=+0.676 b1=+0.095 b2=+0.003 b3=+0.004]
step 45450  ce 2.904  loss 2.905  holds 75168  132,780 tok/s  [fid:3=+0.984 fid:4=+0.757 fid:5=+0.052 b0=+0.645 b1=+0.086 b2=+0.002 b3=+0.004]
step 45500  ce 2.960  loss 2.962  holds 75168  132,814 tok/s  [fid:3=+0.984 fid:4=+0.758 fid:5=+0.052 b0=+0.575 b1=+0.063 b2=+0.002 b3=+0.004]
step 45550  ce 3.066  loss 3.067  holds 75168  132,794 tok/s  [fid:3=+0.982 fid:4=+0.757 fid:5=+0.052 b0=+0.615 b1=+0.044 b2=+0.005 b3=+0.004]
step 45600  ce 3.066  loss 3.079  holds 75200  132,828 tok/s  [fid:3=+0.984 fid:4=+0.757 fid:5=+0.051 b0=+0.587 b1=+0.097 b2=+0.002 b3=+0.004]
step 45650  ce 3.121  loss 3.122  holds 75232  132,816 tok/s  [fid:3=+0.985 fid:4=+0.757 fid:5=+0.051 b0=+0.614 b1=+0.079 b2=+0.003 b3=+0.004]
step 45700  ce 2.933  loss 2.936  holds 75232  132,803 tok/s  [fid:3=+0.985 fid:4=+0.757 fid:5=+0.052 b0=+0.580 b1=+0.094 b2=+0.003 b3=+0.004]
step 45750  ce 2.795  loss 2.796  holds 75232  132,838 tok/s  [fid:3=+0.986 fid:4=+0.758 fid:5=+0.052 b0=+0.608 b1=+0.075 b2=+0.002 b3=+0.004]
step 45800  ce 2.897  loss 2.909  holds 75232  132,826 tok/s  [fid:3=+0.985 fid:4=+0.759 fid:5=+0.052 b0=+0.636 b1=+0.095 b2=+0.003 b3=+0.004]
step 45850  ce 2.849  loss 2.851  holds 75264  132,863 tok/s  [fid:3=+0.985 fid:4=+0.760 fid:5=+0.052 b0=+0.595 b1=+0.074 b2=+0.002 b3=+0.004]
step 45900  ce 2.904  loss 2.905  holds 75296  132,855 tok/s  [fid:3=+0.986 fid:4=+0.760 fid:5=+0.052 b0=+0.634 b1=+0.046 b2=+0.004 b3=+0.004]
step 45950  ce 2.651  loss 2.652  holds 75296  132,837 tok/s  [fid:3=+0.985 fid:4=+0.760 fid:5=+0.052 b0=+0.666 b1=+0.057 b2=+0.003 b3=+0.004]
step 46000  ce 2.827  loss 2.840  holds 75296  132,870 tok/s  [fid:3=+0.985 fid:4=+0.761 fid:5=+0.052 b0=+0.546 b1=+0.058 b2=+0.002 b3=+0.004]
    holdout(cum): {'cross': [0.066, 0.03, 59], 'same': [0.357, 0.47, 38], 'straddle': [0.088, 0.07, 27]}
step 46050  ce 3.002  loss 3.004  holds 75296  132,846 tok/s  [fid:3=+0.986 fid:4=+0.761 fid:5=+0.052 b0=+0.644 b1=+0.041 b2=+0.002 b3=+0.004]
step 46100  ce 2.865  loss 2.871  holds 75328  132,879 tok/s  [fid:3=+0.984 fid:4=+0.762 fid:5=+0.052 b0=+0.645 b1=+0.068 b2=+0.004 b3=+0.005]
step 46150  ce 2.583  loss 2.585  holds 75360  132,860 tok/s  [fid:3=+0.984 fid:4=+0.762 fid:5=+0.052 b0=+0.718 b1=+0.075 b2=+0.005 b3=+0.005]
step 46200  ce 2.993  loss 3.006  holds 75360  132,849 tok/s  [fid:3=+0.985 fid:4=+0.763 fid:5=+0.052 b0=+0.614 b1=+0.082 b2=+0.003 b3=+0.005]
step 46250  ce 3.040  loss 3.041  holds 75360  132,882 tok/s  [fid:3=+0.985 fid:4=+0.763 fid:5=+0.052 b0=+0.666 b1=+0.092 b2=+0.001 b3=+0.005]
step 46300  ce 2.741  loss 2.742  holds 75360  132,865 tok/s  [fid:3=+0.986 fid:4=+0.763 fid:5=+0.052 b0=+0.623 b1=+0.070 b2=+0.004 b3=+0.005]
step 46350  ce 2.914  loss 2.916  holds 75392  132,899 tok/s  [fid:3=+0.985 fid:4=+0.763 fid:5=+0.052 b0=+0.613 b1=+0.071 b2=+0.003 b3=+0.005]
step 46400  ce 2.764  loss 2.803  holds 75424  132,881 tok/s  [fid:3=+0.985 fid:4=+0.763 fid:5=+0.052 b0=+0.626 b1=+0.138 b2=+0.002 b3=+0.005]
step 46450  ce 2.723  loss 2.725  holds 75424  132,864 tok/s  [fid:3=+0.984 fid:4=+0.761 fid:5=+0.052 b0=+0.578 b1=+0.089 b2=+0.003 b3=+0.005]
step 46500  ce 2.726  loss 2.727  holds 75424  132,898 tok/s  [fid:3=+0.986 fid:4=+0.761 fid:5=+0.052 b0=+0.634 b1=+0.100 b2=+0.003 b3=+0.005]
step 46550  ce 2.622  loss 2.623  holds 75424  132,878 tok/s  [fid:3=+0.986 fid:4=+0.761 fid:5=+0.052 b0=+0.616 b1=+0.065 b2=+0.005 b3=+0.006]
step 46600  ce 2.955  loss 2.968  holds 75456  132,860 tok/s  [fid:3=+0.986 fid:4=+0.762 fid:5=+0.052 b0=+0.592 b1=+0.067 b2=+0.003 b3=+0.006]
step 46650  ce 2.847  loss 2.850  holds 75456  132,894 tok/s  [fid:3=+0.983 fid:4=+0.763 fid:5=+0.052 b0=+0.686 b1=+0.059 b2=+0.003 b3=+0.006]
step 46700  ce 2.833  loss 2.835  holds 75488  132,876 tok/s  [fid:3=+0.985 fid:4=+0.763 fid:5=+0.052 b0=+0.682 b1=+0.059 b2=+0.002 b3=+0.006]
step 46750  ce 2.711  loss 2.712  holds 75488  132,910 tok/s  [fid:3=+0.986 fid:4=+0.763 fid:5=+0.052 b0=+0.584 b1=+0.060 b2=+0.008 b3=+0.006]
step 46800  ce 2.780  loss 2.792  holds 75488  132,898 tok/s  [fid:3=+0.986 fid:4=+0.764 fid:5=+0.052 b0=+0.592 b1=+0.041 b2=+0.002 b3=+0.005]
step 46850  ce 2.684  loss 2.685  holds 75520  132,884 tok/s  [fid:3=+0.985 fid:4=+0.764 fid:5=+0.052 b0=+0.583 b1=+0.037 b2=+0.001 b3=+0.005]
step 46900  ce 3.019  loss 3.023  holds 75520  132,915 tok/s  [fid:3=+0.985 fid:4=+0.764 fid:5=+0.052 b0=+0.641 b1=+0.054 b2=+0.006 b3=+0.005]
step 46950  ce 2.715  loss 2.716  holds 75552  132,902 tok/s  [fid:3=+0.985 fid:4=+0.764 fid:5=+0.052 b0=+0.677 b1=+0.067 b2=+0.003 b3=+0.005]
step 47000  ce 2.952  loss 2.965  holds 75552  132,934 tok/s  [fid:3=+0.984 fid:4=+0.765 fid:5=+0.052 b0=+0.677 b1=+0.072 b2=+0.004 b3=+0.005]
step 47050  ce 2.511  loss 2.512  holds 75552  132,922 tok/s  [fid:3=+0.984 fid:4=+0.765 fid:5=+0.051 b0=+0.620 b1=+0.085 b2=+0.004 b3=+0.005]
step 47100  ce 2.718  loss 2.719  holds 75552  132,905 tok/s  [fid:3=+0.986 fid:4=+0.765 fid:5=+0.051 b0=+0.585 b1=+0.095 b2=+0.002 b3=+0.005]
step 47150  ce 2.873  loss 2.875  holds 75584  132,940 tok/s  [fid:3=+0.985 fid:4=+0.765 fid:5=+0.051 b0=+0.573 b1=+0.065 b2=+0.004 b3=+0.005]
step 47200  ce 2.786  loss 2.798  holds 75616  132,923 tok/s  [fid:3=+0.986 fid:4=+0.767 fid:5=+0.051 b0=+0.646 b1=+0.073 b2=+0.004 b3=+0.005]
step 47250  ce 2.956  loss 2.957  holds 75616  132,955 tok/s  [fid:3=+0.986 fid:4=+0.768 fid:5=+0.051 b0=+0.643 b1=+0.052 b2=+0.003 b3=+0.005]
step 47300  ce 2.928  loss 2.930  holds 75616  132,942 tok/s  [fid:3=+0.986 fid:4=+0.767 fid:5=+0.051 b0=+0.631 b1=+0.083 b2=+0.004 b3=+0.005]
step 47350  ce 2.875  loss 2.878  holds 75616  132,936 tok/s  [fid:3=+0.985 fid:4=+0.766 fid:5=+0.051 b0=+0.617 b1=+0.049 b2=+0.007 b3=+0.005]
step 47400  ce 2.805  loss 2.817  holds 75648  132,971 tok/s  [fid:3=+0.984 fid:4=+0.766 fid:5=+0.051 b0=+0.595 b1=+0.054 b2=+0.002 b3=+0.005]
step 47450  ce 3.204  loss 3.205  holds 75680  132,959 tok/s  [fid:3=+0.985 fid:4=+0.766 fid:5=+0.052 b0=+0.697 b1=+0.051 b2=+0.004 b3=+0.005]
step 47500  ce 2.936  loss 2.938  holds 75680  132,945 tok/s  [fid:3=+0.985 fid:4=+0.767 fid:5=+0.051 b0=+0.618 b1=+0.054 b2=+0.004 b3=+0.005]
step 47550  ce 2.761  loss 2.764  holds 75680  132,976 tok/s  [fid:3=+0.986 fid:4=+0.768 fid:5=+0.051 b0=+0.649 b1=+0.103 b2=+0.003 b3=+0.005]
step 47600  ce 3.078  loss 3.090  holds 75680  132,964 tok/s  [fid:3=+0.986 fid:4=+0.768 fid:5=+0.052 b0=+0.615 b1=+0.113 b2=+0.005 b3=+0.005]
step 47650  ce 2.628  loss 2.630  holds 75712  132,997 tok/s  [fid:3=+0.985 fid:4=+0.767 fid:5=+0.051 b0=+0.635 b1=+0.098 b2=+0.008 b3=+0.005]
step 47700  ce 2.771  loss 2.773  holds 75744  132,980 tok/s  [fid:3=+0.985 fid:4=+0.767 fid:5=+0.051 b0=+0.587 b1=+0.150 b2=+0.006 b3=+0.005]
step 47750  ce 2.559  loss 2.561  holds 75744  132,962 tok/s  [fid:3=+0.981 fid:4=+0.766 fid:5=+0.051 b0=+0.619 b1=+0.108 b2=+0.003 b3=+0.005]
step 47800  ce 2.901  loss 2.913  holds 75744  132,995 tok/s  [fid:3=+0.984 fid:4=+0.766 fid:5=+0.051 b0=+0.655 b1=+0.100 b2=+0.001 b3=+0.005]
step 47850  ce 3.098  loss 3.099  holds 75744  132,981 tok/s  [fid:3=+0.984 fid:4=+0.766 fid:5=+0.051 b0=+0.647 b1=+0.071 b2=+0.006 b3=+0.005]
step 47900  ce 2.764  loss 2.765  holds 75776  133,014 tok/s  [fid:3=+0.983 fid:4=+0.767 fid:5=+0.051 b0=+0.586 b1=+0.099 b2=+0.005 b3=+0.005]
step 47950  ce 2.977  loss 2.981  holds 75808  133,002 tok/s  [fid:3=+0.984 fid:4=+0.767 fid:5=+0.051 b0=+0.657 b1=+0.092 b2=+0.002 b3=+0.005]
step 48000  ce 2.769  loss 2.808  holds 75808  132,987 tok/s  [fid:3=+0.986 fid:4=+0.767 fid:5=+0.051 b0=+0.618 b1=+0.049 b2=+0.004 b3=+0.005]
    holdout(cum): {'cross': [0.064, 0.03, 61], 'same': [0.405, 0.52, 42], 'straddle': [0.088, 0.07, 28]}
step 48050  ce 2.855  loss 2.857  holds 75808  133,012 tok/s  [fid:3=+0.985 fid:4=+0.768 fid:5=+0.051 b0=+0.611 b1=+0.108 b2=+0.003 b3=+0.005]
step 48100  ce 2.876  loss 2.877  holds 75808  132,998 tok/s  [fid:3=+0.985 fid:4=+0.768 fid:5=+0.051 b0=+0.620 b1=+0.063 b2=+0.004 b3=+0.005]
step 48150  ce 2.882  loss 2.883  holds 75840  133,033 tok/s  [fid:3=+0.985 fid:4=+0.768 fid:5=+0.051 b0=+0.664 b1=+0.052 b2=+0.001 b3=+0.005]
step 48200  ce 2.891  loss 2.904  holds 75872  133,026 tok/s  [fid:3=+0.984 fid:4=+0.768 fid:5=+0.051 b0=+0.672 b1=+0.056 b2=+0.002 b3=+0.005]
step 48250  ce 2.749  loss 2.751  holds 75872  133,008 tok/s  [fid:3=+0.985 fid:4=+0.768 fid:5=+0.051 b0=+0.599 b1=+0.085 b2=+0.004 b3=+0.005]
step 48300  ce 2.562  loss 2.564  holds 75872  133,040 tok/s  [fid:3=+0.984 fid:4=+0.768 fid:5=+0.051 b0=+0.644 b1=+0.061 b2=+0.002 b3=+0.005]
step 48350  ce 2.865  loss 2.867  holds 75872  133,021 tok/s  [fid:3=+0.984 fid:4=+0.768 fid:5=+0.051 b0=+0.676 b1=+0.079 b2=+0.002 b3=+0.005]
step 48400  ce 2.787  loss 2.800  holds 75904  133,052 tok/s  [fid:3=+0.985 fid:4=+0.768 fid:5=+0.051 b0=+0.628 b1=+0.080 b2=+0.003 b3=+0.005]
step 48450  ce 2.983  loss 2.985  holds 75936  133,035 tok/s  [fid:3=+0.984 fid:4=+0.768 fid:5=+0.051 b0=+0.673 b1=+0.034 b2=+0.006 b3=+0.005]
step 48500  ce 2.914  loss 2.915  holds 75936  133,021 tok/s  [fid:3=+0.985 fid:4=+0.767 fid:5=+0.051 b0=+0.673 b1=+0.042 b2=+0.006 b3=+0.005]
step 48550  ce 2.671  loss 2.673  holds 75936  133,051 tok/s  [fid:3=+0.984 fid:4=+0.767 fid:5=+0.051 b0=+0.606 b1=+0.064 b2=+0.003 b3=+0.005]
step 48600  ce 2.888  loss 2.900  holds 75936  133,032 tok/s  [fid:3=+0.984 fid:4=+0.768 fid:5=+0.051 b0=+0.567 b1=+0.072 b2=+0.001 b3=+0.005]
step 48650  ce 2.889  loss 2.891  holds 75968  133,063 tok/s  [fid:3=+0.985 fid:4=+0.768 fid:5=+0.051 b0=+0.697 b1=+0.116 b2=+0.003 b3=+0.005]
step 48700  ce 3.023  loss 3.025  holds 75968  133,046 tok/s  [fid:3=+0.985 fid:4=+0.768 fid:5=+0.051 b0=+0.695 b1=+0.090 b2=+0.004 b3=+0.005]
step 48750  ce 2.986  loss 2.988  holds 76000  133,029 tok/s  [fid:3=+0.985 fid:4=+0.768 fid:5=+0.051 b0=+0.691 b1=+0.100 b2=+0.006 b3=+0.005]
step 48800  ce 2.681  loss 2.694  holds 76000  133,061 tok/s  [fid:3=+0.986 fid:4=+0.769 fid:5=+0.051 b0=+0.644 b1=+0.060 b2=+0.003 b3=+0.005]
step 48850  ce 3.045  loss 3.046  holds 76000  133,043 tok/s  [fid:3=+0.986 fid:4=+0.770 fid:5=+0.052 b0=+0.659 b1=+0.063 b2=+0.002 b3=+0.005]
step 48900  ce 3.006  loss 3.008  holds 76032  133,027 tok/s  [fid:3=+0.986 fid:4=+0.771 fid:5=+0.051 b0=+0.625 b1=+0.110 b2=+0.004 b3=+0.005]
step 48950  ce 2.940  loss 2.942  holds 76032  133,058 tok/s  [fid:3=+0.986 fid:4=+0.771 fid:5=+0.051 b0=+0.598 b1=+0.049 b2=+0.006 b3=+0.005]
step 49000  ce 3.116  loss 3.128  holds 76064  133,039 tok/s  [fid:3=+0.985 fid:4=+0.772 fid:5=+0.051 b0=+0.658 b1=+0.069 b2=+0.004 b3=+0.005]
step 49050  ce 2.811  loss 2.813  holds 76064  133,067 tok/s  [fid:3=+0.986 fid:4=+0.772 fid:5=+0.051 b0=+0.697 b1=+0.090 b2=+0.002 b3=+0.005]
step 49100  ce 2.899  loss 2.900  holds 76064  133,057 tok/s  [fid:3=+0.986 fid:4=+0.772 fid:5=+0.052 b0=+0.653 b1=+0.074 b2=+0.003 b3=+0.005]
step 49150  ce 2.972  loss 2.973  holds 76064  133,039 tok/s  [fid:3=+0.987 fid:4=+0.772 fid:5=+0.052 b0=+0.699 b1=+0.083 b2=+0.003 b3=+0.005]
step 49200  ce 2.869  loss 2.880  holds 76096  133,070 tok/s  [fid:3=+0.986 fid:4=+0.773 fid:5=+0.052 b0=+0.607 b1=+0.064 b2=+0.002 b3=+0.005]
step 49250  ce 2.658  loss 2.659  holds 76128  133,050 tok/s  [fid:3=+0.985 fid:4=+0.774 fid:5=+0.052 b0=+0.663 b1=+0.100 b2=+0.004 b3=+0.005]
step 49300  ce 2.622  loss 2.623  holds 76128  133,082 tok/s  [fid:3=+0.986 fid:4=+0.775 fid:5=+0.052 b0=+0.599 b1=+0.065 b2=+0.003 b3=+0.005]
step 49350  ce 2.975  loss 2.976  holds 76128  133,067 tok/s  [fid:3=+0.986 fid:4=+0.775 fid:5=+0.052 b0=+0.620 b1=+0.065 b2=+0.004 b3=+0.005]
step 49400  ce 2.672  loss 2.683  holds 76128  133,049 tok/s  [fid:3=+0.986 fid:4=+0.776 fid:5=+0.052 b0=+0.678 b1=+0.061 b2=+0.003 b3=+0.005]
step 49450  ce 2.817  loss 2.821  holds 76160  133,080 tok/s  [fid:3=+0.984 fid:4=+0.775 fid:5=+0.052 b0=+0.629 b1=+0.053 b2=+0.003 b3=+0.005]
step 49500  ce 3.267  loss 3.268  holds 76192  133,064 tok/s  [fid:3=+0.985 fid:4=+0.776 fid:5=+0.052 b0=+0.712 b1=+0.070 b2=+0.004 b3=+0.004]
step 49550  ce 2.762  loss 2.764  holds 76192  133,092 tok/s  [fid:3=+0.985 fid:4=+0.776 fid:5=+0.052 b0=+0.673 b1=+0.118 b2=+0.003 b3=+0.004]
step 49600  ce 2.646  loss 2.688  holds 76192  133,077 tok/s  [fid:3=+0.982 fid:4=+0.776 fid:5=+0.052 b0=+0.636 b1=+0.075 b2=+0.003 b3=+0.004]
step 49650  ce 3.011  loss 3.012  holds 76192  133,065 tok/s  [fid:3=+0.983 fid:4=+0.775 fid:5=+0.052 b0=+0.603 b1=+0.101 b2=+0.004 b3=+0.004]
step 49700  ce 2.899  loss 2.900  holds 76224  133,095 tok/s  [fid:3=+0.983 fid:4=+0.774 fid:5=+0.052 b0=+0.691 b1=+0.043 b2=+0.003 b3=+0.004]
step 49750  ce 2.653  loss 2.654  holds 76256  133,085 tok/s  [fid:3=+0.985 fid:4=+0.774 fid:5=+0.052 b0=+0.708 b1=+0.033 b2=+0.002 b3=+0.004]
step 49800  ce 2.903  loss 2.916  holds 76256  133,073 tok/s  [fid:3=+0.985 fid:4=+0.774 fid:5=+0.052 b0=+0.570 b1=+0.047 b2=+0.002 b3=+0.004]
step 49850  ce 2.742  loss 2.744  holds 76256  133,104 tok/s  [fid:3=+0.984 fid:4=+0.774 fid:5=+0.052 b0=+0.641 b1=+0.040 b2=+0.004 b3=+0.004]
step 49900  ce 2.686  loss 2.688  holds 76256  133,093 tok/s  [fid:3=+0.984 fid:4=+0.773 fid:5=+0.052 b0=+0.659 b1=+0.114 b2=+0.002 b3=+0.004]
step 49950  ce 2.830  loss 2.832  holds 76288  133,125 tok/s  [fid:3=+0.985 fid:4=+0.773 fid:5=+0.052 b0=+0.524 b1=+0.055 b2=+0.005 b3=+0.004]
step 50000  ce 2.848  loss 2.859  holds 76320  133,108 tok/s  [fid:3=+0.986 fid:4=+0.774 fid:5=+0.052 b0=+0.644 b1=+0.073 b2=+0.003 b3=+0.004]
    holdout(cum): {'cross': [0.062, 0.03, 65], 'same': [0.416, 0.53, 43], 'straddle': [0.086, 0.07, 29]}
step 50050  ce 2.715  loss 2.716  holds 76320  133,085 tok/s  [fid:3=+0.986 fid:4=+0.774 fid:5=+0.052 b0=+0.621 b1=+0.149 b2=+0.006 b3=+0.004]
step 50100  ce 2.847  loss 2.848  holds 76320  133,116 tok/s  [fid:3=+0.985 fid:4=+0.774 fid:5=+0.052 b0=+0.575 b1=+0.083 b2=+0.002 b3=+0.004]
step 50150  ce 3.037  loss 3.038  holds 76320  133,105 tok/s  [fid:3=+0.984 fid:4=+0.774 fid:5=+0.052 b0=+0.613 b1=+0.053 b2=+0.003 b3=+0.004]
step 50200  ce 2.912  loss 2.924  holds 76352  133,137 tok/s  [fid:3=+0.984 fid:4=+0.773 fid:5=+0.052 b0=+0.655 b1=+0.095 b2=+0.002 b3=+0.004]
step 50250  ce 2.712  loss 2.715  holds 76384  133,126 tok/s  [fid:3=+0.986 fid:4=+0.773 fid:5=+0.052 b0=+0.603 b1=+0.071 b2=+0.005 b3=+0.004]
step 50300  ce 2.843  loss 2.844  holds 76384  133,116 tok/s  [fid:3=+0.985 fid:4=+0.772 fid:5=+0.052 b0=+0.655 b1=+0.108 b2=+0.002 b3=+0.004]
step 50350  ce 2.779  loss 2.780  holds 76384  133,145 tok/s  [fid:3=+0.985 fid:4=+0.771 fid:5=+0.052 b0=+0.697 b1=+0.113 b2=+0.001 b3=+0.003]
step 50400  ce 3.007  loss 3.019  holds 76384  133,128 tok/s  [fid:3=+0.986 fid:4=+0.772 fid:5=+0.052 b0=+0.672 b1=+0.118 b2=+0.003 b3=+0.003]
step 50450  ce 2.921  loss 2.922  holds 76416  133,160 tok/s  [fid:3=+0.986 fid:4=+0.771 fid:5=+0.052 b0=+0.596 b1=+0.055 b2=+0.003 b3=+0.003]
step 50500  ce 2.909  loss 2.912  holds 76448  133,150 tok/s  [fid:3=+0.984 fid:4=+0.769 fid:5=+0.052 b0=+0.635 b1=+0.042 b2=+0.002 b3=+0.003]
step 50550  ce 2.498  loss 2.499  holds 76448  133,133 tok/s  [fid:3=+0.986 fid:4=+0.770 fid:5=+0.052 b0=+0.710 b1=+0.080 b2=+0.002 b3=+0.003]
step 50600  ce 3.025  loss 3.038  holds 76448  133,165 tok/s  [fid:3=+0.986 fid:4=+0.770 fid:5=+0.052 b0=+0.626 b1=+0.073 b2=+0.002 b3=+0.003]
step 50650  ce 3.055  loss 3.056  holds 76448  133,149 tok/s  [fid:3=+0.986 fid:4=+0.770 fid:5=+0.052 b0=+0.577 b1=+0.101 b2=+0.008 b3=+0.003]
step 50700  ce 3.033  loss 3.034  holds 76480  133,181 tok/s  [fid:3=+0.986 fid:4=+0.770 fid:5=+0.052 b0=+0.669 b1=+0.092 b2=+0.002 b3=+0.003]
step 50750  ce 2.675  loss 2.676  holds 76480  133,165 tok/s  [fid:3=+0.986 fid:4=+0.769 fid:5=+0.052 b0=+0.604 b1=+0.062 b2=+0.003 b3=+0.003]
step 50800  ce 3.019  loss 3.032  holds 76512  133,151 tok/s  [fid:3=+0.984 fid:4=+0.769 fid:5=+0.052 b0=+0.732 b1=+0.077 b2=+0.002 b3=+0.003]
step 50850  ce 2.897  loss 2.899  holds 76512  133,183 tok/s  [fid:3=+0.984 fid:4=+0.767 fid:5=+0.052 b0=+0.555 b1=+0.079 b2=+0.002 b3=+0.003]
step 50900  ce 3.013  loss 3.015  holds 76512  133,170 tok/s  [fid:3=+0.983 fid:4=+0.768 fid:5=+0.052 b0=+0.642 b1=+0.104 b2=+0.005 b3=+0.003]
step 50950  ce 2.934  loss 2.935  holds 76544  133,156 tok/s  [fid:3=+0.984 fid:4=+0.769 fid:5=+0.052 b0=+0.612 b1=+0.097 b2=+0.003 b3=+0.003]
step 51000  ce 3.073  loss 3.084  holds 76544  133,187 tok/s  [fid:3=+0.985 fid:4=+0.769 fid:5=+0.052 b0=+0.548 b1=+0.045 b2=+0.004 b3=+0.003]
step 51050  ce 2.937  loss 2.938  holds 76576  133,170 tok/s  [fid:3=+0.986 fid:4=+0.770 fid:5=+0.052 b0=+0.653 b1=+0.057 b2=+0.004 b3=+0.003]
step 51100  ce 2.934  loss 2.935  holds 76576  133,201 tok/s  [fid:3=+0.984 fid:4=+0.771 fid:5=+0.052 b0=+0.619 b1=+0.056 b2=+0.003 b3=+0.003]
step 51150  ce 2.836  loss 2.837  holds 76576  133,184 tok/s  [fid:3=+0.985 fid:4=+0.772 fid:5=+0.052 b0=+0.702 b1=+0.076 b2=+0.002 b3=+0.003]
step 51200  ce 2.980  loss 3.020  holds 76576  133,172 tok/s  [fid:3=+0.985 fid:4=+0.772 fid:5=+0.052 b0=+0.702 b1=+0.081 b2=+0.005 b3=+0.003]
step 51250  ce 2.898  loss 2.900  holds 76608  133,201 tok/s  [fid:3=+0.983 fid:4=+0.771 fid:5=+0.052 b0=+0.613 b1=+0.049 b2=+0.004 b3=+0.003]
step 51300  ce 2.962  loss 2.963  holds 76640  133,187 tok/s  [fid:3=+0.984 fid:4=+0.771 fid:5=+0.052 b0=+0.602 b1=+0.040 b2=+0.004 b3=+0.003]
step 51350  ce 2.476  loss 2.477  holds 76640  133,218 tok/s  [fid:3=+0.985 fid:4=+0.771 fid:5=+0.052 b0=+0.532 b1=+0.046 b2=+0.004 b3=+0.003]
step 51400  ce 2.950  loss 2.963  holds 76640  133,208 tok/s  [fid:3=+0.984 fid:4=+0.771 fid:5=+0.052 b0=+0.618 b1=+0.055 b2=+0.002 b3=+0.003]
step 51450  ce 2.974  loss 2.977  holds 76640  133,192 tok/s  [fid:3=+0.984 fid:4=+0.771 fid:5=+0.052 b0=+0.591 b1=+0.086 b2=+0.002 b3=+0.003]
step 51500  ce 2.666  loss 2.667  holds 76672  133,221 tok/s  [fid:3=+0.983 fid:4=+0.771 fid:5=+0.052 b0=+0.636 b1=+0.108 b2=+0.002 b3=+0.003]
step 51550  ce 3.010  loss 3.011  holds 76704  133,202 tok/s  [fid:3=+0.984 fid:4=+0.772 fid:5=+0.052 b0=+0.653 b1=+0.101 b2=+0.002 b3=+0.003]
step 51600  ce 2.845  loss 2.857  holds 76704  133,186 tok/s  [fid:3=+0.984 fid:4=+0.772 fid:5=+0.052 b0=+0.615 b1=+0.064 b2=+0.004 b3=+0.003]
step 51650  ce 2.805  loss 2.808  holds 76704  133,215 tok/s  [fid:3=+0.984 fid:4=+0.771 fid:5=+0.052 b0=+0.678 b1=+0.069 b2=+0.004 b3=+0.003]
step 51700  ce 3.024  loss 3.025  holds 76704  133,200 tok/s  [fid:3=+0.985 fid:4=+0.771 fid:5=+0.052 b0=+0.676 b1=+0.055 b2=+0.001 b3=+0.003]
step 51750  ce 2.902  loss 2.903  holds 76736  133,230 tok/s  [fid:3=+0.985 fid:4=+0.771 fid:5=+0.052 b0=+0.613 b1=+0.074 b2=+0.003 b3=+0.003]
step 51800  ce 2.919  loss 2.931  holds 76768  133,212 tok/s  [fid:3=+0.985 fid:4=+0.772 fid:5=+0.052 b0=+0.623 b1=+0.099 b2=+0.002 b3=+0.003]
step 51850  ce 2.780  loss 2.782  holds 76768  133,200 tok/s  [fid:3=+0.984 fid:4=+0.771 fid:5=+0.052 b0=+0.605 b1=+0.077 b2=+0.002 b3=+0.003]
step 51900  ce 3.062  loss 3.063  holds 76768  133,231 tok/s  [fid:3=+0.984 fid:4=+0.771 fid:5=+0.052 b0=+0.576 b1=+0.096 b2=+0.004 b3=+0.003]
step 51950  ce 2.964  loss 2.965  holds 76768  133,218 tok/s  [fid:3=+0.984 fid:4=+0.771 fid:5=+0.052 b0=+0.638 b1=+0.064 b2=+0.002 b3=+0.003]
step 52000  ce 3.259  loss 3.272  holds 76800  133,250 tok/s  [fid:3=+0.984 fid:4=+0.772 fid:5=+0.052 b0=+0.600 b1=+0.060 b2=+0.005 b3=+0.003]
    holdout(cum): {'cross': [0.063, 0.03, 67], 'same': [0.416, 0.53, 43], 'straddle': [0.086, 0.07, 29]}
step 52050  ce 2.814  loss 2.815  holds 76832  133,230 tok/s  [fid:3=+0.986 fid:4=+0.773 fid:5=+0.052 b0=+0.545 b1=+0.113 b2=+0.002 b3=+0.003]
step 52100  ce 2.712  loss 2.714  holds 76832  133,214 tok/s  [fid:3=+0.987 fid:4=+0.773 fid:5=+0.052 b0=+0.661 b1=+0.093 b2=+0.004 b3=+0.003]
step 52150  ce 3.058  loss 3.059  holds 76832  133,244 tok/s  [fid:3=+0.986 fid:4=+0.774 fid:5=+0.052 b0=+0.686 b1=+0.077 b2=+0.008 b3=+0.003]
step 52200  ce 2.671  loss 2.683  holds 76832  133,227 tok/s  [fid:3=+0.985 fid:4=+0.775 fid:5=+0.052 b0=+0.671 b1=+0.092 b2=+0.002 b3=+0.003]
step 52250  ce 3.007  loss 3.008  holds 76864  133,257 tok/s  [fid:3=+0.985 fid:4=+0.774 fid:5=+0.052 b0=+0.635 b1=+0.078 b2=+0.001 b3=+0.003]
step 52300  ce 2.832  loss 2.833  holds 76896  133,246 tok/s  [fid:3=+0.985 fid:4=+0.773 fid:5=+0.052 b0=+0.599 b1=+0.055 b2=+0.003 b3=+0.004]
step 52350  ce 2.761  loss 2.763  holds 76896  133,231 tok/s  [fid:3=+0.986 fid:4=+0.774 fid:5=+0.052 b0=+0.600 b1=+0.076 b2=+0.005 b3=+0.004]
step 52400  ce 2.755  loss 2.768  holds 76896  133,260 tok/s  [fid:3=+0.985 fid:4=+0.773 fid:5=+0.052 b0=+0.672 b1=+0.096 b2=+0.001 b3=+0.004]
step 52450  ce 2.810  loss 2.812  holds 76896  133,247 tok/s  [fid:3=+0.986 fid:4=+0.773 fid:5=+0.052 b0=+0.642 b1=+0.109 b2=+0.003 b3=+0.004]
step 52500  ce 2.956  loss 2.957  holds 76928  133,231 tok/s  [fid:3=+0.985 fid:4=+0.773 fid:5=+0.052 b0=+0.612 b1=+0.052 b2=+0.003 b3=+0.004]
step 52550  ce 2.832  loss 2.834  holds 76960  133,258 tok/s  [fid:3=+0.985 fid:4=+0.774 fid:5=+0.052 b0=+0.656 b1=+0.056 b2=+0.003 b3=+0.004]
step 52600  ce 2.935  loss 2.946  holds 76960  133,242 tok/s  [fid:3=+0.985 fid:4=+0.774 fid:5=+0.052 b0=+0.648 b1=+0.071 b2=+0.005 b3=+0.004]
step 52650  ce 2.959  loss 2.960  holds 76960  133,272 tok/s  [fid:3=+0.983 fid:4=+0.773 fid:5=+0.052 b0=+0.609 b1=+0.040 b2=+0.002 b3=+0.004]
step 52700  ce 3.030  loss 3.031  holds 76960  133,255 tok/s  [fid:3=+0.985 fid:4=+0.773 fid:5=+0.052 b0=+0.650 b1=+0.062 b2=+0.003 b3=+0.004]
step 52750  ce 2.827  loss 2.828  holds 76992  133,238 tok/s  [fid:3=+0.986 fid:4=+0.774 fid:5=+0.052 b0=+0.630 b1=+0.073 b2=+0.004 b3=+0.004]
step 52800  ce 2.979  loss 3.019  holds 77024  133,267 tok/s  [fid:3=+0.985 fid:4=+0.775 fid:5=+0.052 b0=+0.644 b1=+0.066 b2=+0.005 b3=+0.004]
step 52850  ce 2.904  loss 2.905  holds 77024  133,255 tok/s  [fid:3=+0.985 fid:4=+0.775 fid:5=+0.052 b0=+0.631 b1=+0.088 b2=+0.002 b3=+0.004]
step 52900  ce 2.783  loss 2.784  holds 77024  133,284 tok/s  [fid:3=+0.985 fid:4=+0.775 fid:5=+0.052 b0=+0.684 b1=+0.092 b2=+0.003 b3=+0.004]
step 52950  ce 2.851  loss 2.852  holds 77024  133,268 tok/s  [fid:3=+0.986 fid:4=+0.776 fid:5=+0.052 b0=+0.602 b1=+0.077 b2=+0.003 b3=+0.004]
step 53000  ce 2.802  loss 2.815  holds 77056  133,257 tok/s  [fid:3=+0.985 fid:4=+0.776 fid:5=+0.052 b0=+0.683 b1=+0.078 b2=+0.004 b3=+0.004]
step 53050  ce 3.065  loss 3.067  holds 77056  133,284 tok/s  [fid:3=+0.985 fid:4=+0.777 fid:5=+0.052 b0=+0.637 b1=+0.064 b2=+0.003 b3=+0.004]
step 53100  ce 2.590  loss 2.591  holds 77088  133,277 tok/s  [fid:3=+0.984 fid:4=+0.778 fid:5=+0.052 b0=+0.666 b1=+0.088 b2=+0.002 b3=+0.003]
step 53150  ce 2.770  loss 2.772  holds 77088  133,261 tok/s  [fid:3=+0.984 fid:4=+0.777 fid:5=+0.052 b0=+0.617 b1=+0.051 b2=+0.005 b3=+0.003]
step 53200  ce 2.853  loss 2.864  holds 77088  133,291 tok/s  [fid:3=+0.985 fid:4=+0.778 fid:5=+0.052 b0=+0.729 b1=+0.069 b2=+0.003 b3=+0.003]
step 53250  ce 2.784  loss 2.786  holds 77120  133,274 tok/s  [fid:3=+0.985 fid:4=+0.778 fid:5=+0.052 b0=+0.665 b1=+0.057 b2=+0.003 b3=+0.003]
step 53300  ce 2.986  loss 2.987  holds 77120  133,304 tok/s  [fid:3=+0.985 fid:4=+0.778 fid:5=+0.052 b0=+0.609 b1=+0.033 b2=+0.002 b3=+0.003]
step 53350  ce 2.780  loss 2.781  holds 77152  133,294 tok/s  [fid:3=+0.986 fid:4=+0.778 fid:5=+0.052 b0=+0.533 b1=+0.102 b2=+0.004 b3=+0.005]
step 53400  ce 2.828  loss 2.838  holds 77152  133,282 tok/s  [fid:3=+0.985 fid:4=+0.779 fid:5=+0.052 b0=+0.666 b1=+0.064 b2=+0.004 b3=+0.005]
step 53450  ce 2.759  loss 2.761  holds 77152  133,311 tok/s  [fid:3=+0.983 fid:4=+0.778 fid:5=+0.052 b0=+0.617 b1=+0.087 b2=+0.006 b3=+0.005]
step 53500  ce 2.754  loss 2.756  holds 77152  133,300 tok/s  [fid:3=+0.985 fid:4=+0.779 fid:5=+0.052 b0=+0.596 b1=+0.103 b2=+0.004 b3=+0.005]
step 53550  ce 2.807  loss 2.808  holds 77184  133,327 tok/s  [fid:3=+0.985 fid:4=+0.778 fid:5=+0.052 b0=+0.641 b1=+0.069 b2=+0.002 b3=+0.005]
step 53600  ce 2.888  loss 2.898  holds 77216  133,312 tok/s  [fid:3=+0.986 fid:4=+0.778 fid:5=+0.052 b0=+0.671 b1=+0.059 b2=+0.001 b3=+0.005]
step 53650  ce 2.794  loss 2.795  holds 77216  133,297 tok/s  [fid:3=+0.985 fid:4=+0.779 fid:5=+0.052 b0=+0.607 b1=+0.086 b2=+0.003 b3=+0.005]
step 53700  ce 2.784  loss 2.786  holds 77216  133,326 tok/s  [fid:3=+0.985 fid:4=+0.779 fid:5=+0.052 b0=+0.664 b1=+0.058 b2=+0.003 b3=+0.005]
step 53750  ce 3.034  loss 3.036  holds 77216  133,310 tok/s  [fid:3=+0.985 fid:4=+0.779 fid:5=+0.052 b0=+0.693 b1=+0.080 b2=+0.003 b3=+0.005]
step 53800  ce 2.933  loss 2.944  holds 77248  133,339 tok/s  [fid:3=+0.986 fid:4=+0.780 fid:5=+0.052 b0=+0.684 b1=+0.058 b2=+0.003 b3=+0.005]
step 53850  ce 2.916  loss 2.918  holds 77280  133,323 tok/s  [fid:3=+0.985 fid:4=+0.780 fid:5=+0.052 b0=+0.648 b1=+0.061 b2=+0.003 b3=+0.004]
step 53900  ce 2.884  loss 2.885  holds 77280  133,306 tok/s  [fid:3=+0.986 fid:4=+0.779 fid:5=+0.052 b0=+0.622 b1=+0.061 b2=+0.003 b3=+0.004]
step 53950  ce 3.040  loss 3.042  holds 77280  133,335 tok/s  [fid:3=+0.986 fid:4=+0.780 fid:5=+0.052 b0=+0.635 b1=+0.076 b2=+0.004 b3=+0.004]
step 54000  ce 2.901  loss 2.912  holds 77280  133,320 tok/s  [fid:3=+0.986 fid:4=+0.780 fid:5=+0.052 b0=+0.655 b1=+0.084 b2=+0.004 b3=+0.004]
    holdout(cum): {'cross': [0.062, 0.03, 70], 'same': [0.434, 0.56, 45], 'straddle': [0.091, 0.07, 30]}
step 54050  ce 2.717  loss 2.718  holds 77312  133,299 tok/s  [fid:3=+0.986 fid:4=+0.779 fid:5=+0.052 b0=+0.742 b1=+0.082 b2=+0.002 b3=+0.004]
step 54100  ce 2.671  loss 2.672  holds 77344  133,328 tok/s  [fid:3=+0.986 fid:4=+0.780 fid:5=+0.052 b0=+0.690 b1=+0.074 b2=+0.004 b3=+0.004]
step 54150  ce 2.914  loss 2.915  holds 77344  133,319 tok/s  [fid:3=+0.984 fid:4=+0.780 fid:5=+0.052 b0=+0.687 b1=+0.057 b2=+0.003 b3=+0.004]
step 54200  ce 3.011  loss 3.023  holds 77344  133,347 tok/s  [fid:3=+0.985 fid:4=+0.780 fid:5=+0.052 b0=+0.715 b1=+0.077 b2=+0.001 b3=+0.004]
step 54250  ce 2.751  loss 2.752  holds 77344  133,331 tok/s  [fid:3=+0.986 fid:4=+0.781 fid:5=+0.052 b0=+0.713 b1=+0.112 b2=+0.003 b3=+0.004]
step 54300  ce 2.685  loss 2.687  holds 77376  133,315 tok/s  [fid:3=+0.985 fid:4=+0.782 fid:5=+0.052 b0=+0.616 b1=+0.081 b2=+0.005 b3=+0.004]
step 54350  ce 2.881  loss 2.883  holds 77408  133,344 tok/s  [fid:3=+0.985 fid:4=+0.782 fid:5=+0.052 b0=+0.714 b1=+0.043 b2=+0.005 b3=+0.004]
step 54400  ce 2.698  loss 2.738  holds 77408  133,327 tok/s  [fid:3=+0.981 fid:4=+0.780 fid:5=+0.052 b0=+0.695 b1=+0.050 b2=+0.005 b3=+0.004]
step 54450  ce 2.816  loss 2.817  holds 77408  133,356 tok/s  [fid:3=+0.984 fid:4=+0.781 fid:5=+0.052 b0=+0.561 b1=+0.050 b2=+0.004 b3=+0.004]
step 54500  ce 2.867  loss 2.868  holds 77408  133,346 tok/s  [fid:3=+0.986 fid:4=+0.780 fid:5=+0.052 b0=+0.611 b1=+0.052 b2=+0.004 b3=+0.004]
step 54550  ce 2.902  loss 2.903  holds 77440  133,333 tok/s  [fid:3=+0.985 fid:4=+0.780 fid:5=+0.052 b0=+0.695 b1=+0.060 b2=+0.003 b3=+0.004]
step 54600  ce 2.968  loss 2.979  holds 77472  133,362 tok/s  [fid:3=+0.985 fid:4=+0.779 fid:5=+0.052 b0=+0.656 b1=+0.062 b2=+0.001 b3=+0.005]
step 54650  ce 2.964  loss 2.965  holds 77472  133,347 tok/s  [fid:3=+0.986 fid:4=+0.779 fid:5=+0.052 b0=+0.623 b1=+0.056 b2=+0.003 b3=+0.005]
step 54700  ce 2.878  loss 2.879  holds 77472  133,375 tok/s  [fid:3=+0.986 fid:4=+0.780 fid:5=+0.052 b0=+0.706 b1=+0.082 b2=+0.002 b3=+0.005]
step 54750  ce 2.736  loss 2.737  holds 77472  133,368 tok/s  [fid:3=+0.985 fid:4=+0.779 fid:5=+0.052 b0=+0.699 b1=+0.069 b2=+0.002 b3=+0.005]
step 54800  ce 3.072  loss 3.084  holds 77504  133,353 tok/s  [fid:3=+0.985 fid:4=+0.779 fid:5=+0.052 b0=+0.653 b1=+0.084 b2=+0.001 b3=+0.004]
step 54850  ce 2.795  loss 2.796  holds 77536  133,381 tok/s  [fid:3=+0.986 fid:4=+0.779 fid:5=+0.052 b0=+0.577 b1=+0.084 b2=+0.003 b3=+0.004]
step 54900  ce 2.860  loss 2.862  holds 77536  133,365 tok/s  [fid:3=+0.985 fid:4=+0.780 fid:5=+0.052 b0=+0.643 b1=+0.044 b2=+0.006 b3=+0.004]
step 54950  ce 2.947  loss 2.948  holds 77536  133,349 tok/s  [fid:3=+0.986 fid:4=+0.781 fid:5=+0.052 b0=+0.706 b1=+0.074 b2=+0.006 b3=+0.004]
step 55000  ce 2.646  loss 2.658  holds 77536  133,377 tok/s  [fid:3=+0.985 fid:4=+0.780 fid:5=+0.052 b0=+0.717 b1=+0.101 b2=+0.005 b3=+0.004]
step 55050  ce 2.750  loss 2.753  holds 77568  133,359 tok/s  [fid:3=+0.984 fid:4=+0.780 fid:5=+0.052 b0=+0.646 b1=+0.082 b2=+0.002 b3=+0.004]
step 55100  ce 2.425  loss 2.426  holds 77568  133,387 tok/s  [fid:3=+0.984 fid:4=+0.779 fid:5=+0.052 b0=+0.653 b1=+0.060 b2=+0.002 b3=+0.004]
step 55150  ce 2.809  loss 2.811  holds 77600  133,370 tok/s  [fid:3=+0.983 fid:4=+0.779 fid:5=+0.052 b0=+0.638 b1=+0.076 b2=+0.004 b3=+0.004]
step 55200  ce 2.404  loss 2.417  holds 77600  133,360 tok/s  [fid:3=+0.984 fid:4=+0.779 fid:5=+0.052 b0=+0.624 b1=+0.068 b2=+0.004 b3=+0.004]
step 55250  ce 2.881  loss 2.882  holds 77600  133,390 tok/s  [fid:3=+0.985 fid:4=+0.779 fid:5=+0.052 b0=+0.624 b1=+0.067 b2=+0.005 b3=+0.004]
step 55300  ce 2.854  loss 2.856  holds 77632  133,382 tok/s  [fid:3=+0.985 fid:4=+0.780 fid:5=+0.052 b0=+0.698 b1=+0.099 b2=+0.005 b3=+0.004]
step 55350  ce 2.837  loss 2.841  holds 77632  133,412 tok/s  [fid:3=+0.985 fid:4=+0.781 fid:5=+0.052 b0=+0.632 b1=+0.085 b2=+0.005 b3=+0.005]
step 55400  ce 2.693  loss 2.704  holds 77664  133,399 tok/s  [fid:3=+0.985 fid:4=+0.781 fid:5=+0.052 b0=+0.646 b1=+0.069 b2=+0.005 b3=+0.004]
step 55450  ce 2.848  loss 2.850  holds 77664  133,387 tok/s  [fid:3=+0.985 fid:4=+0.781 fid:5=+0.052 b0=+0.628 b1=+0.077 b2=+0.002 b3=+0.004]
step 55500  ce 2.598  loss 2.599  holds 77664  133,417 tok/s  [fid:3=+0.986 fid:4=+0.781 fid:5=+0.052 b0=+0.621 b1=+0.091 b2=+0.004 b3=+0.004]
step 55550  ce 2.830  loss 2.832  holds 77664  133,399 tok/s  [fid:3=+0.985 fid:4=+0.781 fid:5=+0.052 b0=+0.693 b1=+0.051 b2=+0.003 b3=+0.004]
step 55600  ce 2.733  loss 2.745  holds 77696  133,388 tok/s  [fid:3=+0.985 fid:4=+0.782 fid:5=+0.052 b0=+0.590 b1=+0.043 b2=+0.007 b3=+0.004]
step 55650  ce 2.993  loss 2.994  holds 77728  133,417 tok/s  [fid:3=+0.985 fid:4=+0.782 fid:5=+0.052 b0=+0.615 b1=+0.093 b2=+0.003 b3=+0.004]
step 55700  ce 2.921  loss 2.922  holds 77728  133,400 tok/s  [fid:3=+0.985 fid:4=+0.783 fid:5=+0.052 b0=+0.667 b1=+0.078 b2=+0.001 b3=+0.004]
step 55750  ce 2.835  loss 2.836  holds 77728  133,428 tok/s  [fid:3=+0.985 fid:4=+0.784 fid:5=+0.052 b0=+0.668 b1=+0.068 b2=+0.001 b3=+0.004]
step 55800  ce 2.814  loss 2.825  holds 77728  133,412 tok/s  [fid:3=+0.986 fid:4=+0.785 fid:5=+0.052 b0=+0.602 b1=+0.101 b2=+0.002 b3=+0.004]
step 55850  ce 2.684  loss 2.685  holds 77760  133,401 tok/s  [fid:3=+0.985 fid:4=+0.786 fid:5=+0.052 b0=+0.633 b1=+0.087 b2=+0.002 b3=+0.004]
step 55900  ce 2.836  loss 2.838  holds 77792  133,430 tok/s  [fid:3=+0.986 fid:4=+0.785 fid:5=+0.052 b0=+0.649 b1=+0.058 b2=+0.002 b3=+0.004]
step 55950  ce 2.806  loss 2.807  holds 77792  133,415 tok/s  [fid:3=+0.984 fid:4=+0.785 fid:5=+0.052 b0=+0.702 b1=+0.054 b2=+0.004 b3=+0.004]
step 56000  ce 2.886  loss 2.924  holds 77792  133,399 tok/s  [fid:3=+0.985 fid:4=+0.785 fid:5=+0.052 b0=+0.642 b1=+0.060 b2=+0.005 b3=+0.004]
    holdout(cum): {'cross': [0.062, 0.03, 71], 'same': [0.442, 0.57, 47], 'straddle': [0.089, 0.06, 31]}
step 56050  ce 2.929  loss 2.933  holds 77792  133,421 tok/s  [fid:3=+0.983 fid:4=+0.784 fid:5=+0.052 b0=+0.649 b1=+0.074 b2=+0.009 b3=+0.004]
step 56100  ce 2.539  loss 2.541  holds 77824  133,407 tok/s  [fid:3=+0.985 fid:4=+0.783 fid:5=+0.052 b0=+0.655 b1=+0.092 b2=+0.002 b3=+0.004]
step 56150  ce 2.695  loss 2.699  holds 77856  133,434 tok/s  [fid:3=+0.985 fid:4=+0.784 fid:5=+0.052 b0=+0.649 b1=+0.075 b2=+0.004 b3=+0.004]
step 56200  ce 2.769  loss 2.780  holds 77856  133,424 tok/s  [fid:3=+0.984 fid:4=+0.784 fid:5=+0.052 b0=+0.695 b1=+0.096 b2=+0.002 b3=+0.004]
step 56250  ce 2.691  loss 2.693  holds 77856  133,409 tok/s  [fid:3=+0.986 fid:4=+0.784 fid:5=+0.052 b0=+0.664 b1=+0.086 b2=+0.001 b3=+0.004]
step 56300  ce 2.716  loss 2.718  holds 77856  133,436 tok/s  [fid:3=+0.986 fid:4=+0.784 fid:5=+0.052 b0=+0.632 b1=+0.111 b2=+0.002 b3=+0.004]
step 56350  ce 3.016  loss 3.017  holds 77888  133,426 tok/s  [fid:3=+0.986 fid:4=+0.784 fid:5=+0.052 b0=+0.633 b1=+0.077 b2=+0.003 b3=+0.004]
step 56400  ce 2.958  loss 2.969  holds 77920  133,454 tok/s  [fid:3=+0.985 fid:4=+0.785 fid:5=+0.052 b0=+0.716 b1=+0.089 b2=+0.002 b3=+0.004]
step 56450  ce 3.076  loss 3.078  holds 77920  133,446 tok/s  [fid:3=+0.985 fid:4=+0.785 fid:5=+0.052 b0=+0.670 b1=+0.035 b2=+0.002 b3=+0.004]
step 56500  ce 3.020  loss 3.021  holds 77920  133,431 tok/s  [fid:3=+0.984 fid:4=+0.785 fid:5=+0.052 b0=+0.650 b1=+0.061 b2=+0.004 b3=+0.004]
step 56550  ce 2.900  loss 2.901  holds 77920  133,457 tok/s  [fid:3=+0.985 fid:4=+0.785 fid:5=+0.052 b0=+0.599 b1=+0.039 b2=+0.004 b3=+0.004]
step 56600  ce 2.578  loss 2.590  holds 77952  133,444 tok/s  [fid:3=+0.985 fid:4=+0.785 fid:5=+0.052 b0=+0.583 b1=+0.043 b2=+0.003 b3=+0.004]
step 56650  ce 2.737  loss 2.739  holds 77984  133,472 tok/s  [fid:3=+0.985 fid:4=+0.785 fid:5=+0.052 b0=+0.652 b1=+0.061 b2=+0.003 b3=+0.004]
step 56700  ce 2.947  loss 2.948  holds 77984  133,461 tok/s  [fid:3=+0.986 fid:4=+0.785 fid:5=+0.052 b0=+0.650 b1=+0.090 b2=+0.003 b3=+0.004]
step 56750  ce 2.724  loss 2.726  holds 77984  133,451 tok/s  [fid:3=+0.986 fid:4=+0.787 fid:5=+0.052 b0=+0.725 b1=+0.049 b2=+0.002 b3=+0.004]
step 56800  ce 2.767  loss 2.778  holds 77984  133,480 tok/s  [fid:3=+0.985 fid:4=+0.787 fid:5=+0.052 b0=+0.655 b1=+0.042 b2=+0.002 b3=+0.004]
step 56850  ce 2.753  loss 2.755  holds 78016  133,468 tok/s  [fid:3=+0.985 fid:4=+0.787 fid:5=+0.052 b0=+0.686 b1=+0.067 b2=+0.005 b3=+0.004]
step 56900  ce 2.711  loss 2.712  holds 78048  133,459 tok/s  [fid:3=+0.985 fid:4=+0.787 fid:5=+0.052 b0=+0.616 b1=+0.088 b2=+0.005 b3=+0.004]
step 56950  ce 2.981  loss 2.983  holds 78048  133,486 tok/s  [fid:3=+0.985 fid:4=+0.787 fid:5=+0.052 b0=+0.571 b1=+0.095 b2=+0.003 b3=+0.004]
step 57000  ce 2.771  loss 2.782  holds 78048  133,478 tok/s  [fid:3=+0.985 fid:4=+0.787 fid:5=+0.052 b0=+0.567 b1=+0.064 b2=+0.003 b3=+0.004]
step 57050  ce 2.643  loss 2.645  holds 78048  133,504 tok/s  [fid:3=+0.985 fid:4=+0.787 fid:5=+0.052 b0=+0.666 b1=+0.058 b2=+0.003 b3=+0.004]
step 57100  ce 2.478  loss 2.480  holds 78080  133,489 tok/s  [fid:3=+0.986 fid:4=+0.787 fid:5=+0.052 b0=+0.632 b1=+0.063 b2=+0.004 b3=+0.004]
step 57150  ce 2.821  loss 2.823  holds 78080  133,474 tok/s  [fid:3=+0.986 fid:4=+0.789 fid:5=+0.052 b0=+0.728 b1=+0.102 b2=+0.006 b3=+0.004]
step 57200  ce 2.820  loss 2.832  holds 78112  133,502 tok/s  [fid:3=+0.986 fid:4=+0.789 fid:5=+0.052 b0=+0.641 b1=+0.069 b2=+0.002 b3=+0.004]
step 57250  ce 2.811  loss 2.812  holds 78112  133,490 tok/s  [fid:3=+0.986 fid:4=+0.789 fid:5=+0.052 b0=+0.666 b1=+0.061 b2=+0.002 b3=+0.004]
step 57300  ce 2.900  loss 2.902  holds 78112  133,517 tok/s  [fid:3=+0.986 fid:4=+0.789 fid:5=+0.052 b0=+0.625 b1=+0.043 b2=+0.002 b3=+0.004]
step 57350  ce 2.993  loss 2.994  holds 78144  133,501 tok/s  [fid:3=+0.986 fid:4=+0.790 fid:5=+0.052 b0=+0.612 b1=+0.088 b2=+0.004 b3=+0.004]
step 57400  ce 2.885  loss 2.896  holds 78144  133,487 tok/s  [fid:3=+0.984 fid:4=+0.790 fid:5=+0.052 b0=+0.567 b1=+0.103 b2=+0.006 b3=+0.004]
step 57450  ce 2.648  loss 2.649  holds 78176  133,515 tok/s  [fid:3=+0.984 fid:4=+0.789 fid:5=+0.052 b0=+0.661 b1=+0.077 b2=+0.004 b3=+0.004]
step 57500  ce 2.776  loss 2.777  holds 78176  133,502 tok/s  [fid:3=+0.985 fid:4=+0.789 fid:5=+0.052 b0=+0.687 b1=+0.044 b2=+0.002 b3=+0.004]
step 57550  ce 2.755  loss 2.756  holds 78176  133,526 tok/s  [fid:3=+0.986 fid:4=+0.789 fid:5=+0.052 b0=+0.678 b1=+0.013 b2=+0.004 b3=+0.004]
step 57600  ce 2.741  loss 2.780  holds 78176  133,510 tok/s  [fid:3=+0.986 fid:4=+0.790 fid:5=+0.052 b0=+0.715 b1=+0.056 b2=+0.003 b3=+0.004]
step 57650  ce 2.927  loss 2.928  holds 78208  133,496 tok/s  [fid:3=+0.986 fid:4=+0.791 fid:5=+0.052 b0=+0.593 b1=+0.061 b2=+0.003 b3=+0.004]
step 57700  ce 3.051  loss 3.053  holds 78240  133,523 tok/s  [fid:3=+0.985 fid:4=+0.790 fid:5=+0.052 b0=+0.610 b1=+0.056 b2=+0.003 b3=+0.004]
step 57750  ce 2.723  loss 2.724  holds 78240  133,508 tok/s  [fid:3=+0.985 fid:4=+0.789 fid:5=+0.052 b0=+0.617 b1=+0.108 b2=+0.002 b3=+0.005]
step 57800  ce 2.811  loss 2.821  holds 78240  133,498 tok/s  [fid:3=+0.986 fid:4=+0.790 fid:5=+0.052 b0=+0.656 b1=+0.051 b2=+0.002 b3=+0.005]
step 57850  ce 2.836  loss 2.838  holds 78240  133,524 tok/s  [fid:3=+0.986 fid:4=+0.791 fid:5=+0.052 b0=+0.633 b1=+0.041 b2=+0.004 b3=+0.005]
step 57900  ce 2.882  loss 2.884  holds 78272  133,513 tok/s  [fid:3=+0.984 fid:4=+0.792 fid:5=+0.052 b0=+0.629 b1=+0.072 b2=+0.006 b3=+0.005]
step 57950  ce 3.250  loss 3.251  holds 78304  133,540 tok/s  [fid:3=+0.984 fid:4=+0.792 fid:5=+0.052 b0=+0.691 b1=+0.050 b2=+0.005 b3=+0.005]
step 58000  ce 2.709  loss 2.721  holds 78304  133,527 tok/s  [fid:3=+0.984 fid:4=+0.791 fid:5=+0.052 b0=+0.665 b1=+0.069 b2=+0.004 b3=+0.005]
    holdout(cum): {'cross': [0.062, 0.03, 72], 'same': [0.441, 0.57, 49], 'straddle': [0.089, 0.06, 31]}
step 58050  ce 2.917  loss 2.918  holds 78304  133,514 tok/s  [fid:3=+0.985 fid:4=+0.790 fid:5=+0.052 b0=+0.624 b1=+0.055 b2=+0.011 b3=+0.004]
step 58100  ce 2.812  loss 2.814  holds 78304  133,540 tok/s  [fid:3=+0.985 fid:4=+0.790 fid:5=+0.052 b0=+0.621 b1=+0.079 b2=+0.004 b3=+0.004]
step 58150  ce 2.678  loss 2.680  holds 78336  133,525 tok/s  [fid:3=+0.984 fid:4=+0.790 fid:5=+0.052 b0=+0.606 b1=+0.127 b2=+0.004 b3=+0.004]
step 58200  ce 2.818  loss 2.829  holds 78368  133,551 tok/s  [fid:3=+0.985 fid:4=+0.791 fid:5=+0.052 b0=+0.666 b1=+0.107 b2=+0.001 b3=+0.004]
step 58250  ce 2.850  loss 2.851  holds 78368  133,536 tok/s  [fid:3=+0.985 fid:4=+0.791 fid:5=+0.052 b0=+0.604 b1=+0.108 b2=+0.003 b3=+0.004]
step 58300  ce 2.911  loss 2.913  holds 78368  133,522 tok/s  [fid:3=+0.986 fid:4=+0.791 fid:5=+0.052 b0=+0.686 b1=+0.091 b2=+0.003 b3=+0.004]
step 58350  ce 2.677  loss 2.680  holds 78368  133,548 tok/s  [fid:3=+0.985 fid:4=+0.791 fid:5=+0.052 b0=+0.705 b1=+0.082 b2=+0.002 b3=+0.004]
step 58400  ce 2.882  loss 2.892  holds 78400  133,534 tok/s  [fid:3=+0.986 fid:4=+0.792 fid:5=+0.052 b0=+0.712 b1=+0.076 b2=+0.002 b3=+0.004]
step 58450  ce 2.713  loss 2.714  holds 78432  133,519 tok/s  [fid:3=+0.986 fid:4=+0.792 fid:5=+0.052 b0=+0.587 b1=+0.109 b2=+0.001 b3=+0.004]
step 58500  ce 3.057  loss 3.059  holds 78432  133,545 tok/s  [fid:3=+0.986 fid:4=+0.792 fid:5=+0.052 b0=+0.690 b1=+0.065 b2=+0.004 b3=+0.004]
step 58550  ce 2.886  loss 2.887  holds 78432  133,529 tok/s  [fid:3=+0.983 fid:4=+0.791 fid:5=+0.052 b0=+0.651 b1=+0.088 b2=+0.004 b3=+0.004]
step 58600  ce 2.637  loss 2.649  holds 78432  133,555 tok/s  [fid:3=+0.984 fid:4=+0.791 fid:5=+0.052 b0=+0.606 b1=+0.062 b2=+0.006 b3=+0.004]
step 58650  ce 2.798  loss 2.799  holds 78464  133,542 tok/s  [fid:3=+0.985 fid:4=+0.791 fid:5=+0.052 b0=+0.692 b1=+0.051 b2=+0.002 b3=+0.004]
step 58700  ce 2.965  loss 2.967  holds 78496  133,527 tok/s  [fid:3=+0.986 fid:4=+0.792 fid:5=+0.052 b0=+0.724 b1=+0.086 b2=+0.001 b3=+0.004]
step 58750  ce 3.034  loss 3.035  holds 78496  133,554 tok/s  [fid:3=+0.986 fid:4=+0.793 fid:5=+0.052 b0=+0.687 b1=+0.039 b2=+0.003 b3=+0.004]
step 58800  ce 2.673  loss 2.684  holds 78496  133,539 tok/s  [fid:3=+0.986 fid:4=+0.794 fid:5=+0.052 b0=+0.658 b1=+0.058 b2=+0.003 b3=+0.004]
step 58850  ce 2.953  loss 2.955  holds 78496  133,565 tok/s  [fid:3=+0.986 fid:4=+0.794 fid:5=+0.052 b0=+0.633 b1=+0.030 b2=+0.004 b3=+0.004]
step 58900  ce 2.802  loss 2.806  holds 78528  133,551 tok/s  [fid:3=+0.985 fid:4=+0.794 fid:5=+0.052 b0=+0.631 b1=+0.040 b2=+0.003 b3=+0.004]
step 58950  ce 3.004  loss 3.005  holds 78560  133,540 tok/s  [fid:3=+0.985 fid:4=+0.794 fid:5=+0.052 b0=+0.662 b1=+0.079 b2=+0.003 b3=+0.004]
step 59000  ce 2.875  loss 2.886  holds 78560  133,566 tok/s  [fid:3=+0.986 fid:4=+0.793 fid:5=+0.052 b0=+0.667 b1=+0.061 b2=+0.002 b3=+0.004]
step 59050  ce 2.790  loss 2.791  holds 78560  133,550 tok/s  [fid:3=+0.986 fid:4=+0.794 fid:5=+0.052 b0=+0.689 b1=+0.082 b2=+0.004 b3=+0.004]
step 59100  ce 2.928  loss 2.932  holds 78560  133,537 tok/s  [fid:3=+0.985 fid:4=+0.795 fid:5=+0.052 b0=+0.606 b1=+0.067 b2=+0.001 b3=+0.004]
step 59150  ce 2.588  loss 2.589  holds 78592  133,563 tok/s  [fid:3=+0.987 fid:4=+0.795 fid:5=+0.052 b0=+0.725 b1=+0.105 b2=+0.003 b3=+0.004]
step 59200  ce 2.894  loss 2.933  holds 78624  133,552 tok/s  [fid:3=+0.985 fid:4=+0.795 fid:5=+0.052 b0=+0.589 b1=+0.079 b2=+0.003 b3=+0.004]
step 59250  ce 2.785  loss 2.787  holds 78624  133,578 tok/s  [fid:3=+0.986 fid:4=+0.794 fid:5=+0.052 b0=+0.665 b1=+0.096 b2=+0.004 b3=+0.004]
step 59300  ce 3.061  loss 3.063  holds 78624  133,562 tok/s  [fid:3=+0.986 fid:4=+0.795 fid:5=+0.052 b0=+0.662 b1=+0.074 b2=+0.002 b3=+0.004]
step 59350  ce 3.050  loss 3.051  holds 78624  133,547 tok/s  [fid:3=+0.985 fid:4=+0.794 fid:5=+0.052 b0=+0.643 b1=+0.084 b2=+0.006 b3=+0.004]
step 59400  ce 2.976  loss 2.987  holds 78656  133,573 tok/s  [fid:3=+0.985 fid:4=+0.792 fid:5=+0.052 b0=+0.603 b1=+0.090 b2=+0.003 b3=+0.004]
step 59450  ce 2.957  loss 2.959  holds 78656  133,559 tok/s  [fid:3=+0.986 fid:4=+0.792 fid:5=+0.052 b0=+0.640 b1=+0.091 b2=+0.002 b3=+0.004]
step 59500  ce 2.799  loss 2.801  holds 78688  133,586 tok/s  [fid:3=+0.984 fid:4=+0.792 fid:5=+0.052 b0=+0.695 b1=+0.117 b2=+0.003 b3=+0.004]
step 59550  ce 2.689  loss 2.690  holds 78688  133,575 tok/s  [fid:3=+0.985 fid:4=+0.792 fid:5=+0.052 b0=+0.694 b1=+0.075 b2=+0.002 b3=+0.004]
step 59600  ce 2.672  loss 2.683  holds 78688  133,560 tok/s  [fid:3=+0.986 fid:4=+0.793 fid:5=+0.052 b0=+0.651 b1=+0.078 b2=+0.001 b3=+0.004]
step 59650  ce 2.675  loss 2.676  holds 78720  133,585 tok/s  [fid:3=+0.986 fid:4=+0.792 fid:5=+0.052 b0=+0.681 b1=+0.099 b2=+0.003 b3=+0.004]
step 59700  ce 2.764  loss 2.766  holds 78720  133,571 tok/s  [fid:3=+0.985 fid:4=+0.792 fid:5=+0.052 b0=+0.682 b1=+0.048 b2=+0.001 b3=+0.004]
step 59750  ce 2.556  loss 2.559  holds 78752  133,558 tok/s  [fid:3=+0.985 fid:4=+0.793 fid:5=+0.052 b0=+0.686 b1=+0.100 b2=+0.004 b3=+0.004]
step 59800  ce 2.812  loss 2.823  holds 78752  133,585 tok/s  [fid:3=+0.985 fid:4=+0.792 fid:5=+0.052 b0=+0.658 b1=+0.078 b2=+0.002 b3=+0.004]
step 59850  ce 2.756  loss 2.759  holds 78752  133,570 tok/s  [fid:3=+0.985 fid:4=+0.793 fid:5=+0.052 b0=+0.659 b1=+0.068 b2=+0.003 b3=+0.004]
step 59900  ce 2.768  loss 2.769  holds 78752  133,595 tok/s  [fid:3=+0.984 fid:4=+0.792 fid:5=+0.052 b0=+0.681 b1=+0.096 b2=+0.002 b3=+0.004]
step 59950  ce 2.768  loss 2.770  holds 78784  133,582 tok/s  [fid:3=+0.986 fid:4=+0.792 fid:5=+0.052 b0=+0.593 b1=+0.066 b2=+0.006 b3=+0.004]
step 60000  ce 2.718  loss 2.729  holds 78816  133,567 tok/s  [fid:3=+0.986 fid:4=+0.793 fid:5=+0.052 b0=+0.629 b1=+0.124 b2=+0.004 b3=+0.004]
    holdout(cum): {'cross': [0.063, 0.04, 77], 'same': [0.439, 0.58, 50], 'straddle': [0.087, 0.06, 32]}
step 60050  ce 2.721  loss 2.722  holds 78816  133,588 tok/s  [fid:3=+0.986 fid:4=+0.794 fid:5=+0.052 b0=+0.594 b1=+0.088 b2=+0.005 b3=+0.004]
step 60100  ce 3.033  loss 3.035  holds 78816  133,576 tok/s  [fid:3=+0.985 fid:4=+0.795 fid:5=+0.052 b0=+0.698 b1=+0.121 b2=+0.002 b3=+0.004]
step 60150  ce 2.796  loss 2.798  holds 78816  133,602 tok/s  [fid:3=+0.984 fid:4=+0.795 fid:5=+0.052 b0=+0.613 b1=+0.070 b2=+0.005 b3=+0.004]
step 60200  ce 2.777  loss 2.788  holds 78848  133,589 tok/s  [fid:3=+0.985 fid:4=+0.795 fid:5=+0.052 b0=+0.580 b1=+0.053 b2=+0.011 b3=+0.004]
step 60250  ce 3.053  loss 3.054  holds 78880  133,576 tok/s  [fid:3=+0.986 fid:4=+0.795 fid:5=+0.052 b0=+0.622 b1=+0.076 b2=+0.003 b3=+0.003]
step 60300  ce 2.836  loss 2.837  holds 78880  133,602 tok/s  [fid:3=+0.985 fid:4=+0.794 fid:5=+0.052 b0=+0.585 b1=+0.092 b2=+0.005 b3=+0.003]
step 60350  ce 2.838  loss 2.840  holds 78880  133,590 tok/s  [fid:3=+0.985 fid:4=+0.794 fid:5=+0.052 b0=+0.731 b1=+0.086 b2=+0.002 b3=+0.003]
step 60400  ce 2.675  loss 2.686  holds 78880  133,616 tok/s  [fid:3=+0.986 fid:4=+0.795 fid:5=+0.052 b0=+0.668 b1=+0.046 b2=+0.003 b3=+0.003]
step 60450  ce 2.908  loss 2.909  holds 78912  133,602 tok/s  [fid:3=+0.986 fid:4=+0.796 fid:5=+0.052 b0=+0.616 b1=+0.061 b2=+0.003 b3=+0.003]
step 60500  ce 2.733  loss 2.734  holds 78944  133,593 tok/s  [fid:3=+0.986 fid:4=+0.796 fid:5=+0.052 b0=+0.713 b1=+0.090 b2=+0.003 b3=+0.003]
step 60550  ce 3.036  loss 3.037  holds 78944  133,615 tok/s  [fid:3=+0.985 fid:4=+0.794 fid:5=+0.052 b0=+0.693 b1=+0.073 b2=+0.005 b3=+0.003]
step 60600  ce 3.165  loss 3.176  holds 78944  133,599 tok/s  [fid:3=+0.986 fid:4=+0.794 fid:5=+0.052 b0=+0.661 b1=+0.084 b2=+0.002 b3=+0.003]
step 60650  ce 2.879  loss 2.881  holds 78944  133,588 tok/s  [fid:3=+0.977 fid:4=+0.792 fid:5=+0.052 b0=+0.600 b1=+0.106 b2=+0.005 b3=+0.003]
step 60700  ce 2.748  loss 2.749  holds 78976  133,613 tok/s  [fid:3=+0.973 fid:4=+0.790 fid:5=+0.052 b0=+0.674 b1=+0.066 b2=+0.002 b3=+0.004]
step 60750  ce 2.683  loss 2.685  holds 79008  133,597 tok/s  [fid:3=+0.982 fid:4=+0.791 fid:5=+0.052 b0=+0.659 b1=+0.047 b2=+0.004 b3=+0.004]
step 60800  ce 2.746  loss 2.784  holds 79008  133,622 tok/s  [fid:3=+0.984 fid:4=+0.791 fid:5=+0.052 b0=+0.679 b1=+0.093 b2=+0.003 b3=+0.004]
step 60850  ce 2.820  loss 2.821  holds 79008  133,606 tok/s  [fid:3=+0.985 fid:4=+0.792 fid:5=+0.052 b0=+0.673 b1=+0.052 b2=+0.004 b3=+0.004]
step 60900  ce 3.019  loss 3.022  holds 79008  133,590 tok/s  [fid:3=+0.986 fid:4=+0.793 fid:5=+0.052 b0=+0.622 b1=+0.071 b2=+0.003 b3=+0.004]
step 60950  ce 3.087  loss 3.089  holds 79040  133,615 tok/s  [fid:3=+0.986 fid:4=+0.793 fid:5=+0.052 b0=+0.697 b1=+0.104 b2=+0.003 b3=+0.003]
step 61000  ce 2.865  loss 2.876  holds 79072  133,603 tok/s  [fid:3=+0.985 fid:4=+0.793 fid:5=+0.052 b0=+0.722 b1=+0.050 b2=+0.002 b3=+0.003]
step 61050  ce 2.769  loss 2.770  holds 79072  133,626 tok/s  [fid:3=+0.985 fid:4=+0.794 fid:5=+0.052 b0=+0.678 b1=+0.104 b2=+0.003 b3=+0.003]
step 61100  ce 2.975  loss 2.977  holds 79072  133,614 tok/s  [fid:3=+0.986 fid:4=+0.794 fid:5=+0.052 b0=+0.646 b1=+0.039 b2=+0.006 b3=+0.003]
step 61150  ce 2.616  loss 2.618  holds 79072  133,601 tok/s  [fid:3=+0.986 fid:4=+0.794 fid:5=+0.052 b0=+0.542 b1=+0.081 b2=+0.004 b3=+0.003]
step 61200  ce 2.898  loss 2.908  holds 79104  133,626 tok/s  [fid:3=+0.986 fid:4=+0.795 fid:5=+0.052 b0=+0.594 b1=+0.086 b2=+0.003 b3=+0.003]
step 61250  ce 2.839  loss 2.840  holds 79136  133,609 tok/s  [fid:3=+0.985 fid:4=+0.795 fid:5=+0.052 b0=+0.672 b1=+0.063 b2=+0.005 b3=+0.003]
step 61300  ce 2.934  loss 2.935  holds 79136  133,634 tok/s  [fid:3=+0.985 fid:4=+0.797 fid:5=+0.052 b0=+0.716 b1=+0.105 b2=+0.002 b3=+0.003]
step 61350  ce 2.894  loss 2.896  holds 79136  133,627 tok/s  [fid:3=+0.986 fid:4=+0.798 fid:5=+0.052 b0=+0.654 b1=+0.075 b2=+0.004 b3=+0.003]
step 61400  ce 2.688  loss 2.699  holds 79136  133,614 tok/s  [fid:3=+0.984 fid:4=+0.798 fid:5=+0.052 b0=+0.611 b1=+0.053 b2=+0.005 b3=+0.003]
step 61450  ce 2.932  loss 2.933  holds 79168  133,638 tok/s  [fid:3=+0.985 fid:4=+0.798 fid:5=+0.052 b0=+0.626 b1=+0.040 b2=+0.003 b3=+0.003]
step 61500  ce 2.971  loss 2.973  holds 79168  133,625 tok/s  [fid:3=+0.986 fid:4=+0.798 fid:5=+0.052 b0=+0.708 b1=+0.066 b2=+0.002 b3=+0.003]
step 61550  ce 2.903  loss 2.907  holds 79200  133,612 tok/s  [fid:3=+0.985 fid:4=+0.798 fid:5=+0.052 b0=+0.561 b1=+0.088 b2=+0.002 b3=+0.003]
step 61600  ce 2.849  loss 2.861  holds 79200  133,637 tok/s  [fid:3=+0.984 fid:4=+0.798 fid:5=+0.052 b0=+0.642 b1=+0.107 b2=+0.004 b3=+0.003]
step 61650  ce 2.938  loss 2.939  holds 79200  133,628 tok/s  [fid:3=+0.986 fid:4=+0.798 fid:5=+0.052 b0=+0.636 b1=+0.151 b2=+0.003 b3=+0.003]
step 61700  ce 2.658  loss 2.659  holds 79232  133,652 tok/s  [fid:3=+0.983 fid:4=+0.798 fid:5=+0.052 b0=+0.753 b1=+0.136 b2=+0.003 b3=+0.003]
step 61750  ce 2.788  loss 2.790  holds 79232  133,643 tok/s  [fid:3=+0.985 fid:4=+0.798 fid:5=+0.052 b0=+0.696 b1=+0.077 b2=+0.020 b3=+0.003]
step 61800  ce 2.662  loss 2.672  holds 79264  133,626 tok/s  [fid:3=+0.985 fid:4=+0.798 fid:5=+0.052 b0=+0.656 b1=+0.072 b2=+0.005 b3=+0.003]
step 61850  ce 2.944  loss 2.946  holds 79264  133,651 tok/s  [fid:3=+0.985 fid:4=+0.798 fid:5=+0.052 b0=+0.567 b1=+0.080 b2=+0.004 b3=+0.003]
step 61900  ce 2.921  loss 2.923  holds 79264  133,642 tok/s  [fid:3=+0.983 fid:4=+0.798 fid:5=+0.052 b0=+0.657 b1=+0.061 b2=+0.003 b3=+0.003]
step 61950  ce 2.760  loss 2.763  holds 79264  133,629 tok/s  [fid:3=+0.985 fid:4=+0.799 fid:5=+0.052 b0=+0.694 b1=+0.037 b2=+0.005 b3=+0.003]
step 62000  ce 2.952  loss 2.963  holds 79296  133,653 tok/s  [fid:3=+0.985 fid:4=+0.799 fid:5=+0.052 b0=+0.649 b1=+0.024 b2=+0.002 b3=+0.003]
    holdout(cum): {'cross': [0.062, 0.04, 80], 'same': [0.449, 0.59, 51], 'straddle': [0.087, 0.06, 32]}
step 62050  ce 2.558  loss 2.560  holds 79328  133,634 tok/s  [fid:3=+0.985 fid:4=+0.800 fid:5=+0.052 b0=+0.688 b1=+0.045 b2=+0.002 b3=+0.003]
step 62100  ce 2.616  loss 2.617  holds 79328  133,658 tok/s  [fid:3=+0.985 fid:4=+0.800 fid:5=+0.052 b0=+0.721 b1=+0.044 b2=+0.003 b3=+0.003]
step 62150  ce 2.711  loss 2.713  holds 79328  133,644 tok/s  [fid:3=+0.984 fid:4=+0.801 fid:5=+0.052 b0=+0.698 b1=+0.058 b2=+0.004 b3=+0.003]
step 62200  ce 2.724  loss 2.735  holds 79328  133,630 tok/s  [fid:3=+0.983 fid:4=+0.802 fid:5=+0.052 b0=+0.679 b1=+0.041 b2=+0.003 b3=+0.003]
step 62250  ce 2.824  loss 2.825  holds 79360  133,657 tok/s  [fid:3=+0.984 fid:4=+0.801 fid:5=+0.052 b0=+0.688 b1=+0.103 b2=+0.003 b3=+0.003]
step 62300  ce 2.959  loss 2.961  holds 79392  133,644 tok/s  [fid:3=+0.985 fid:4=+0.802 fid:5=+0.052 b0=+0.722 b1=+0.121 b2=+0.003 b3=+0.003]
step 62350  ce 2.664  loss 2.666  holds 79392  133,669 tok/s  [fid:3=+0.984 fid:4=+0.803 fid:5=+0.052 b0=+0.660 b1=+0.078 b2=+0.003 b3=+0.003]
step 62400  ce 2.881  loss 2.920  holds 79392  133,658 tok/s  [fid:3=+0.984 fid:4=+0.802 fid:5=+0.052 b0=+0.545 b1=+0.123 b2=+0.004 b3=+0.003]
step 62450  ce 2.950  loss 2.953  holds 79392  133,648 tok/s  [fid:3=+0.984 fid:4=+0.801 fid:5=+0.052 b0=+0.660 b1=+0.043 b2=+0.003 b3=+0.003]
step 62500  ce 3.010  loss 3.011  holds 79424  133,672 tok/s  [fid:3=+0.985 fid:4=+0.801 fid:5=+0.052 b0=+0.602 b1=+0.072 b2=+0.002 b3=+0.003]
step 62550  ce 2.729  loss 2.730  holds 79456  133,660 tok/s  [fid:3=+0.984 fid:4=+0.801 fid:5=+0.052 b0=+0.645 b1=+0.070 b2=+0.002 b3=+0.003]
step 62600  ce 2.667  loss 2.677  holds 79456  133,684 tok/s  [fid:3=+0.985 fid:4=+0.800 fid:5=+0.052 b0=+0.638 b1=+0.059 b2=+0.002 b3=+0.003]
step 62650  ce 2.569  loss 2.570  holds 79456  133,670 tok/s  [fid:3=+0.986 fid:4=+0.800 fid:5=+0.052 b0=+0.662 b1=+0.062 b2=+0.002 b3=+0.003]
step 62700  ce 2.829  loss 2.831  holds 79456  133,655 tok/s  [fid:3=+0.983 fid:4=+0.800 fid:5=+0.052 b0=+0.707 b1=+0.083 b2=+0.003 b3=+0.003]
step 62750  ce 2.834  loss 2.836  holds 79488  133,679 tok/s  [fid:3=+0.983 fid:4=+0.801 fid:5=+0.052 b0=+0.723 b1=+0.101 b2=+0.003 b3=+0.003]
step 62800  ce 2.707  loss 2.717  holds 79520  133,668 tok/s  [fid:3=+0.984 fid:4=+0.802 fid:5=+0.052 b0=+0.612 b1=+0.072 b2=+0.002 b3=+0.003]
step 62850  ce 2.879  loss 2.880  holds 79520  133,658 tok/s  [fid:3=+0.984 fid:4=+0.802 fid:5=+0.052 b0=+0.687 b1=+0.086 b2=+0.003 b3=+0.003]
step 62900  ce 2.628  loss 2.629  holds 79520  133,683 tok/s  [fid:3=+0.986 fid:4=+0.804 fid:5=+0.052 b0=+0.644 b1=+0.115 b2=+0.002 b3=+0.003]
step 62950  ce 2.844  loss 2.845  holds 79520  133,672 tok/s  [fid:3=+0.985 fid:4=+0.804 fid:5=+0.052 b0=+0.625 b1=+0.120 b2=+0.007 b3=+0.003]
step 63000  ce 2.809  loss 2.819  holds 79552  133,695 tok/s  [fid:3=+0.985 fid:4=+0.804 fid:5=+0.052 b0=+0.659 b1=+0.070 b2=+0.004 b3=+0.003]
step 63050  ce 2.837  loss 2.838  holds 79584  133,684 tok/s  [fid:3=+0.985 fid:4=+0.804 fid:5=+0.052 b0=+0.575 b1=+0.049 b2=+0.002 b3=+0.003]
step 63100  ce 2.747  loss 2.749  holds 79584  133,680 tok/s  [fid:3=+0.986 fid:4=+0.805 fid:5=+0.052 b0=+0.655 b1=+0.041 b2=+0.007 b3=+0.003]
step 63150  ce 2.927  loss 2.928  holds 79584  133,706 tok/s  [fid:3=+0.986 fid:4=+0.804 fid:5=+0.052 b0=+0.708 b1=+0.059 b2=+0.006 b3=+0.003]
step 63200  ce 2.881  loss 2.891  holds 79584  133,695 tok/s  [fid:3=+0.986 fid:4=+0.805 fid:5=+0.052 b0=+0.609 b1=+0.062 b2=+0.003 b3=+0.003]
step 63250  ce 2.683  loss 2.684  holds 79616  133,720 tok/s  [fid:3=+0.986 fid:4=+0.805 fid:5=+0.052 b0=+0.663 b1=+0.104 b2=+0.003 b3=+0.003]
step 63300  ce 2.757  loss 2.760  holds 79648  133,704 tok/s  [fid:3=+0.985 fid:4=+0.804 fid:5=+0.052 b0=+0.720 b1=+0.083 b2=+0.004 b3=+0.003]
step 63350  ce 2.791  loss 2.793  holds 79648  133,690 tok/s  [fid:3=+0.984 fid:4=+0.804 fid:5=+0.052 b0=+0.676 b1=+0.099 b2=+0.003 b3=+0.003]
step 63400  ce 2.628  loss 2.640  holds 79648  133,714 tok/s  [fid:3=+0.984 fid:4=+0.804 fid:5=+0.052 b0=+0.667 b1=+0.088 b2=+0.003 b3=+0.003]
step 63450  ce 2.963  loss 2.965  holds 79648  133,704 tok/s  [fid:3=+0.985 fid:4=+0.804 fid:5=+0.052 b0=+0.634 b1=+0.074 b2=+0.002 b3=+0.003]
step 63500  ce 2.867  loss 2.869  holds 79680  133,691 tok/s  [fid:3=+0.986 fid:4=+0.804 fid:5=+0.052 b0=+0.683 b1=+0.080 b2=+0.002 b3=+0.003]
step 63550  ce 2.649  loss 2.650  holds 79680  133,712 tok/s  [fid:3=+0.985 fid:4=+0.804 fid:5=+0.052 b0=+0.652 b1=+0.068 b2=+0.005 b3=+0.003]
step 63600  ce 2.770  loss 2.780  holds 79712  133,699 tok/s  [fid:3=+0.984 fid:4=+0.804 fid:5=+0.052 b0=+0.625 b1=+0.085 b2=+0.004 b3=+0.003]
step 63650  ce 2.869  loss 2.871  holds 79712  133,725 tok/s  [fid:3=+0.985 fid:4=+0.804 fid:5=+0.052 b0=+0.671 b1=+0.047 b2=+0.003 b3=+0.003]
step 63700  ce 2.755  loss 2.756  holds 79712  133,719 tok/s  [fid:3=+0.985 fid:4=+0.804 fid:5=+0.052 b0=+0.681 b1=+0.063 b2=+0.004 b3=+0.003]
step 63750  ce 2.774  loss 2.776  holds 79744  133,706 tok/s  [fid:3=+0.985 fid:4=+0.805 fid:5=+0.052 b0=+0.660 b1=+0.090 b2=+0.002 b3=+0.003]
step 63800  ce 2.785  loss 2.794  holds 79744  133,731 tok/s  [fid:3=+0.986 fid:4=+0.804 fid:5=+0.052 b0=+0.643 b1=+0.097 b2=+0.004 b3=+0.003]
step 63850  ce 2.799  loss 2.800  holds 79776  133,717 tok/s  [fid:3=+0.985 fid:4=+0.805 fid:5=+0.052 b0=+0.705 b1=+0.085 b2=+0.004 b3=+0.004]
step 63900  ce 2.733  loss 2.734  holds 79776  133,742 tok/s  [fid:3=+0.985 fid:4=+0.805 fid:5=+0.052 b0=+0.715 b1=+0.114 b2=+0.002 b3=+0.004]
step 63950  ce 2.758  loss 2.761  holds 79776  133,729 tok/s  [fid:3=+0.984 fid:4=+0.804 fid:5=+0.052 b0=+0.656 b1=+0.114 b2=+0.002 b3=+0.004]
step 64000  ce 2.662  loss 2.700  holds 79776  133,720 tok/s  [fid:3=+0.983 fid:4=+0.804 fid:5=+0.052 b0=+0.567 b1=+0.079 b2=+0.003 b3=+0.004]
    holdout(cum): {'cross': [0.062, 0.04, 81], 'same': [0.468, 0.61, 54], 'straddle': [0.085, 0.06, 33]}
step 64050  ce 2.820  loss 2.821  holds 79808  133,739 tok/s  [fid:3=+0.984 fid:4=+0.805 fid:5=+0.052 b0=+0.665 b1=+0.086 b2=+0.005 b3=+0.003]
step 64100  ce 2.736  loss 2.738  holds 79840  133,724 tok/s  [fid:3=+0.985 fid:4=+0.805 fid:5=+0.052 b0=+0.703 b1=+0.086 b2=+0.005 b3=+0.003]
step 64150  ce 2.790  loss 2.791  holds 79840  133,714 tok/s  [fid:3=+0.986 fid:4=+0.804 fid:5=+0.052 b0=+0.755 b1=+0.072 b2=+0.002 b3=+0.003]
step 64200  ce 2.563  loss 2.575  holds 79840  133,736 tok/s  [fid:3=+0.986 fid:4=+0.804 fid:5=+0.052 b0=+0.711 b1=+0.064 b2=+0.002 b3=+0.003]
step 64250  ce 2.839  loss 2.841  holds 79840  133,722 tok/s  [fid:3=+0.985 fid:4=+0.804 fid:5=+0.052 b0=+0.673 b1=+0.061 b2=+0.004 b3=+0.004]
step 64300  ce 3.007  loss 3.009  holds 79872  133,747 tok/s  [fid:3=+0.986 fid:4=+0.804 fid:5=+0.052 b0=+0.684 b1=+0.057 b2=+0.003 b3=+0.004]
step 64350  ce 2.930  loss 2.931  holds 79904  133,734 tok/s  [fid:3=+0.985 fid:4=+0.805 fid:5=+0.052 b0=+0.638 b1=+0.136 b2=+0.003 b3=+0.004]
step 64400  ce 2.755  loss 2.766  holds 79904  133,722 tok/s  [fid:3=+0.985 fid:4=+0.803 fid:5=+0.052 b0=+0.662 b1=+0.122 b2=+0.003 b3=+0.004]
step 64450  ce 3.048  loss 3.049  holds 79904  133,747 tok/s  [fid:3=+0.985 fid:4=+0.803 fid:5=+0.052 b0=+0.681 b1=+0.064 b2=+0.002 b3=+0.004]
step 64500  ce 2.828  loss 2.829  holds 79904  133,734 tok/s  [fid:3=+0.985 fid:4=+0.803 fid:5=+0.052 b0=+0.609 b1=+0.062 b2=+0.004 b3=+0.004]
step 64550  ce 2.709  loss 2.711  holds 79936  133,756 tok/s  [fid:3=+0.985 fid:4=+0.804 fid:5=+0.052 b0=+0.623 b1=+0.078 b2=+0.002 b3=+0.004]
step 64600  ce 2.831  loss 2.841  holds 79968  133,746 tok/s  [fid:3=+0.986 fid:4=+0.804 fid:5=+0.052 b0=+0.709 b1=+0.060 b2=+0.001 b3=+0.004]
step 64650  ce 2.740  loss 2.742  holds 79968  133,737 tok/s  [fid:3=+0.985 fid:4=+0.804 fid:5=+0.052 b0=+0.606 b1=+0.044 b2=+0.004 b3=+0.004]
step 64700  ce 2.819  loss 2.823  holds 79968  133,760 tok/s  [fid:3=+0.985 fid:4=+0.805 fid:5=+0.052 b0=+0.650 b1=+0.065 b2=+0.003 b3=+0.004]
step 64750  ce 2.821  loss 2.822  holds 79968  133,745 tok/s  [fid:3=+0.985 fid:4=+0.805 fid:5=+0.052 b0=+0.622 b1=+0.093 b2=+0.005 b3=+0.004]
step 64800  ce 2.821  loss 2.832  holds 80000  133,770 tok/s  [fid:3=+0.985 fid:4=+0.807 fid:5=+0.052 b0=+0.623 b1=+0.064 b2=+0.001 b3=+0.004]
step 64850  ce 3.004  loss 3.005  holds 80032  133,758 tok/s  [fid:3=+0.985 fid:4=+0.807 fid:5=+0.052 b0=+0.608 b1=+0.086 b2=+0.006 b3=+0.003]
step 64900  ce 2.872  loss 2.873  holds 80032  133,745 tok/s  [fid:3=+0.983 fid:4=+0.807 fid:5=+0.052 b0=+0.649 b1=+0.071 b2=+0.002 b3=+0.003]
step 64950  ce 2.720  loss 2.721  holds 80032  133,769 tok/s  [fid:3=+0.984 fid:4=+0.806 fid:5=+0.052 b0=+0.656 b1=+0.026 b2=+0.004 b3=+0.003]
step 65000  ce 2.509  loss 2.521  holds 80032  133,755 tok/s  [fid:3=+0.983 fid:4=+0.805 fid:5=+0.052 b0=+0.627 b1=+0.053 b2=+0.004 b3=+0.003]
step 65050  ce 2.673  loss 2.674  holds 80064  133,741 tok/s  [fid:3=+0.984 fid:4=+0.804 fid:5=+0.052 b0=+0.642 b1=+0.033 b2=+0.002 b3=+0.003]
step 65100  ce 2.823  loss 2.825  holds 80096  133,765 tok/s  [fid:3=+0.985 fid:4=+0.805 fid:5=+0.052 b0=+0.709 b1=+0.081 b2=+0.001 b3=+0.003]
step 65150  ce 2.697  loss 2.698  holds 80096  133,755 tok/s  [fid:3=+0.985 fid:4=+0.805 fid:5=+0.052 b0=+0.654 b1=+0.046 b2=+0.004 b3=+0.003]
step 65200  ce 2.682  loss 2.693  holds 80096  133,780 tok/s  [fid:3=+0.986 fid:4=+0.805 fid:5=+0.052 b0=+0.664 b1=+0.090 b2=+0.002 b3=+0.003]
step 65250  ce 2.946  loss 2.948  holds 80096  133,771 tok/s  [fid:3=+0.985 fid:4=+0.806 fid:5=+0.052 b0=+0.554 b1=+0.119 b2=+0.004 b3=+0.003]
step 65300  ce 2.899  loss 2.900  holds 80128  133,762 tok/s  [fid:3=+0.985 fid:4=+0.806 fid:5=+0.052 b0=+0.571 b1=+0.089 b2=+0.003 b3=+0.003]
step 65350  ce 2.575  loss 2.576  holds 80160  133,786 tok/s  [fid:3=+0.986 fid:4=+0.807 fid:5=+0.052 b0=+0.620 b1=+0.125 b2=+0.005 b3=+0.003]
step 65400  ce 2.830  loss 2.841  holds 80160  133,775 tok/s  [fid:3=+0.985 fid:4=+0.807 fid:5=+0.052 b0=+0.642 b1=+0.085 b2=+0.001 b3=+0.003]
step 65450  ce 2.854  loss 2.856  holds 80160  133,800 tok/s  [fid:3=+0.985 fid:4=+0.807 fid:5=+0.052 b0=+0.611 b1=+0.058 b2=+0.003 b3=+0.003]
step 65500  ce 2.612  loss 2.613  holds 80160  133,791 tok/s  [fid:3=+0.985 fid:4=+0.807 fid:5=+0.052 b0=+0.658 b1=+0.097 b2=+0.002 b3=+0.003]
step 65550  ce 2.894  loss 2.895  holds 80192  133,776 tok/s  [fid:3=+0.986 fid:4=+0.808 fid:5=+0.052 b0=+0.718 b1=+0.093 b2=+0.002 b3=+0.003]
step 65600  ce 2.862  loss 2.900  holds 80224  133,800 tok/s  [fid:3=+0.985 fid:4=+0.808 fid:5=+0.052 b0=+0.625 b1=+0.101 b2=+0.003 b3=+0.003]
step 65650  ce 2.728  loss 2.729  holds 80224  133,786 tok/s  [fid:3=+0.985 fid:4=+0.808 fid:5=+0.052 b0=+0.646 b1=+0.091 b2=+0.005 b3=+0.003]
step 65700  ce 2.402  loss 2.404  holds 80224  133,771 tok/s  [fid:3=+0.984 fid:4=+0.808 fid:5=+0.052 b0=+0.627 b1=+0.064 b2=+0.002 b3=+0.003]
step 65750  ce 2.811  loss 2.812  holds 80224  133,795 tok/s  [fid:3=+0.985 fid:4=+0.808 fid:5=+0.052 b0=+0.649 b1=+0.019 b2=+0.001 b3=+0.003]
step 65800  ce 2.786  loss 2.796  holds 80256  133,785 tok/s  [fid:3=+0.985 fid:4=+0.808 fid:5=+0.052 b0=+0.564 b1=+0.063 b2=+0.005 b3=+0.003]
step 65850  ce 2.644  loss 2.645  holds 80256  133,809 tok/s  [fid:3=+0.984 fid:4=+0.808 fid:5=+0.052 b0=+0.722 b1=+0.074 b2=+0.002 b3=+0.003]
step 65900  ce 2.902  loss 2.903  holds 80288  133,798 tok/s  [fid:3=+0.985 fid:4=+0.807 fid:5=+0.052 b0=+0.605 b1=+0.073 b2=+0.005 b3=+0.003]
step 65950  ce 2.813  loss 2.814  holds 80288  133,787 tok/s  [fid:3=+0.985 fid:4=+0.807 fid:5=+0.052 b0=+0.663 b1=+0.089 b2=+0.003 b3=+0.003]
step 66000  ce 2.749  loss 2.759  holds 80288  133,811 tok/s  [fid:3=+0.986 fid:4=+0.808 fid:5=+0.052 b0=+0.650 b1=+0.079 b2=+0.003 b3=+0.003]
    holdout(cum): {'cross': [0.063, 0.04, 84], 'same': [0.474, 0.62, 55], 'straddle': [0.09, 0.09, 35]}
step 66050  ce 2.914  loss 2.916  holds 80320  133,793 tok/s  [fid:3=+0.985 fid:4=+0.807 fid:5=+0.052 b0=+0.675 b1=+0.135 b2=+0.007 b3=+0.003]
step 66100  ce 2.961  loss 2.963  holds 80320  133,782 tok/s  [fid:3=+0.985 fid:4=+0.808 fid:5=+0.052 b0=+0.672 b1=+0.094 b2=+0.003 b3=+0.003]
step 66150  ce 2.812  loss 2.813  holds 80352  133,805 tok/s  [fid:3=+0.986 fid:4=+0.808 fid:5=+0.052 b0=+0.723 b1=+0.122 b2=+0.002 b3=+0.003]
step 66200  ce 2.856  loss 2.867  holds 80352  133,793 tok/s  [fid:3=+0.985 fid:4=+0.807 fid:5=+0.052 b0=+0.742 b1=+0.053 b2=+0.003 b3=+0.003]
step 66250  ce 2.909  loss 2.910  holds 80352  133,815 tok/s  [fid:3=+0.983 fid:4=+0.808 fid:5=+0.052 b0=+0.710 b1=+0.080 b2=+0.004 b3=+0.003]
step 66300  ce 2.894  loss 2.895  holds 80352  133,800 tok/s  [fid:3=+0.984 fid:4=+0.807 fid:5=+0.052 b0=+0.655 b1=+0.100 b2=+0.004 b3=+0.003]
step 66350  ce 2.659  loss 2.661  holds 80384  133,789 tok/s  [fid:3=+0.983 fid:4=+0.806 fid:5=+0.052 b0=+0.624 b1=+0.070 b2=+0.003 b3=+0.003]
step 66400  ce 2.992  loss 3.002  holds 80416  133,813 tok/s  [fid:3=+0.985 fid:4=+0.807 fid:5=+0.052 b0=+0.617 b1=+0.051 b2=+0.001 b3=+0.003]
step 66450  ce 2.915  loss 2.917  holds 80416  133,800 tok/s  [fid:3=+0.985 fid:4=+0.807 fid:5=+0.052 b0=+0.669 b1=+0.065 b2=+0.003 b3=+0.003]
step 66500  ce 2.930  loss 2.931  holds 80416  133,822 tok/s  [fid:3=+0.985 fid:4=+0.808 fid:5=+0.052 b0=+0.726 b1=+0.098 b2=+0.005 b3=+0.003]
step 66550  ce 2.765  loss 2.766  holds 80416  133,807 tok/s  [fid:3=+0.985 fid:4=+0.809 fid:5=+0.052 b0=+0.651 b1=+0.061 b2=+0.004 b3=+0.003]
step 66600  ce 3.019  loss 3.029  holds 80448  133,793 tok/s  [fid:3=+0.986 fid:4=+0.810 fid:5=+0.052 b0=+0.589 b1=+0.059 b2=+0.006 b3=+0.003]
step 66650  ce 2.846  loss 2.848  holds 80480  133,817 tok/s  [fid:3=+0.986 fid:4=+0.810 fid:5=+0.052 b0=+0.612 b1=+0.028 b2=+0.002 b3=+0.003]
step 66700  ce 2.838  loss 2.839  holds 80480  133,810 tok/s  [fid:3=+0.986 fid:4=+0.811 fid:5=+0.052 b0=+0.697 b1=+0.067 b2=+0.002 b3=+0.003]
step 66750  ce 2.668  loss 2.669  holds 80480  133,797 tok/s  [fid:3=+0.986 fid:4=+0.811 fid:5=+0.052 b0=+0.658 b1=+0.091 b2=+0.004 b3=+0.003]
step 66800  ce 3.119  loss 3.130  holds 80480  133,821 tok/s  [fid:3=+0.985 fid:4=+0.811 fid:5=+0.052 b0=+0.606 b1=+0.055 b2=+0.002 b3=+0.003]
step 66850  ce 2.792  loss 2.796  holds 80512  133,808 tok/s  [fid:3=+0.985 fid:4=+0.810 fid:5=+0.052 b0=+0.701 b1=+0.078 b2=+0.003 b3=+0.003]
step 66900  ce 2.364  loss 2.365  holds 80544  133,832 tok/s  [fid:3=+0.986 fid:4=+0.811 fid:5=+0.052 b0=+0.673 b1=+0.104 b2=+0.004 b3=+0.003]
step 66950  ce 2.659  loss 2.660  holds 80544  133,818 tok/s  [fid:3=+0.986 fid:4=+0.811 fid:5=+0.052 b0=+0.676 b1=+0.078 b2=+0.003 b3=+0.003]
step 67000  ce 2.713  loss 2.723  holds 80544  133,807 tok/s  [fid:3=+0.985 fid:4=+0.811 fid:5=+0.052 b0=+0.651 b1=+0.081 b2=+0.003 b3=+0.003]
step 67050  ce 2.857  loss 2.858  holds 80544  133,828 tok/s  [fid:3=+0.985 fid:4=+0.811 fid:5=+0.052 b0=+0.690 b1=+0.049 b2=+0.004 b3=+0.003]
step 67100  ce 2.851  loss 2.855  holds 80576  133,817 tok/s  [fid:3=+0.985 fid:4=+0.811 fid:5=+0.052 b0=+0.676 b1=+0.066 b2=+0.004 b3=+0.003]
step 67150  ce 2.868  loss 2.870  holds 80608  133,839 tok/s  [fid:3=+0.985 fid:4=+0.811 fid:5=+0.052 b0=+0.685 b1=+0.090 b2=+0.003 b3=+0.003]
step 67200  ce 2.644  loss 2.683  holds 80608  133,828 tok/s  [fid:3=+0.985 fid:4=+0.809 fid:5=+0.052 b0=+0.647 b1=+0.029 b2=+0.003 b3=+0.003]
step 67250  ce 2.753  loss 2.754  holds 80608  133,816 tok/s  [fid:3=+0.986 fid:4=+0.808 fid:5=+0.052 b0=+0.603 b1=+0.135 b2=+0.005 b3=+0.002]
step 67300  ce 2.578  loss 2.580  holds 80608  133,839 tok/s  [fid:3=+0.985 fid:4=+0.810 fid:5=+0.052 b0=+0.696 b1=+0.117 b2=+0.007 b3=+0.002]
step 67350  ce 2.667  loss 2.668  holds 80640  133,825 tok/s  [fid:3=+0.986 fid:4=+0.810 fid:5=+0.052 b0=+0.595 b1=+0.056 b2=+0.003 b3=+0.002]
step 67400  ce 2.696  loss 2.707  holds 80672  133,813 tok/s  [fid:3=+0.985 fid:4=+0.809 fid:5=+0.052 b0=+0.621 b1=+0.114 b2=+0.003 b3=+0.002]
step 67450  ce 2.708  loss 2.710  holds 80672  133,836 tok/s  [fid:3=+0.984 fid:4=+0.809 fid:5=+0.052 b0=+0.637 b1=+0.084 b2=+0.005 b3=+0.002]
step 67500  ce 2.925  loss 2.927  holds 80672  133,823 tok/s  [fid:3=+0.983 fid:4=+0.808 fid:5=+0.052 b0=+0.637 b1=+0.083 b2=+0.005 b3=+0.002]
step 67550  ce 2.740  loss 2.741  holds 80672  133,844 tok/s  [fid:3=+0.984 fid:4=+0.808 fid:5=+0.052 b0=+0.667 b1=+0.086 b2=+0.004 b3=+0.002]
step 67600  ce 2.765  loss 2.774  holds 80704  133,835 tok/s  [fid:3=+0.985 fid:4=+0.809 fid:5=+0.052 b0=+0.681 b1=+0.088 b2=+0.009 b3=+0.002]
step 67650  ce 2.547  loss 2.549  holds 80736  133,823 tok/s  [fid:3=+0.986 fid:4=+0.809 fid:5=+0.052 b0=+0.674 b1=+0.103 b2=+0.005 b3=+0.002]
step 67700  ce 2.887  loss 2.889  holds 80736  133,844 tok/s  [fid:3=+0.984 fid:4=+0.806 fid:5=+0.052 b0=+0.573 b1=+0.096 b2=+0.005 b3=+0.002]
step 67750  ce 2.826  loss 2.827  holds 80736  133,834 tok/s  [fid:3=+0.984 fid:4=+0.806 fid:5=+0.052 b0=+0.677 b1=+0.097 b2=+0.002 b3=+0.004]
step 67800  ce 2.680  loss 2.691  holds 80736  133,857 tok/s  [fid:3=+0.985 fid:4=+0.807 fid:5=+0.052 b0=+0.691 b1=+0.106 b2=+0.002 b3=+0.004]
step 67850  ce 2.709  loss 2.710  holds 80768  133,850 tok/s  [fid:3=+0.985 fid:4=+0.806 fid:5=+0.052 b0=+0.710 b1=+0.100 b2=+0.005 b3=+0.004]
step 67900  ce 2.734  loss 2.736  holds 80768  133,837 tok/s  [fid:3=+0.985 fid:4=+0.806 fid:5=+0.052 b0=+0.685 b1=+0.070 b2=+0.003 b3=+0.004]
step 67950  ce 2.610  loss 2.611  holds 80800  133,859 tok/s  [fid:3=+0.984 fid:4=+0.807 fid:5=+0.052 b0=+0.596 b1=+0.049 b2=+0.003 b3=+0.004]
step 68000  ce 2.736  loss 2.747  holds 80800  133,846 tok/s  [fid:3=+0.982 fid:4=+0.807 fid:5=+0.052 b0=+0.684 b1=+0.068 b2=+0.003 b3=+0.004]
    holdout(cum): {'cross': [0.062, 0.03, 86], 'same': [0.483, 0.62, 58], 'straddle': [0.093, 0.08, 36]}
step 68050  ce 2.596  loss 2.597  holds 80800  133,834 tok/s  [fid:3=+0.985 fid:4=+0.808 fid:5=+0.052 b0=+0.656 b1=+0.068 b2=+0.006 b3=+0.004]
step 68100  ce 2.602  loss 2.603  holds 80832  133,857 tok/s  [fid:3=+0.985 fid:4=+0.809 fid:5=+0.052 b0=+0.616 b1=+0.084 b2=+0.013 b3=+0.004]
step 68150  ce 2.874  loss 2.875  holds 80832  133,848 tok/s  [fid:3=+0.985 fid:4=+0.810 fid:5=+0.052 b0=+0.685 b1=+0.073 b2=+0.003 b3=+0.004]
step 68200  ce 2.889  loss 2.899  holds 80864  133,869 tok/s  [fid:3=+0.985 fid:4=+0.811 fid:5=+0.052 b0=+0.693 b1=+0.078 b2=+0.003 b3=+0.004]
step 68250  ce 2.834  loss 2.836  holds 80864  133,856 tok/s  [fid:3=+0.986 fid:4=+0.810 fid:5=+0.052 b0=+0.618 b1=+0.068 b2=+0.002 b3=+0.004]
step 68300  ce 2.628  loss 2.630  holds 80864  133,848 tok/s  [fid:3=+0.985 fid:4=+0.810 fid:5=+0.052 b0=+0.666 b1=+0.072 b2=+0.003 b3=+0.004]
step 68350  ce 2.778  loss 2.779  holds 80864  133,871 tok/s  [fid:3=+0.985 fid:4=+0.809 fid:5=+0.052 b0=+0.728 b1=+0.028 b2=+0.002 b3=+0.004]
step 68400  ce 2.381  loss 2.390  holds 80896  133,858 tok/s  [fid:3=+0.985 fid:4=+0.809 fid:5=+0.052 b0=+0.677 b1=+0.110 b2=+0.004 b3=+0.004]
step 68450  ce 2.612  loss 2.613  holds 80928  133,880 tok/s  [fid:3=+0.985 fid:4=+0.810 fid:5=+0.052 b0=+0.657 b1=+0.105 b2=+0.003 b3=+0.004]
step 68500  ce 2.779  loss 2.780  holds 80928  133,866 tok/s  [fid:3=+0.985 fid:4=+0.810 fid:5=+0.052 b0=+0.594 b1=+0.028 b2=+0.002 b3=+0.004]
step 68550  ce 2.517  loss 2.518  holds 80928  133,852 tok/s  [fid:3=+0.986 fid:4=+0.811 fid:5=+0.052 b0=+0.743 b1=+0.053 b2=+0.003 b3=+0.005]
step 68600  ce 2.948  loss 2.958  holds 80928  133,874 tok/s  [fid:3=+0.984 fid:4=+0.811 fid:5=+0.052 b0=+0.656 b1=+0.090 b2=+0.005 b3=+0.005]
step 68650  ce 2.840  loss 2.842  holds 80960  133,864 tok/s  [fid:3=+0.985 fid:4=+0.812 fid:5=+0.052 b0=+0.597 b1=+0.065 b2=+0.002 b3=+0.005]
step 68700  ce 2.909  loss 2.910  holds 80992  133,852 tok/s  [fid:3=+0.986 fid:4=+0.812 fid:5=+0.052 b0=+0.552 b1=+0.088 b2=+0.003 b3=+0.005]
step 68750  ce 2.872  loss 2.873  holds 80992  133,873 tok/s  [fid:3=+0.985 fid:4=+0.811 fid:5=+0.052 b0=+0.651 b1=+0.094 b2=+0.003 b3=+0.005]
step 68800  ce 2.735  loss 2.774  holds 80992  133,861 tok/s  [fid:3=+0.984 fid:4=+0.810 fid:5=+0.052 b0=+0.661 b1=+0.100 b2=+0.002 b3=+0.005]
step 68850  ce 2.833  loss 2.835  holds 80992  133,883 tok/s  [fid:3=+0.986 fid:4=+0.810 fid:5=+0.052 b0=+0.696 b1=+0.079 b2=+0.004 b3=+0.005]
step 68900  ce 3.040  loss 3.043  holds 81024  133,877 tok/s  [fid:3=+0.985 fid:4=+0.812 fid:5=+0.052 b0=+0.695 b1=+0.060 b2=+0.005 b3=+0.005]
step 68950  ce 2.770  loss 2.771  holds 81056  133,864 tok/s  [fid:3=+0.985 fid:4=+0.812 fid:5=+0.052 b0=+0.646 b1=+0.041 b2=+0.005 b3=+0.005]
step 69000  ce 2.676  loss 2.686  holds 81056  133,886 tok/s  [fid:3=+0.985 fid:4=+0.812 fid:5=+0.052 b0=+0.650 b1=+0.081 b2=+0.006 b3=+0.005]
step 69050  ce 2.852  loss 2.853  holds 81056  133,872 tok/s  [fid:3=+0.983 fid:4=+0.811 fid:5=+0.052 b0=+0.592 b1=+0.069 b2=+0.004 b3=+0.005]
step 69100  ce 2.974  loss 2.975  holds 81056  133,894 tok/s  [fid:3=+0.985 fid:4=+0.811 fid:5=+0.052 b0=+0.644 b1=+0.036 b2=+0.004 b3=+0.005]
step 69150  ce 2.747  loss 2.748  holds 81088  133,884 tok/s  [fid:3=+0.985 fid:4=+0.812 fid:5=+0.052 b0=+0.704 b1=+0.109 b2=+0.001 b3=+0.005]
step 69200  ce 2.722  loss 2.731  holds 81120  133,874 tok/s  [fid:3=+0.986 fid:4=+0.813 fid:5=+0.052 b0=+0.703 b1=+0.073 b2=+0.003 b3=+0.005]
step 69250  ce 2.846  loss 2.847  holds 81120  133,896 tok/s  [fid:3=+0.986 fid:4=+0.814 fid:5=+0.052 b0=+0.679 b1=+0.079 b2=+0.003 b3=+0.005]
step 69300  ce 2.697  loss 2.698  holds 81120  133,885 tok/s  [fid:3=+0.986 fid:4=+0.813 fid:5=+0.052 b0=+0.628 b1=+0.127 b2=+0.006 b3=+0.005]
step 69350  ce 2.735  loss 2.737  holds 81120  133,873 tok/s  [fid:3=+0.985 fid:4=+0.812 fid:5=+0.052 b0=+0.607 b1=+0.075 b2=+0.002 b3=+0.005]
step 69400  ce 2.427  loss 2.437  holds 81152  133,895 tok/s  [fid:3=+0.985 fid:4=+0.812 fid:5=+0.052 b0=+0.706 b1=+0.074 b2=+0.005 b3=+0.004]
step 69450  ce 2.756  loss 2.758  holds 81184  133,884 tok/s  [fid:3=+0.986 fid:4=+0.812 fid:5=+0.052 b0=+0.688 b1=+0.035 b2=+0.004 b3=+0.004]
step 69500  ce 2.724  loss 2.725  holds 81184  133,907 tok/s  [fid:3=+0.986 fid:4=+0.813 fid:5=+0.052 b0=+0.610 b1=+0.068 b2=+0.004 b3=+0.004]
step 69550  ce 2.877  loss 2.881  holds 81184  133,893 tok/s  [fid:3=+0.985 fid:4=+0.813 fid:5=+0.052 b0=+0.622 b1=+0.066 b2=+0.005 b3=+0.004]
step 69600  ce 2.885  loss 2.895  holds 81184  133,882 tok/s  [fid:3=+0.986 fid:4=+0.814 fid:5=+0.052 b0=+0.648 b1=+0.070 b2=+0.002 b3=+0.004]
step 69650  ce 2.799  loss 2.800  holds 81216  133,905 tok/s  [fid:3=+0.986 fid:4=+0.813 fid:5=+0.052 b0=+0.724 b1=+0.055 b2=+0.004 b3=+0.005]
step 69700  ce 2.595  loss 2.596  holds 81248  133,897 tok/s  [fid:3=+0.986 fid:4=+0.813 fid:5=+0.052 b0=+0.639 b1=+0.053 b2=+0.003 b3=+0.005]
step 69750  ce 2.594  loss 2.595  holds 81248  133,919 tok/s  [fid:3=+0.985 fid:4=+0.813 fid:5=+0.052 b0=+0.658 b1=+0.097 b2=+0.004 b3=+0.005]
step 69800  ce 2.771  loss 2.781  holds 81248  133,907 tok/s  [fid:3=+0.985 fid:4=+0.814 fid:5=+0.052 b0=+0.606 b1=+0.080 b2=+0.003 b3=+0.005]
step 69850  ce 2.597  loss 2.598  holds 81248  133,895 tok/s  [fid:3=+0.986 fid:4=+0.813 fid:5=+0.052 b0=+0.634 b1=+0.043 b2=+0.003 b3=+0.005]
step 69900  ce 2.737  loss 2.738  holds 81280  133,918 tok/s  [fid:3=+0.985 fid:4=+0.813 fid:5=+0.052 b0=+0.538 b1=+0.109 b2=+0.003 b3=+0.005]
step 69950  ce 2.925  loss 2.927  holds 81280  133,908 tok/s  [fid:3=+0.985 fid:4=+0.812 fid:5=+0.052 b0=+0.662 b1=+0.073 b2=+0.007 b3=+0.005]
step 70000  ce 2.883  loss 2.893  holds 81312  133,896 tok/s  [fid:3=+0.985 fid:4=+0.811 fid:5=+0.052 b0=+0.535 b1=+0.076 b2=+0.020 b3=+0.007]
    holdout(cum): {'cross': [0.062, 0.03, 88], 'same': [0.49, 0.62, 61], 'straddle': [0.093, 0.08, 36]}
step 70050  ce 2.653  loss 2.654  holds 81312  133,914 tok/s  [fid:3=+0.985 fid:4=+0.811 fid:5=+0.052 b0=+0.574 b1=+0.055 b2=+0.003 b3=+0.007]
step 70100  ce 2.861  loss 2.863  holds 81312  133,902 tok/s  [fid:3=+0.986 fid:4=+0.812 fid:5=+0.052 b0=+0.542 b1=+0.107 b2=+0.003 b3=+0.007]
step 70150  ce 2.563  loss 2.566  holds 81344  133,925 tok/s  [fid:3=+0.985 fid:4=+0.812 fid:5=+0.052 b0=+0.726 b1=+0.082 b2=+0.003 b3=+0.007]
step 70200  ce 2.807  loss 2.816  holds 81344  133,913 tok/s  [fid:3=+0.985 fid:4=+0.813 fid:5=+0.052 b0=+0.649 b1=+0.059 b2=+0.003 b3=+0.007]
step 70250  ce 2.897  loss 2.899  holds 81376  133,901 tok/s  [fid:3=+0.986 fid:4=+0.813 fid:5=+0.052 b0=+0.616 b1=+0.046 b2=+0.003 b3=+0.007]
step 70300  ce 2.866  loss 2.869  holds 81376  133,924 tok/s  [fid:3=+0.985 fid:4=+0.813 fid:5=+0.052 b0=+0.654 b1=+0.066 b2=+0.003 b3=+0.007]
step 70350  ce 2.669  loss 2.670  holds 81376  133,912 tok/s  [fid:3=+0.985 fid:4=+0.813 fid:5=+0.052 b0=+0.641 b1=+0.044 b2=+0.004 b3=+0.007]
step 70400  ce 2.948  loss 2.986  holds 81376  133,932 tok/s  [fid:3=+0.986 fid:4=+0.813 fid:5=+0.052 b0=+0.591 b1=+0.066 b2=+0.002 b3=+0.007]
step 70450  ce 2.632  loss 2.633  holds 81408  133,921 tok/s  [fid:3=+0.984 fid:4=+0.813 fid:5=+0.052 b0=+0.675 b1=+0.082 b2=+0.002 b3=+0.007]
step 70500  ce 2.795  loss 2.797  holds 81440  133,915 tok/s  [fid:3=+0.985 fid:4=+0.815 fid:5=+0.052 b0=+0.651 b1=+0.081 b2=+0.003 b3=+0.007]
step 70550  ce 2.810  loss 2.811  holds 81440  133,935 tok/s  [fid:3=+0.985 fid:4=+0.815 fid:5=+0.052 b0=+0.681 b1=+0.066 b2=+0.003 b3=+0.007]
step 70600  ce 2.800  loss 2.810  holds 81440  133,926 tok/s  [fid:3=+0.986 fid:4=+0.815 fid:5=+0.052 b0=+0.621 b1=+0.074 b2=+0.003 b3=+0.007]
step 70650  ce 2.866  loss 2.868  holds 81440  133,948 tok/s  [fid:3=+0.985 fid:4=+0.816 fid:5=+0.052 b0=+0.594 b1=+0.102 b2=+0.005 b3=+0.007]
step 70700  ce 2.830  loss 2.833  holds 81472  133,937 tok/s  [fid:3=+0.985 fid:4=+0.816 fid:5=+0.052 b0=+0.636 b1=+0.095 b2=+0.003 b3=+0.007]
step 70750  ce 2.862  loss 2.866  holds 81504  133,927 tok/s  [fid:3=+0.985 fid:4=+0.817 fid:5=+0.052 b0=+0.589 b1=+0.035 b2=+0.003 b3=+0.007]
step 70800  ce 2.764  loss 2.773  holds 81504  133,949 tok/s  [fid:3=+0.984 fid:4=+0.815 fid:5=+0.052 b0=+0.611 b1=+0.090 b2=+0.003 b3=+0.007]
step 70850  ce 2.976  loss 2.978  holds 81504  133,937 tok/s  [fid:3=+0.985 fid:4=+0.815 fid:5=+0.052 b0=+0.607 b1=+0.089 b2=+0.005 b3=+0.007]
step 70900  ce 2.743  loss 2.745  holds 81504  133,924 tok/s  [fid:3=+0.985 fid:4=+0.814 fid:5=+0.052 b0=+0.609 b1=+0.102 b2=+0.006 b3=+0.007]
step 70950  ce 2.850  loss 2.851  holds 81536  133,945 tok/s  [fid:3=+0.985 fid:4=+0.813 fid:5=+0.052 b0=+0.715 b1=+0.088 b2=+0.005 b3=+0.007]
step 71000  ce 2.735  loss 2.745  holds 81568  133,935 tok/s  [fid:3=+0.986 fid:4=+0.813 fid:5=+0.052 b0=+0.665 b1=+0.052 b2=+0.003 b3=+0.007]
step 71050  ce 2.551  loss 2.553  holds 81568  133,954 tok/s  [fid:3=+0.986 fid:4=+0.813 fid:5=+0.052 b0=+0.689 b1=+0.041 b2=+0.003 b3=+0.007]
step 71100  ce 2.793  loss 2.794  holds 81568  133,944 tok/s  [fid:3=+0.986 fid:4=+0.813 fid:5=+0.052 b0=+0.641 b1=+0.105 b2=+0.004 b3=+0.007]
step 71150  ce 3.006  loss 3.007  holds 81568  133,933 tok/s  [fid:3=+0.986 fid:4=+0.812 fid:5=+0.052 b0=+0.632 b1=+0.078 b2=+0.004 b3=+0.007]
step 71200  ce 2.721  loss 2.731  holds 81600  133,954 tok/s  [fid:3=+0.983 fid:4=+0.813 fid:5=+0.052 b0=+0.663 b1=+0.125 b2=+0.002 b3=+0.007]
step 71250  ce 2.502  loss 2.503  holds 81632  133,941 tok/s  [fid:3=+0.984 fid:4=+0.813 fid:5=+0.052 b0=+0.701 b1=+0.102 b2=+0.002 b3=+0.006]
step 71300  ce 2.658  loss 2.659  holds 81632  133,963 tok/s  [fid:3=+0.984 fid:4=+0.812 fid:5=+0.052 b0=+0.661 b1=+0.111 b2=+0.002 b3=+0.006]
step 71350  ce 2.944  loss 2.945  holds 81632  133,950 tok/s  [fid:3=+0.985 fid:4=+0.812 fid:5=+0.052 b0=+0.651 b1=+0.074 b2=+0.006 b3=+0.006]
step 71400  ce 2.995  loss 3.007  holds 81632  133,937 tok/s  [fid:3=+0.984 fid:4=+0.811 fid:5=+0.052 b0=+0.641 b1=+0.071 b2=+0.002 b3=+0.006]
step 71450  ce 2.639  loss 2.641  holds 81664  133,958 tok/s  [fid:3=+0.985 fid:4=+0.811 fid:5=+0.052 b0=+0.696 b1=+0.041 b2=+0.003 b3=+0.006]
step 71500  ce 2.672  loss 2.673  holds 81696  133,949 tok/s  [fid:3=+0.985 fid:4=+0.812 fid:5=+0.052 b0=+0.666 b1=+0.108 b2=+0.005 b3=+0.006]
step 71550  ce 2.728  loss 2.729  holds 81696  133,969 tok/s  [fid:3=+0.986 fid:4=+0.812 fid:5=+0.052 b0=+0.650 b1=+0.096 b2=+0.006 b3=+0.006]
step 71600  ce 2.759  loss 2.770  holds 81696  133,955 tok/s  [fid:3=+0.985 fid:4=+0.811 fid:5=+0.052 b0=+0.703 b1=+0.087 b2=+0.003 b3=+0.006]
step 71650  ce 2.541  loss 2.543  holds 81696  133,944 tok/s  [fid:3=+0.984 fid:4=+0.812 fid:5=+0.052 b0=+0.647 b1=+0.095 b2=+0.004 b3=+0.006]
step 71700  ce 2.514  loss 2.515  holds 81728  133,967 tok/s  [fid:3=+0.985 fid:4=+0.812 fid:5=+0.052 b0=+0.568 b1=+0.107 b2=+0.004 b3=+0.006]
step 71750  ce 2.673  loss 2.674  holds 81760  133,956 tok/s  [fid:3=+0.985 fid:4=+0.812 fid:5=+0.052 b0=+0.614 b1=+0.066 b2=+0.002 b3=+0.006]
step 71800  ce 2.638  loss 2.647  holds 81760  133,944 tok/s  [fid:3=+0.985 fid:4=+0.813 fid:5=+0.052 b0=+0.651 b1=+0.067 b2=+0.003 b3=+0.006]
step 71850  ce 2.823  loss 2.824  holds 81760  133,966 tok/s  [fid:3=+0.984 fid:4=+0.814 fid:5=+0.052 b0=+0.741 b1=+0.016 b2=+0.002 b3=+0.006]
step 71900  ce 2.776  loss 2.777  holds 81760  133,953 tok/s  [fid:3=+0.985 fid:4=+0.814 fid:5=+0.052 b0=+0.641 b1=+0.075 b2=+0.004 b3=+0.006]
step 71950  ce 2.748  loss 2.749  holds 81792  133,975 tok/s  [fid:3=+0.985 fid:4=+0.814 fid:5=+0.052 b0=+0.594 b1=+0.071 b2=+0.003 b3=+0.006]
step 72000  ce 2.753  loss 2.791  holds 81824  133,963 tok/s  [fid:3=+0.985 fid:4=+0.815 fid:5=+0.052 b0=+0.604 b1=+0.126 b2=+0.002 b3=+0.006]
    holdout(cum): {'cross': [0.063, 0.03, 89], 'same': [0.49, 0.62, 61], 'straddle': [0.091, 0.08, 37]}
step 72050  ce 2.774  loss 2.776  holds 81824  133,952 tok/s  [fid:3=+0.986 fid:4=+0.815 fid:5=+0.052 b0=+0.620 b1=+0.092 b2=+0.004 b3=+0.006]
step 72100  ce 2.803  loss 2.805  holds 81824  133,974 tok/s  [fid:3=+0.986 fid:4=+0.814 fid:5=+0.052 b0=+0.708 b1=+0.098 b2=+0.003 b3=+0.006]
step 72150  ce 2.833  loss 2.835  holds 81824  133,966 tok/s  [fid:3=+0.986 fid:4=+0.814 fid:5=+0.052 b0=+0.627 b1=+0.100 b2=+0.006 b3=+0.005]
step 72200  ce 2.849  loss 2.859  holds 81856  133,986 tok/s  [fid:3=+0.985 fid:4=+0.814 fid:5=+0.052 b0=+0.718 b1=+0.092 b2=+0.006 b3=+0.006]
step 72250  ce 2.882  loss 2.884  holds 81856  133,979 tok/s  [fid:3=+0.986 fid:4=+0.815 fid:5=+0.052 b0=+0.651 b1=+0.079 b2=+0.003 b3=+0.006]
step 72300  ce 2.763  loss 2.764  holds 81888  133,972 tok/s  [fid:3=+0.985 fid:4=+0.815 fid:5=+0.052 b0=+0.633 b1=+0.114 b2=+0.002 b3=+0.006]
step 72350  ce 2.641  loss 2.642  holds 81888  133,993 tok/s  [fid:3=+0.986 fid:4=+0.815 fid:5=+0.052 b0=+0.681 b1=+0.092 b2=+0.003 b3=+0.006]
step 72400  ce 2.944  loss 2.955  holds 81888  133,980 tok/s  [fid:3=+0.985 fid:4=+0.816 fid:5=+0.052 b0=+0.659 b1=+0.135 b2=+0.002 b3=+0.006]
step 72450  ce 2.891  loss 2.893  holds 81920  133,968 tok/s  [fid:3=+0.985 fid:4=+0.816 fid:5=+0.052 b0=+0.661 b1=+0.073 b2=+0.003 b3=+0.006]
step 72500  ce 2.952  loss 2.954  holds 81920  133,988 tok/s  [fid:3=+0.984 fid:4=+0.815 fid:5=+0.052 b0=+0.592 b1=+0.106 b2=+0.003 b3=+0.005]
step 72550  ce 2.743  loss 2.744  holds 81952  133,978 tok/s  [fid:3=+0.984 fid:4=+0.815 fid:5=+0.052 b0=+0.666 b1=+0.085 b2=+0.005 b3=+0.005]
step 72600  ce 2.809  loss 2.819  holds 81952  133,999 tok/s  [fid:3=+0.984 fid:4=+0.816 fid:5=+0.052 b0=+0.641 b1=+0.082 b2=+0.004 b3=+0.005]
step 72650  ce 2.713  loss 2.714  holds 81952  133,987 tok/s  [fid:3=+0.984 fid:4=+0.815 fid:5=+0.052 b0=+0.670 b1=+0.096 b2=+0.004 b3=+0.005]
step 72700  ce 2.833  loss 2.834  holds 81952  133,975 tok/s  [fid:3=+0.985 fid:4=+0.815 fid:5=+0.052 b0=+0.622 b1=+0.059 b2=+0.002 b3=+0.005]
step 72750  ce 2.929  loss 2.930  holds 81984  133,996 tok/s  [fid:3=+0.986 fid:4=+0.815 fid:5=+0.052 b0=+0.610 b1=+0.069 b2=+0.004 b3=+0.005]
step 72800  ce 2.534  loss 2.543  holds 82016  133,990 tok/s  [fid:3=+0.985 fid:4=+0.815 fid:5=+0.052 b0=+0.685 b1=+0.104 b2=+0.004 b3=+0.005]
step 72850  ce 2.712  loss 2.714  holds 82016  134,011 tok/s  [fid:3=+0.985 fid:4=+0.815 fid:5=+0.052 b0=+0.581 b1=+0.073 b2=+0.004 b3=+0.005]
step 72900  ce 2.876  loss 2.878  holds 82016  133,998 tok/s  [fid:3=+0.985 fid:4=+0.814 fid:5=+0.052 b0=+0.588 b1=+0.053 b2=+0.002 b3=+0.005]
step 72950  ce 2.856  loss 2.857  holds 82016  133,986 tok/s  [fid:3=+0.984 fid:4=+0.814 fid:5=+0.052 b0=+0.648 b1=+0.050 b2=+0.004 b3=+0.005]
step 73000  ce 2.737  loss 2.746  holds 82048  134,008 tok/s  [fid:3=+0.984 fid:4=+0.813 fid:5=+0.052 b0=+0.693 b1=+0.126 b2=+0.002 b3=+0.005]
step 73050  ce 2.636  loss 2.638  holds 82080  133,994 tok/s  [fid:3=+0.985 fid:4=+0.814 fid:5=+0.052 b0=+0.667 b1=+0.140 b2=+0.001 b3=+0.005]
step 73100  ce 2.920  loss 2.921  holds 82080  134,015 tok/s  [fid:3=+0.985 fid:4=+0.814 fid:5=+0.052 b0=+0.696 b1=+0.127 b2=+0.003 b3=+0.005]
step 73150  ce 2.884  loss 2.885  holds 82080  134,006 tok/s  [fid:3=+0.986 fid:4=+0.815 fid:5=+0.052 b0=+0.600 b1=+0.098 b2=+0.005 b3=+0.005]
step 73200  ce 2.597  loss 2.607  holds 82080  133,998 tok/s  [fid:3=+0.986 fid:4=+0.815 fid:5=+0.052 b0=+0.701 b1=+0.091 b2=+0.001 b3=+0.005]
step 73250  ce 2.769  loss 2.770  holds 82112  134,019 tok/s  [fid:3=+0.984 fid:4=+0.815 fid:5=+0.052 b0=+0.649 b1=+0.079 b2=+0.004 b3=+0.005]
step 73300  ce 2.819  loss 2.821  holds 82144  134,010 tok/s  [fid:3=+0.984 fid:4=+0.814 fid:5=+0.052 b0=+0.611 b1=+0.052 b2=+0.001 b3=+0.005]
step 73350  ce 2.979  loss 2.981  holds 82144  134,005 tok/s  [fid:3=+0.986 fid:4=+0.815 fid:5=+0.052 b0=+0.628 b1=+0.077 b2=+0.004 b3=+0.005]
step 73400  ce 2.960  loss 2.970  holds 82144  134,026 tok/s  [fid:3=+0.986 fid:4=+0.815 fid:5=+0.052 b0=+0.636 b1=+0.106 b2=+0.002 b3=+0.005]
step 73450  ce 2.862  loss 2.867  holds 82144  134,014 tok/s  [fid:3=+0.985 fid:4=+0.814 fid:5=+0.052 b0=+0.562 b1=+0.118 b2=+0.005 b3=+0.004]
step 73500  ce 2.916  loss 2.918  holds 82176  134,035 tok/s  [fid:3=+0.984 fid:4=+0.814 fid:5=+0.052 b0=+0.535 b1=+0.064 b2=+0.005 b3=+0.004]
step 73550  ce 2.777  loss 2.778  holds 82208  134,021 tok/s  [fid:3=+0.986 fid:4=+0.813 fid:5=+0.052 b0=+0.721 b1=+0.058 b2=+0.004 b3=+0.005]
step 73600  ce 2.968  loss 3.006  holds 82208  134,014 tok/s  [fid:3=+0.985 fid:4=+0.812 fid:5=+0.052 b0=+0.720 b1=+0.142 b2=+0.004 b3=+0.005]
step 73650  ce 2.594  loss 2.595  holds 82208  134,034 tok/s  [fid:3=+0.986 fid:4=+0.812 fid:5=+0.052 b0=+0.613 b1=+0.093 b2=+0.002 b3=+0.005]
step 73700  ce 2.789  loss 2.791  holds 82208  134,027 tok/s  [fid:3=+0.986 fid:4=+0.813 fid:5=+0.052 b0=+0.681 b1=+0.113 b2=+0.002 b3=+0.005]
step 73750  ce 2.804  loss 2.805  holds 82240  134,047 tok/s  [fid:3=+0.985 fid:4=+0.813 fid:5=+0.052 b0=+0.626 b1=+0.067 b2=+0.003 b3=+0.005]
step 73800  ce 2.753  loss 2.764  holds 82272  134,033 tok/s  [fid:3=+0.984 fid:4=+0.813 fid:5=+0.052 b0=+0.640 b1=+0.064 b2=+0.003 b3=+0.005]
step 73850  ce 2.958  loss 2.960  holds 82272  134,023 tok/s  [fid:3=+0.985 fid:4=+0.814 fid:5=+0.052 b0=+0.617 b1=+0.052 b2=+0.004 b3=+0.005]
step 73900  ce 2.869  loss 2.870  holds 82272  134,044 tok/s  [fid:3=+0.984 fid:4=+0.814 fid:5=+0.052 b0=+0.660 b1=+0.064 b2=+0.003 b3=+0.005]
step 73950  ce 2.848  loss 2.849  holds 82272  134,032 tok/s  [fid:3=+0.985 fid:4=+0.814 fid:5=+0.052 b0=+0.672 b1=+0.105 b2=+0.003 b3=+0.005]
step 74000  ce 2.712  loss 2.723  holds 82304  134,054 tok/s  [fid:3=+0.985 fid:4=+0.815 fid:5=+0.052 b0=+0.621 b1=+0.042 b2=+0.003 b3=+0.005]
    holdout(cum): {'cross': [0.061, 0.03, 91], 'same': [0.482, 0.61, 62], 'straddle': [0.091, 0.08, 37]}
step 74050  ce 2.635  loss 2.636  holds 82336  134,037 tok/s  [fid:3=+0.985 fid:4=+0.815 fid:5=+0.052 b0=+0.654 b1=+0.106 b2=+0.009 b3=+0.005]
step 74100  ce 2.992  loss 2.994  holds 82336  134,025 tok/s  [fid:3=+0.985 fid:4=+0.815 fid:5=+0.052 b0=+0.645 b1=+0.088 b2=+0.004 b3=+0.005]
step 74150  ce 2.794  loss 2.795  holds 82336  134,046 tok/s  [fid:3=+0.986 fid:4=+0.816 fid:5=+0.052 b0=+0.675 b1=+0.090 b2=+0.003 b3=+0.005]
step 74200  ce 2.819  loss 2.828  holds 82336  134,035 tok/s  [fid:3=+0.986 fid:4=+0.816 fid:5=+0.052 b0=+0.642 b1=+0.095 b2=+0.001 b3=+0.005]
step 74250  ce 2.813  loss 2.814  holds 82368  134,023 tok/s  [fid:3=+0.985 fid:4=+0.816 fid:5=+0.052 b0=+0.678 b1=+0.121 b2=+0.002 b3=+0.005]
step 74300  ce 2.657  loss 2.658  holds 82368  134,044 tok/s  [fid:3=+0.985 fid:4=+0.816 fid:5=+0.052 b0=+0.688 b1=+0.106 b2=+0.003 b3=+0.005]
step 74350  ce 2.702  loss 2.703  holds 82400  134,032 tok/s  [fid:3=+0.986 fid:4=+0.817 fid:5=+0.052 b0=+0.691 b1=+0.059 b2=+0.003 b3=+0.005]
step 74400  ce 2.552  loss 2.562  holds 82400  134,052 tok/s  [fid:3=+0.986 fid:4=+0.816 fid:5=+0.052 b0=+0.636 b1=+0.023 b2=+0.009 b3=+0.005]
step 74450  ce 3.019  loss 3.020  holds 82400  134,041 tok/s  [fid:3=+0.986 fid:4=+0.816 fid:5=+0.052 b0=+0.637 b1=+0.055 b2=+0.003 b3=+0.005]
step 74500  ce 2.771  loss 2.772  holds 82432  134,029 tok/s  [fid:3=+0.986 fid:4=+0.816 fid:5=+0.052 b0=+0.672 b1=+0.086 b2=+0.007 b3=+0.005]
step 74550  ce 2.718  loss 2.719  holds 82432  134,047 tok/s  [fid:3=+0.986 fid:4=+0.817 fid:5=+0.052 b0=+0.738 b1=+0.061 b2=+0.004 b3=+0.005]
step 74600  ce 2.839  loss 2.850  holds 82464  134,034 tok/s  [fid:3=+0.985 fid:4=+0.817 fid:5=+0.052 b0=+0.746 b1=+0.042 b2=+0.003 b3=+0.005]
step 74650  ce 2.681  loss 2.685  holds 82464  134,054 tok/s  [fid:3=+0.985 fid:4=+0.817 fid:5=+0.052 b0=+0.643 b1=+0.039 b2=+0.007 b3=+0.005]
step 74700  ce 2.635  loss 2.636  holds 82464  134,043 tok/s  [fid:3=+0.986 fid:4=+0.817 fid:5=+0.052 b0=+0.676 b1=+0.039 b2=+0.002 b3=+0.005]
step 74750  ce 2.726  loss 2.727  holds 82464  134,035 tok/s  [fid:3=+0.985 fid:4=+0.818 fid:5=+0.052 b0=+0.667 b1=+0.099 b2=+0.002 b3=+0.005]
step 74800  ce 2.767  loss 2.777  holds 82496  134,056 tok/s  [fid:3=+0.984 fid:4=+0.817 fid:5=+0.052 b0=+0.631 b1=+0.147 b2=+0.004 b3=+0.005]
step 74850  ce 2.845  loss 2.847  holds 82528  134,045 tok/s  [fid:3=+0.984 fid:4=+0.818 fid:5=+0.052 b0=+0.608 b1=+0.090 b2=+0.006 b3=+0.005]
step 74900  ce 3.122  loss 3.124  holds 82528  134,035 tok/s  [fid:3=+0.984 fid:4=+0.818 fid:5=+0.052 b0=+0.692 b1=+0.075 b2=+0.004 b3=+0.005]
step 74950  ce 2.777  loss 2.778  holds 82528  134,055 tok/s  [fid:3=+0.985 fid:4=+0.816 fid:5=+0.052 b0=+0.623 b1=+0.075 b2=+0.002 b3=+0.005]
step 75000  ce 2.868  loss 2.879  holds 82528  134,049 tok/s  [fid:3=+0.986 fid:4=+0.815 fid:5=+0.052 b0=+0.670 b1=+0.136 b2=+0.002 b3=+0.005]
step 75050  ce 2.723  loss 2.724  holds 82560  134,069 tok/s  [fid:3=+0.986 fid:4=+0.816 fid:5=+0.052 b0=+0.669 b1=+0.055 b2=+0.005 b3=+0.005]
step 75100  ce 2.634  loss 2.635  holds 82592  134,058 tok/s  [fid:3=+0.985 fid:4=+0.816 fid:5=+0.052 b0=+0.639 b1=+0.098 b2=+0.003 b3=+0.005]
step 75150  ce 2.946  loss 2.947  holds 82592  134,047 tok/s  [fid:3=+0.984 fid:4=+0.816 fid:5=+0.052 b0=+0.691 b1=+0.095 b2=+0.002 b3=+0.005]
step 75200  ce 2.590  loss 2.629  holds 82592  134,068 tok/s  [fid:3=+0.985 fid:4=+0.815 fid:5=+0.052 b0=+0.607 b1=+0.082 b2=+0.003 b3=+0.005]
step 75250  ce 3.042  loss 3.043  holds 82592  134,061 tok/s  [fid:3=+0.984 fid:4=+0.816 fid:5=+0.052 b0=+0.609 b1=+0.072 b2=+0.003 b3=+0.005]
step 75300  ce 2.849  loss 2.850  holds 82624  134,082 tok/s  [fid:3=+0.983 fid:4=+0.816 fid:5=+0.052 b0=+0.658 b1=+0.046 b2=+0.003 b3=+0.005]
step 75350  ce 2.631  loss 2.633  holds 82656  134,077 tok/s  [fid:3=+0.984 fid:4=+0.816 fid:5=+0.052 b0=+0.610 b1=+0.035 b2=+0.005 b3=+0.004]
step 75400  ce 2.688  loss 2.698  holds 82656  134,069 tok/s  [fid:3=+0.985 fid:4=+0.817 fid:5=+0.052 b0=+0.630 b1=+0.093 b2=+0.003 b3=+0.004]
step 75450  ce 2.721  loss 2.722  holds 82656  134,088 tok/s  [fid:3=+0.986 fid:4=+0.817 fid:5=+0.052 b0=+0.602 b1=+0.097 b2=+0.002 b3=+0.004]
step 75500  ce 2.914  loss 2.916  holds 82656  134,080 tok/s  [fid:3=+0.986 fid:4=+0.817 fid:5=+0.052 b0=+0.715 b1=+0.044 b2=+0.003 b3=+0.004]
step 75550  ce 2.720  loss 2.721  holds 82688  134,099 tok/s  [fid:3=+0.985 fid:4=+0.818 fid:5=+0.052 b0=+0.652 b1=+0.072 b2=+0.007 b3=+0.004]
step 75600  ce 2.858  loss 2.867  holds 82720  134,093 tok/s  [fid:3=+0.985 fid:4=+0.819 fid:5=+0.052 b0=+0.594 b1=+0.026 b2=+0.005 b3=+0.004]
step 75650  ce 2.592  loss 2.596  holds 82720  134,081 tok/s  [fid:3=+0.985 fid:4=+0.819 fid:5=+0.052 b0=+0.658 b1=+0.056 b2=+0.002 b3=+0.004]
step 75700  ce 2.413  loss 2.415  holds 82720  134,102 tok/s  [fid:3=+0.983 fid:4=+0.819 fid:5=+0.052 b0=+0.568 b1=+0.075 b2=+0.003 b3=+0.004]
step 75750  ce 2.693  loss 2.694  holds 82720  134,090 tok/s  [fid:3=+0.985 fid:4=+0.819 fid:5=+0.052 b0=+0.681 b1=+0.068 b2=+0.004 b3=+0.004]
step 75800  ce 2.967  loss 2.976  holds 82752  134,080 tok/s  [fid:3=+0.986 fid:4=+0.820 fid:5=+0.052 b0=+0.693 b1=+0.073 b2=+0.003 b3=+0.004]
step 75850  ce 2.764  loss 2.766  holds 82784  134,100 tok/s  [fid:3=+0.986 fid:4=+0.820 fid:5=+0.052 b0=+0.612 b1=+0.053 b2=+0.005 b3=+0.004]
step 75900  ce 2.658  loss 2.659  holds 82784  134,092 tok/s  [fid:3=+0.985 fid:4=+0.820 fid:5=+0.052 b0=+0.663 b1=+0.045 b2=+0.003 b3=+0.004]
step 75950  ce 2.665  loss 2.669  holds 82784  134,112 tok/s  [fid:3=+0.984 fid:4=+0.820 fid:5=+0.052 b0=+0.699 b1=+0.089 b2=+0.003 b3=+0.004]
step 76000  ce 2.653  loss 2.662  holds 82784  134,102 tok/s  [fid:3=+0.984 fid:4=+0.820 fid:5=+0.052 b0=+0.699 b1=+0.099 b2=+0.002 b3=+0.004]
    holdout(cum): {'cross': [0.06, 0.03, 94], 'same': [0.482, 0.61, 62], 'straddle': [0.091, 0.08, 37]}
step 76050  ce 2.745  loss 2.747  holds 82816  134,087 tok/s  [fid:3=+0.984 fid:4=+0.820 fid:5=+0.052 b0=+0.673 b1=+0.070 b2=+0.003 b3=+0.004]
step 76100  ce 3.021  loss 3.025  holds 82848  134,107 tok/s  [fid:3=+0.985 fid:4=+0.820 fid:5=+0.052 b0=+0.603 b1=+0.083 b2=+0.004 b3=+0.004]
step 76150  ce 2.728  loss 2.731  holds 82848  134,097 tok/s  [fid:3=+0.983 fid:4=+0.821 fid:5=+0.052 b0=+0.614 b1=+0.086 b2=+0.003 b3=+0.004]
step 76200  ce 2.673  loss 2.683  holds 82848  134,116 tok/s  [fid:3=+0.984 fid:4=+0.819 fid:5=+0.052 b0=+0.662 b1=+0.060 b2=+0.004 b3=+0.004]
step 76250  ce 2.844  loss 2.845  holds 82848  134,105 tok/s  [fid:3=+0.985 fid:4=+0.819 fid:5=+0.052 b0=+0.648 b1=+0.121 b2=+0.001 b3=+0.004]
step 76300  ce 2.815  loss 2.816  holds 82880  134,094 tok/s  [fid:3=+0.983 fid:4=+0.818 fid:5=+0.052 b0=+0.694 b1=+0.064 b2=+0.003 b3=+0.004]
step 76350  ce 3.018  loss 3.019  holds 82880  134,115 tok/s  [fid:3=+0.985 fid:4=+0.819 fid:5=+0.052 b0=+0.668 b1=+0.059 b2=+0.001 b3=+0.004]
step 76400  ce 2.679  loss 2.690  holds 82912  134,106 tok/s  [fid:3=+0.983 fid:4=+0.818 fid:5=+0.052 b0=+0.685 b1=+0.136 b2=+0.005 b3=+0.004]
step 76450  ce 2.868  loss 2.869  holds 82912  134,127 tok/s  [fid:3=+0.985 fid:4=+0.818 fid:5=+0.052 b0=+0.674 b1=+0.090 b2=+0.004 b3=+0.004]
step 76500  ce 2.777  loss 2.778  holds 82912  134,115 tok/s  [fid:3=+0.986 fid:4=+0.818 fid:5=+0.052 b0=+0.687 b1=+0.062 b2=+0.004 b3=+0.004]
step 76550  ce 2.866  loss 2.867  holds 82944  134,104 tok/s  [fid:3=+0.985 fid:4=+0.818 fid:5=+0.052 b0=+0.606 b1=+0.058 b2=+0.003 b3=+0.004]
step 76600  ce 2.802  loss 2.812  holds 82944  134,125 tok/s  [fid:3=+0.986 fid:4=+0.818 fid:5=+0.052 b0=+0.733 b1=+0.085 b2=+0.004 b3=+0.004]
step 76650  ce 2.713  loss 2.714  holds 82976  134,116 tok/s  [fid:3=+0.986 fid:4=+0.818 fid:5=+0.052 b0=+0.720 b1=+0.073 b2=+0.001 b3=+0.004]
step 76700  ce 2.717  loss 2.718  holds 82976  134,137 tok/s  [fid:3=+0.985 fid:4=+0.818 fid:5=+0.052 b0=+0.731 b1=+0.046 b2=+0.003 b3=+0.004]
step 76750  ce 2.781  loss 2.782  holds 82976  134,128 tok/s  [fid:3=+0.985 fid:4=+0.818 fid:5=+0.052 b0=+0.632 b1=+0.059 b2=+0.001 b3=+0.004]
step 76800  ce 2.598  loss 2.636  holds 82976  134,118 tok/s  [fid:3=+0.986 fid:4=+0.818 fid:5=+0.052 b0=+0.559 b1=+0.053 b2=+0.002 b3=+0.004]
step 76850  ce 2.761  loss 2.765  holds 83008  134,139 tok/s  [fid:3=+0.984 fid:4=+0.818 fid:5=+0.052 b0=+0.659 b1=+0.091 b2=+0.003 b3=+0.004]
step 76900  ce 2.789  loss 2.790  holds 83040  134,128 tok/s  [fid:3=+0.984 fid:4=+0.818 fid:5=+0.052 b0=+0.589 b1=+0.059 b2=+0.004 b3=+0.004]
step 76950  ce 2.740  loss 2.742  holds 83040  134,147 tok/s  [fid:3=+0.986 fid:4=+0.818 fid:5=+0.052 b0=+0.736 b1=+0.057 b2=+0.004 b3=+0.004]
step 77000  ce 2.837  loss 2.847  holds 83040  134,139 tok/s  [fid:3=+0.985 fid:4=+0.818 fid:5=+0.052 b0=+0.720 b1=+0.095 b2=+0.007 b3=+0.004]
step 77050  ce 2.758  loss 2.759  holds 83040  134,126 tok/s  [fid:3=+0.985 fid:4=+0.819 fid:5=+0.052 b0=+0.651 b1=+0.077 b2=+0.007 b3=+0.006]
step 77100  ce 2.609  loss 2.610  holds 83072  134,146 tok/s  [fid:3=+0.985 fid:4=+0.818 fid:5=+0.052 b0=+0.711 b1=+0.074 b2=+0.005 b3=+0.006]
step 77150  ce 2.661  loss 2.662  holds 83104  134,135 tok/s  [fid:3=+0.984 fid:4=+0.818 fid:5=+0.052 b0=+0.680 b1=+0.079 b2=+0.007 b3=+0.006]
step 77200  ce 2.779  loss 2.789  holds 83104  134,125 tok/s  [fid:3=+0.984 fid:4=+0.819 fid:5=+0.052 b0=+0.601 b1=+0.150 b2=+0.003 b3=+0.006]
step 77250  ce 2.788  loss 2.790  holds 83104  134,144 tok/s  [fid:3=+0.985 fid:4=+0.819 fid:5=+0.052 b0=+0.677 b1=+0.052 b2=+0.001 b3=+0.006]
step 77300  ce 2.548  loss 2.549  holds 83104  134,133 tok/s  [fid:3=+0.985 fid:4=+0.819 fid:5=+0.052 b0=+0.694 b1=+0.076 b2=+0.001 b3=+0.006]
step 77350  ce 2.871  loss 2.873  holds 83136  134,152 tok/s  [fid:3=+0.984 fid:4=+0.820 fid:5=+0.052 b0=+0.667 b1=+0.115 b2=+0.001 b3=+0.006]
step 77400  ce 2.521  loss 2.531  holds 83168  134,140 tok/s  [fid:3=+0.986 fid:4=+0.820 fid:5=+0.052 b0=+0.608 b1=+0.092 b2=+0.001 b3=+0.006]
step 77450  ce 2.828  loss 2.830  holds 83168  134,127 tok/s  [fid:3=+0.985 fid:4=+0.820 fid:5=+0.052 b0=+0.552 b1=+0.101 b2=+0.001 b3=+0.006]
step 77500  ce 2.989  loss 2.991  holds 83168  134,147 tok/s  [fid:3=+0.985 fid:4=+0.820 fid:5=+0.052 b0=+0.726 b1=+0.124 b2=+0.002 b3=+0.006]
step 77550  ce 2.725  loss 2.726  holds 83168  134,137 tok/s  [fid:3=+0.985 fid:4=+0.820 fid:5=+0.052 b0=+0.659 b1=+0.102 b2=+0.005 b3=+0.006]
step 77600  ce 2.831  loss 2.840  holds 83200  134,156 tok/s  [fid:3=+0.985 fid:4=+0.821 fid:5=+0.052 b0=+0.643 b1=+0.055 b2=+0.003 b3=+0.006]
step 77650  ce 2.755  loss 2.756  holds 83232  134,148 tok/s  [fid:3=+0.985 fid:4=+0.821 fid:5=+0.052 b0=+0.606 b1=+0.058 b2=+0.003 b3=+0.006]
step 77700  ce 2.611  loss 2.612  holds 83232  134,140 tok/s  [fid:3=+0.985 fid:4=+0.820 fid:5=+0.052 b0=+0.691 b1=+0.072 b2=+0.001 b3=+0.006]
step 77750  ce 2.786  loss 2.787  holds 83232  134,160 tok/s  [fid:3=+0.985 fid:4=+0.820 fid:5=+0.052 b0=+0.650 b1=+0.088 b2=+0.003 b3=+0.006]
step 77800  ce 2.795  loss 2.804  holds 83232  134,151 tok/s  [fid:3=+0.986 fid:4=+0.821 fid:5=+0.052 b0=+0.606 b1=+0.063 b2=+0.001 b3=+0.006]
step 77850  ce 2.836  loss 2.837  holds 83264  134,170 tok/s  [fid:3=+0.984 fid:4=+0.821 fid:5=+0.052 b0=+0.615 b1=+0.064 b2=+0.004 b3=+0.005]
step 77900  ce 2.829  loss 2.830  holds 83296  134,159 tok/s  [fid:3=+0.986 fid:4=+0.822 fid:5=+0.052 b0=+0.620 b1=+0.059 b2=+0.002 b3=+0.005]
step 77950  ce 3.047  loss 3.048  holds 83296  134,147 tok/s  [fid:3=+0.987 fid:4=+0.822 fid:5=+0.052 b0=+0.681 b1=+0.028 b2=+0.006 b3=+0.005]
step 78000  ce 2.941  loss 2.950  holds 83296  134,166 tok/s  [fid:3=+0.984 fid:4=+0.820 fid:5=+0.052 b0=+0.633 b1=+0.078 b2=+0.002 b3=+0.005]
    holdout(cum): {'cross': [0.059, 0.03, 98], 'same': [0.482, 0.61, 62], 'straddle': [0.091, 0.08, 38]}
step 78050  ce 2.878  loss 2.879  holds 83296  134,153 tok/s  [fid:3=+0.985 fid:4=+0.821 fid:5=+0.052 b0=+0.633 b1=+0.112 b2=+0.004 b3=+0.005]
step 78100  ce 2.726  loss 2.727  holds 83328  134,173 tok/s  [fid:3=+0.985 fid:4=+0.820 fid:5=+0.052 b0=+0.655 b1=+0.089 b2=+0.002 b3=+0.005]
step 78150  ce 2.641  loss 2.643  holds 83360  134,160 tok/s  [fid:3=+0.984 fid:4=+0.820 fid:5=+0.052 b0=+0.602 b1=+0.109 b2=+0.002 b3=+0.005]
step 78200  ce 2.537  loss 2.546  holds 83360  134,151 tok/s  [fid:3=+0.985 fid:4=+0.820 fid:5=+0.052 b0=+0.608 b1=+0.058 b2=+0.003 b3=+0.005]
step 78250  ce 2.704  loss 2.705  holds 83360  134,171 tok/s  [fid:3=+0.985 fid:4=+0.821 fid:5=+0.052 b0=+0.641 b1=+0.055 b2=+0.002 b3=+0.005]
step 78300  ce 2.940  loss 2.942  holds 83360  134,161 tok/s  [fid:3=+0.983 fid:4=+0.821 fid:5=+0.052 b0=+0.613 b1=+0.029 b2=+0.002 b3=+0.005]
step 78350  ce 2.828  loss 2.831  holds 83392  134,182 tok/s  [fid:3=+0.985 fid:4=+0.821 fid:5=+0.052 b0=+0.710 b1=+0.040 b2=+0.004 b3=+0.005]
step 78400  ce 2.551  loss 2.590  holds 83424  134,172 tok/s  [fid:3=+0.985 fid:4=+0.820 fid:5=+0.052 b0=+0.704 b1=+0.055 b2=+0.002 b3=+0.005]
step 78450  ce 2.738  loss 2.739  holds 83424  134,162 tok/s  [fid:3=+0.985 fid:4=+0.821 fid:5=+0.052 b0=+0.639 b1=+0.068 b2=+0.002 b3=+0.005]
step 78500  ce 2.639  loss 2.641  holds 83424  134,182 tok/s  [fid:3=+0.986 fid:4=+0.822 fid:5=+0.052 b0=+0.692 b1=+0.089 b2=+0.003 b3=+0.005]
step 78550  ce 2.964  loss 2.965  holds 83424  134,167 tok/s  [fid:3=+0.985 fid:4=+0.822 fid:5=+0.052 b0=+0.789 b1=+0.067 b2=+0.003 b3=+0.004]
step 78600  ce 2.839  loss 2.849  holds 83456  134,184 tok/s  [fid:3=+0.985 fid:4=+0.823 fid:5=+0.052 b0=+0.573 b1=+0.075 b2=+0.004 b3=+0.004]
step 78650  ce 2.838  loss 2.839  holds 83456  134,173 tok/s  [fid:3=+0.985 fid:4=+0.823 fid:5=+0.052 b0=+0.676 b1=+0.078 b2=+0.004 b3=+0.004]
step 78700  ce 2.772  loss 2.774  holds 83488  134,164 tok/s  [fid:3=+0.986 fid:4=+0.823 fid:5=+0.052 b0=+0.676 b1=+0.109 b2=+0.002 b3=+0.004]
step 78750  ce 2.787  loss 2.789  holds 83488  134,183 tok/s  [fid:3=+0.985 fid:4=+0.824 fid:5=+0.052 b0=+0.646 b1=+0.091 b2=+0.003 b3=+0.004]
step 78800  ce 2.670  loss 2.679  holds 83488  134,172 tok/s  [fid:3=+0.985 fid:4=+0.825 fid:5=+0.052 b0=+0.648 b1=+0.064 b2=+0.002 b3=+0.004]
step 78850  ce 2.754  loss 2.756  holds 83520  134,162 tok/s  [fid:3=+0.986 fid:4=+0.825 fid:5=+0.052 b0=+0.641 b1=+0.112 b2=+0.002 b3=+0.004]
step 78900  ce 2.868  loss 2.870  holds 83520  134,182 tok/s  [fid:3=+0.986 fid:4=+0.826 fid:5=+0.052 b0=+0.701 b1=+0.067 b2=+0.004 b3=+0.004]
step 78950  ce 2.622  loss 2.624  holds 83552  134,172 tok/s  [fid:3=+0.984 fid:4=+0.825 fid:5=+0.052 b0=+0.656 b1=+0.046 b2=+0.005 b3=+0.004]
step 79000  ce 2.757  loss 2.767  holds 83552  134,191 tok/s  [fid:3=+0.986 fid:4=+0.826 fid:5=+0.052 b0=+0.623 b1=+0.036 b2=+0.005 b3=+0.004]
step 79050  ce 2.795  loss 2.797  holds 83552  134,183 tok/s  [fid:3=+0.986 fid:4=+0.826 fid:5=+0.052 b0=+0.731 b1=+0.077 b2=+0.003 b3=+0.004]
step 79100  ce 2.823  loss 2.825  holds 83552  134,175 tok/s  [fid:3=+0.986 fid:4=+0.825 fid:5=+0.052 b0=+0.701 b1=+0.069 b2=+0.003 b3=+0.004]
step 79150  ce 2.983  loss 2.984  holds 83584  134,193 tok/s  [fid:3=+0.986 fid:4=+0.824 fid:5=+0.052 b0=+0.667 b1=+0.103 b2=+0.003 b3=+0.004]
step 79200  ce 2.802  loss 2.812  holds 83616  134,183 tok/s  [fid:3=+0.986 fid:4=+0.824 fid:5=+0.052 b0=+0.679 b1=+0.084 b2=+0.003 b3=+0.004]
step 79250  ce 2.755  loss 2.757  holds 83616  134,203 tok/s  [fid:3=+0.984 fid:4=+0.824 fid:5=+0.052 b0=+0.672 b1=+0.094 b2=+0.005 b3=+0.004]
step 79300  ce 2.814  loss 2.815  holds 83616  134,191 tok/s  [fid:3=+0.986 fid:4=+0.824 fid:5=+0.052 b0=+0.690 b1=+0.064 b2=+0.002 b3=+0.004]
step 79350  ce 2.571  loss 2.573  holds 83616  134,180 tok/s  [fid:3=+0.984 fid:4=+0.824 fid:5=+0.052 b0=+0.729 b1=+0.040 b2=+0.004 b3=+0.004]
step 79400  ce 2.426  loss 2.436  holds 83648  134,199 tok/s  [fid:3=+0.985 fid:4=+0.823 fid:5=+0.052 b0=+0.598 b1=+0.037 b2=+0.002 b3=+0.004]
step 79450  ce 2.921  loss 2.922  holds 83680  134,188 tok/s  [fid:3=+0.985 fid:4=+0.823 fid:5=+0.052 b0=+0.669 b1=+0.030 b2=+0.002 b3=+0.004]
step 79500  ce 3.130  loss 3.131  holds 83680  134,177 tok/s  [fid:3=+0.985 fid:4=+0.823 fid:5=+0.052 b0=+0.670 b1=+0.054 b2=+0.002 b3=+0.004]
step 79550  ce 2.663  loss 2.664  holds 83680  134,194 tok/s  [fid:3=+0.986 fid:4=+0.824 fid:5=+0.052 b0=+0.593 b1=+0.069 b2=+0.005 b3=+0.004]
step 79600  ce 2.953  loss 2.963  holds 83680  134,186 tok/s  [fid:3=+0.986 fid:4=+0.824 fid:5=+0.052 b0=+0.625 b1=+0.135 b2=+0.002 b3=+0.004]
step 79650  ce 2.944  loss 2.945  holds 83712  134,205 tok/s  [fid:3=+0.985 fid:4=+0.823 fid:5=+0.052 b0=+0.651 b1=+0.122 b2=+0.006 b3=+0.004]
step 79700  ce 2.636  loss 2.638  holds 83744  134,192 tok/s  [fid:3=+0.985 fid:4=+0.824 fid:5=+0.052 b0=+0.696 b1=+0.110 b2=+0.004 b3=+0.004]
step 79750  ce 2.538  loss 2.539  holds 83744  134,182 tok/s  [fid:3=+0.985 fid:4=+0.823 fid:5=+0.052 b0=+0.683 b1=+0.123 b2=+0.003 b3=+0.004]
step 79800  ce 2.733  loss 2.742  holds 83744  134,201 tok/s  [fid:3=+0.986 fid:4=+0.824 fid:5=+0.052 b0=+0.640 b1=+0.113 b2=+0.004 b3=+0.004]
step 79850  ce 2.898  loss 2.899  holds 83744  134,190 tok/s  [fid:3=+0.986 fid:4=+0.824 fid:5=+0.052 b0=+0.694 b1=+0.091 b2=+0.002 b3=+0.004]
step 79900  ce 2.764  loss 2.766  holds 83776  134,209 tok/s  [fid:3=+0.985 fid:4=+0.824 fid:5=+0.052 b0=+0.660 b1=+0.066 b2=+0.003 b3=+0.004]
step 79950  ce 2.679  loss 2.680  holds 83808  134,199 tok/s  [fid:3=+0.985 fid:4=+0.824 fid:5=+0.052 b0=+0.652 b1=+0.057 b2=+0.004 b3=+0.004]
step 80000  ce 2.854  loss 2.892  holds 83808  134,188 tok/s  [fid:3=+0.985 fid:4=+0.825 fid:5=+0.052 b0=+0.642 b1=+0.090 b2=+0.003 b3=+0.004]
    holdout(cum): {'cross': [0.059, 0.03, 100], 'same': [0.481, 0.61, 64], 'straddle': [0.094, 0.1, 39]}
step 80050  ce 2.686  loss 2.688  holds 83808  134,203 tok/s  [fid:3=+0.985 fid:4=+0.825 fid:5=+0.052 b0=+0.682 b1=+0.078 b2=+0.002 b3=+0.004]
step 80100  ce 2.798  loss 2.799  holds 83808  134,191 tok/s  [fid:3=+0.985 fid:4=+0.824 fid:5=+0.052 b0=+0.657 b1=+0.096 b2=+0.002 b3=+0.004]
step 80150  ce 2.698  loss 2.699  holds 83840  134,210 tok/s  [fid:3=+0.984 fid:4=+0.824 fid:5=+0.052 b0=+0.619 b1=+0.106 b2=+0.005 b3=+0.004]
step 80200  ce 2.806  loss 2.815  holds 83872  134,202 tok/s  [fid:3=+0.985 fid:4=+0.823 fid:5=+0.052 b0=+0.616 b1=+0.064 b2=+0.008 b3=+0.004]
step 80250  ce 2.937  loss 2.938  holds 83872  134,193 tok/s  [fid:3=+0.985 fid:4=+0.823 fid:5=+0.052 b0=+0.681 b1=+0.102 b2=+0.003 b3=+0.004]
step 80300  ce 2.861  loss 2.862  holds 83872  134,211 tok/s  [fid:3=+0.986 fid:4=+0.824 fid:5=+0.052 b0=+0.625 b1=+0.069 b2=+0.005 b3=+0.004]
step 80350  ce 2.804  loss 2.805  holds 83872  134,200 tok/s  [fid:3=+0.986 fid:4=+0.823 fid:5=+0.052 b0=+0.629 b1=+0.043 b2=+0.004 b3=+0.004]
step 80400  ce 2.808  loss 2.819  holds 83904  134,189 tok/s  [fid:3=+0.986 fid:4=+0.823 fid:5=+0.052 b0=+0.596 b1=+0.060 b2=+0.003 b3=+0.004]
step 80450  ce 2.762  loss 2.766  holds 83936  134,209 tok/s  [fid:3=+0.986 fid:4=+0.822 fid:5=+0.052 b0=+0.677 b1=+0.054 b2=+0.003 b3=+0.004]
step 80500  ce 2.678  loss 2.680  holds 83936  134,198 tok/s  [fid:3=+0.985 fid:4=+0.822 fid:5=+0.052 b0=+0.704 b1=+0.139 b2=+0.004 b3=+0.004]
step 80550  ce 2.423  loss 2.424  holds 83936  134,216 tok/s  [fid:3=+0.986 fid:4=+0.822 fid:5=+0.052 b0=+0.603 b1=+0.077 b2=+0.002 b3=+0.004]
step 80600  ce 2.717  loss 2.727  holds 83936  134,205 tok/s  [fid:3=+0.985 fid:4=+0.822 fid:5=+0.052 b0=+0.572 b1=+0.043 b2=+0.004 b3=+0.003]
step 80650  ce 2.758  loss 2.760  holds 83968  134,194 tok/s  [fid:3=+0.982 fid:4=+0.821 fid:5=+0.052 b0=+0.631 b1=+0.047 b2=+0.004 b3=+0.003]
step 80700  ce 2.807  loss 2.809  holds 83968  134,213 tok/s  [fid:3=+0.984 fid:4=+0.821 fid:5=+0.052 b0=+0.684 b1=+0.104 b2=+0.004 b3=+0.003]
step 80750  ce 2.872  loss 2.875  holds 84000  134,205 tok/s  [fid:3=+0.984 fid:4=+0.821 fid:5=+0.052 b0=+0.635 b1=+0.104 b2=+0.002 b3=+0.003]
step 80800  ce 2.723  loss 2.732  holds 84000  134,224 tok/s  [fid:3=+0.985 fid:4=+0.820 fid:5=+0.052 b0=+0.586 b1=+0.077 b2=+0.005 b3=+0.004]
step 80850  ce 2.709  loss 2.710  holds 84000  134,212 tok/s  [fid:3=+0.985 fid:4=+0.820 fid:5=+0.052 b0=+0.633 b1=+0.082 b2=+0.002 b3=+0.004]
step 80900  ce 2.518  loss 2.522  holds 84032  134,201 tok/s  [fid:3=+0.985 fid:4=+0.819 fid:5=+0.052 b0=+0.704 b1=+0.074 b2=+0.002 b3=+0.004]
step 80950  ce 2.705  loss 2.707  holds 84032  134,219 tok/s  [fid:3=+0.986 fid:4=+0.819 fid:5=+0.052 b0=+0.635 b1=+0.066 b2=+0.002 b3=+0.004]
step 81000  ce 2.688  loss 2.698  holds 84064  134,211 tok/s  [fid:3=+0.986 fid:4=+0.820 fid:5=+0.052 b0=+0.645 b1=+0.093 b2=+0.002 b3=+0.004]
step 81050  ce 2.784  loss 2.785  holds 84064  134,228 tok/s  [fid:3=+0.986 fid:4=+0.821 fid:5=+0.052 b0=+0.579 b1=+0.049 b2=+0.003 b3=+0.004]
step 81100  ce 2.609  loss 2.610  holds 84064  134,218 tok/s  [fid:3=+0.985 fid:4=+0.822 fid:5=+0.052 b0=+0.688 b1=+0.067 b2=+0.004 b3=+0.004]
step 81150  ce 2.869  loss 2.871  holds 84064  134,212 tok/s  [fid:3=+0.985 fid:4=+0.822 fid:5=+0.052 b0=+0.642 b1=+0.031 b2=+0.002 b3=+0.004]
step 81200  ce 2.714  loss 2.723  holds 84096  134,231 tok/s  [fid:3=+0.986 fid:4=+0.821 fid:5=+0.052 b0=+0.610 b1=+0.060 b2=+0.005 b3=+0.004]
step 81250  ce 2.699  loss 2.701  holds 84128  134,220 tok/s  [fid:3=+0.986 fid:4=+0.822 fid:5=+0.052 b0=+0.646 b1=+0.076 b2=+0.007 b3=+0.004]
step 81300  ce 2.968  loss 2.970  holds 84128  134,238 tok/s  [fid:3=+0.986 fid:4=+0.823 fid:5=+0.052 b0=+0.678 b1=+0.082 b2=+0.003 b3=+0.004]
step 81350  ce 2.918  loss 2.919  holds 84128  134,227 tok/s  [fid:3=+0.986 fid:4=+0.823 fid:5=+0.052 b0=+0.590 b1=+0.026 b2=+0.005 b3=+0.004]
step 81400  ce 2.632  loss 2.642  holds 84128  134,216 tok/s  [fid:3=+0.986 fid:4=+0.822 fid:5=+0.052 b0=+0.612 b1=+0.115 b2=+0.003 b3=+0.004]
step 81450  ce 2.928  loss 2.929  holds 84160  134,235 tok/s  [fid:3=+0.986 fid:4=+0.823 fid:5=+0.052 b0=+0.637 b1=+0.052 b2=+0.004 b3=+0.004]
step 81500  ce 2.806  loss 2.809  holds 84192  134,227 tok/s  [fid:3=+0.986 fid:4=+0.824 fid:5=+0.052 b0=+0.664 b1=+0.048 b2=+0.004 b3=+0.004]
step 81550  ce 2.919  loss 2.920  holds 84192  134,218 tok/s  [fid:3=+0.985 fid:4=+0.824 fid:5=+0.052 b0=+0.680 b1=+0.043 b2=+0.003 b3=+0.004]
step 81600  ce 2.523  loss 2.561  holds 84192  134,236 tok/s  [fid:3=+0.986 fid:4=+0.825 fid:5=+0.052 b0=+0.685 b1=+0.066 b2=+0.004 b3=+0.004]
step 81650  ce 2.648  loss 2.650  holds 84192  134,227 tok/s  [fid:3=+0.985 fid:4=+0.825 fid:5=+0.052 b0=+0.699 b1=+0.065 b2=+0.003 b3=+0.004]
step 81700  ce 2.522  loss 2.523  holds 84224  134,245 tok/s  [fid:3=+0.986 fid:4=+0.825 fid:5=+0.052 b0=+0.632 b1=+0.052 b2=+0.003 b3=+0.004]
step 81750  ce 2.415  loss 2.416  holds 84256  134,239 tok/s  [fid:3=+0.985 fid:4=+0.825 fid:5=+0.052 b0=+0.639 b1=+0.102 b2=+0.003 b3=+0.004]
step 81800  ce 2.646  loss 2.656  holds 84256  134,228 tok/s  [fid:3=+0.984 fid:4=+0.825 fid:5=+0.052 b0=+0.650 b1=+0.088 b2=+0.008 b3=+0.004]
step 81850  ce 2.536  loss 2.537  holds 84256  134,247 tok/s  [fid:3=+0.986 fid:4=+0.825 fid:5=+0.052 b0=+0.688 b1=+0.059 b2=+0.002 b3=+0.004]
step 81900  ce 2.768  loss 2.770  holds 84256  134,236 tok/s  [fid:3=+0.984 fid:4=+0.825 fid:5=+0.052 b0=+0.681 b1=+0.118 b2=+0.005 b3=+0.004]
step 81950  ce 2.620  loss 2.622  holds 84288  134,254 tok/s  [fid:3=+0.984 fid:4=+0.824 fid:5=+0.052 b0=+0.707 b1=+0.054 b2=+0.006 b3=+0.004]
step 82000  ce 2.718  loss 2.727  holds 84320  134,245 tok/s  [fid:3=+0.985 fid:4=+0.824 fid:5=+0.052 b0=+0.649 b1=+0.054 b2=+0.003 b3=+0.004]
    holdout(cum): {'cross': [0.06, 0.05, 105], 'same': [0.481, 0.61, 64], 'straddle': [0.094, 0.1, 39]}
step 82050  ce 2.710  loss 2.712  holds 84320  134,234 tok/s  [fid:3=+0.986 fid:4=+0.824 fid:5=+0.052 b0=+0.640 b1=+0.117 b2=+0.004 b3=+0.004]
step 82100  ce 2.799  loss 2.800  holds 84320  134,253 tok/s  [fid:3=+0.986 fid:4=+0.824 fid:5=+0.052 b0=+0.597 b1=+0.126 b2=+0.003 b3=+0.004]
step 82150  ce 2.767  loss 2.768  holds 84320  134,243 tok/s  [fid:3=+0.984 fid:4=+0.824 fid:5=+0.052 b0=+0.652 b1=+0.086 b2=+0.005 b3=+0.004]
step 82200  ce 2.731  loss 2.740  holds 84352  134,261 tok/s  [fid:3=+0.985 fid:4=+0.824 fid:5=+0.052 b0=+0.648 b1=+0.078 b2=+0.004 b3=+0.004]
step 82250  ce 3.001  loss 3.002  holds 84384  134,253 tok/s  [fid:3=+0.981 fid:4=+0.824 fid:5=+0.052 b0=+0.721 b1=+0.116 b2=+0.004 b3=+0.004]
step 82300  ce 2.584  loss 2.586  holds 84384  134,243 tok/s  [fid:3=+0.984 fid:4=+0.825 fid:5=+0.052 b0=+0.656 b1=+0.103 b2=+0.004 b3=+0.004]
step 82350  ce 2.856  loss 2.857  holds 84384  134,262 tok/s  [fid:3=+0.985 fid:4=+0.826 fid:5=+0.052 b0=+0.688 b1=+0.054 b2=+0.003 b3=+0.004]
step 82400  ce 2.855  loss 2.864  holds 84384  134,253 tok/s  [fid:3=+0.985 fid:4=+0.826 fid:5=+0.052 b0=+0.566 b1=+0.072 b2=+0.004 b3=+0.004]
step 82450  ce 2.852  loss 2.853  holds 84416  134,244 tok/s  [fid:3=+0.986 fid:4=+0.826 fid:5=+0.052 b0=+0.694 b1=+0.060 b2=+0.003 b3=+0.004]
step 82500  ce 2.769  loss 2.771  holds 84448  134,264 tok/s  [fid:3=+0.985 fid:4=+0.826 fid:5=+0.052 b0=+0.668 b1=+0.064 b2=+0.002 b3=+0.004]
step 82550  ce 2.638  loss 2.639  holds 84448  134,254 tok/s  [fid:3=+0.986 fid:4=+0.826 fid:5=+0.052 b0=+0.702 b1=+0.118 b2=+0.003 b3=+0.004]
step 82600  ce 2.745  loss 2.754  holds 84448  134,274 tok/s  [fid:3=+0.985 fid:4=+0.827 fid:5=+0.052 b0=+0.614 b1=+0.102 b2=+0.004 b3=+0.004]
step 82650  ce 2.761  loss 2.762  holds 84448  134,268 tok/s  [fid:3=+0.984 fid:4=+0.827 fid:5=+0.052 b0=+0.627 b1=+0.030 b2=+0.002 b3=+0.004]
step 82700  ce 2.822  loss 2.823  holds 84480  134,262 tok/s  [fid:3=+0.985 fid:4=+0.826 fid:5=+0.052 b0=+0.633 b1=+0.071 b2=+0.004 b3=+0.004]
step 82750  ce 2.648  loss 2.649  holds 84480  134,280 tok/s  [fid:3=+0.986 fid:4=+0.826 fid:5=+0.052 b0=+0.668 b1=+0.079 b2=+0.002 b3=+0.004]
step 82800  ce 2.605  loss 2.615  holds 84512  134,272 tok/s  [fid:3=+0.985 fid:4=+0.826 fid:5=+0.052 b0=+0.575 b1=+0.094 b2=+0.002 b3=+0.004]
step 82850  ce 2.682  loss 2.683  holds 84512  134,290 tok/s  [fid:3=+0.986 fid:4=+0.825 fid:5=+0.052 b0=+0.658 b1=+0.081 b2=+0.003 b3=+0.003]
step 82900  ce 2.870  loss 2.872  holds 84512  134,280 tok/s  [fid:3=+0.985 fid:4=+0.825 fid:5=+0.052 b0=+0.686 b1=+0.069 b2=+0.001 b3=+0.003]
step 82950  ce 2.980  loss 2.981  holds 84544  134,272 tok/s  [fid:3=+0.986 fid:4=+0.826 fid:5=+0.052 b0=+0.658 b1=+0.071 b2=+0.004 b3=+0.003]
step 83000  ce 2.753  loss 2.762  holds 84544  134,291 tok/s  [fid:3=+0.986 fid:4=+0.827 fid:5=+0.052 b0=+0.739 b1=+0.098 b2=+0.002 b3=+0.003]
step 83050  ce 2.809  loss 2.810  holds 84576  134,280 tok/s  [fid:3=+0.986 fid:4=+0.827 fid:5=+0.052 b0=+0.698 b1=+0.075 b2=+0.003 b3=+0.003]
step 83100  ce 2.870  loss 2.872  holds 84576  134,298 tok/s  [fid:3=+0.986 fid:4=+0.827 fid:5=+0.052 b0=+0.657 b1=+0.115 b2=+0.001 b3=+0.003]
step 83150  ce 2.868  loss 2.870  holds 84576  134,288 tok/s  [fid:3=+0.985 fid:4=+0.827 fid:5=+0.052 b0=+0.633 b1=+0.079 b2=+0.002 b3=+0.003]
step 83200  ce 2.858  loss 2.896  holds 84576  134,279 tok/s  [fid:3=+0.982 fid:4=+0.826 fid:5=+0.052 b0=+0.744 b1=+0.036 b2=+0.002 b3=+0.003]
step 83250  ce 2.866  loss 2.867  holds 84608  134,299 tok/s  [fid:3=+0.984 fid:4=+0.827 fid:5=+0.052 b0=+0.665 b1=+0.056 b2=+0.003 b3=+0.003]
step 83300  ce 2.584  loss 2.585  holds 84640  134,292 tok/s  [fid:3=+0.985 fid:4=+0.827 fid:5=+0.052 b0=+0.628 b1=+0.126 b2=+0.003 b3=+0.003]
step 83350  ce 2.688  loss 2.689  holds 84640  134,286 tok/s  [fid:3=+0.985 fid:4=+0.827 fid:5=+0.052 b0=+0.653 b1=+0.119 b2=+0.003 b3=+0.003]
step 83400  ce 3.061  loss 3.071  holds 84640  134,304 tok/s  [fid:3=+0.986 fid:4=+0.827 fid:5=+0.052 b0=+0.687 b1=+0.052 b2=+0.002 b3=+0.003]
step 83450  ce 2.682  loss 2.684  holds 84640  134,292 tok/s  [fid:3=+0.986 fid:4=+0.827 fid:5=+0.052 b0=+0.629 b1=+0.072 b2=+0.005 b3=+0.003]
step 83500  ce 2.757  loss 2.758  holds 84672  134,309 tok/s  [fid:3=+0.985 fid:4=+0.826 fid:5=+0.052 b0=+0.541 b1=+0.083 b2=+0.001 b3=+0.003]
step 83550  ce 2.742  loss 2.743  holds 84704  134,300 tok/s  [fid:3=+0.985 fid:4=+0.826 fid:5=+0.052 b0=+0.628 b1=+0.053 b2=+0.005 b3=+0.003]
step 83600  ce 2.800  loss 2.809  holds 84704  134,295 tok/s  [fid:3=+0.985 fid:4=+0.826 fid:5=+0.052 b0=+0.680 b1=+0.045 b2=+0.003 b3=+0.003]
step 83650  ce 2.703  loss 2.704  holds 84704  134,313 tok/s  [fid:3=+0.986 fid:4=+0.826 fid:5=+0.052 b0=+0.612 b1=+0.050 b2=+0.003 b3=+0.003]
step 83700  ce 2.756  loss 2.757  holds 84704  134,303 tok/s  [fid:3=+0.985 fid:4=+0.827 fid:5=+0.052 b0=+0.641 b1=+0.058 b2=+0.002 b3=+0.003]
step 83750  ce 2.664  loss 2.666  holds 84736  134,323 tok/s  [fid:3=+0.984 fid:4=+0.826 fid:5=+0.052 b0=+0.590 b1=+0.068 b2=+0.001 b3=+0.003]
step 83800  ce 2.835  loss 2.843  holds 84768  134,314 tok/s  [fid:3=+0.985 fid:4=+0.826 fid:5=+0.052 b0=+0.655 b1=+0.078 b2=+0.004 b3=+0.003]
step 83850  ce 2.649  loss 2.650  holds 84768  134,309 tok/s  [fid:3=+0.984 fid:4=+0.825 fid:5=+0.052 b0=+0.693 b1=+0.124 b2=+0.001 b3=+0.003]
step 83900  ce 2.836  loss 2.837  holds 84768  134,328 tok/s  [fid:3=+0.986 fid:4=+0.825 fid:5=+0.052 b0=+0.661 b1=+0.055 b2=+0.002 b3=+0.003]
step 83950  ce 2.733  loss 2.734  holds 84768  134,321 tok/s  [fid:3=+0.986 fid:4=+0.825 fid:5=+0.052 b0=+0.634 b1=+0.073 b2=+0.005 b3=+0.003]
step 84000  ce 2.596  loss 2.605  holds 84800  134,313 tok/s  [fid:3=+0.985 fid:4=+0.826 fid:5=+0.052 b0=+0.714 b1=+0.068 b2=+0.003 b3=+0.003]
    holdout(cum): {'cross': [0.06, 0.05, 107], 'same': [0.488, 0.62, 65], 'straddle': [0.092, 0.1, 40]}
step 84050  ce 2.815  loss 2.818  holds 84832  134,327 tok/s  [fid:3=+0.985 fid:4=+0.826 fid:5=+0.052 b0=+0.555 b1=+0.080 b2=+0.003 b3=+0.003]
step 84100  ce 2.528  loss 2.531  holds 84832  134,321 tok/s  [fid:3=+0.985 fid:4=+0.826 fid:5=+0.052 b0=+0.649 b1=+0.093 b2=+0.003 b3=+0.004]
step 84150  ce 2.865  loss 2.866  holds 84832  134,339 tok/s  [fid:3=+0.985 fid:4=+0.826 fid:5=+0.052 b0=+0.620 b1=+0.097 b2=+0.004 b3=+0.004]
step 84200  ce 2.689  loss 2.698  holds 84832  134,334 tok/s  [fid:3=+0.984 fid:4=+0.827 fid:5=+0.052 b0=+0.656 b1=+0.045 b2=+0.004 b3=+0.004]
step 84250  ce 2.478  loss 2.479  holds 84864  134,324 tok/s  [fid:3=+0.984 fid:4=+0.827 fid:5=+0.052 b0=+0.589 b1=+0.056 b2=+0.004 b3=+0.004]
step 84300  ce 2.745  loss 2.746  holds 84896  134,342 tok/s  [fid:3=+0.985 fid:4=+0.826 fid:5=+0.052 b0=+0.698 b1=+0.059 b2=+0.002 b3=+0.004]
step 84350  ce 2.735  loss 2.736  holds 84896  134,331 tok/s  [fid:3=+0.986 fid:4=+0.826 fid:5=+0.052 b0=+0.634 b1=+0.061 b2=+0.003 b3=+0.004]
step 84400  ce 2.531  loss 2.541  holds 84896  134,349 tok/s  [fid:3=+0.985 fid:4=+0.826 fid:5=+0.052 b0=+0.746 b1=+0.047 b2=+0.002 b3=+0.004]
step 84450  ce 2.876  loss 2.877  holds 84896  134,344 tok/s  [fid:3=+0.985 fid:4=+0.827 fid:5=+0.052 b0=+0.617 b1=+0.065 b2=+0.003 b3=+0.004]
step 84500  ce 2.645  loss 2.646  holds 84928  134,333 tok/s  [fid:3=+0.984 fid:4=+0.825 fid:5=+0.052 b0=+0.654 b1=+0.117 b2=+0.003 b3=+0.004]
step 84550  ce 2.756  loss 2.757  holds 84960  134,349 tok/s  [fid:3=+0.986 fid:4=+0.826 fid:5=+0.052 b0=+0.676 b1=+0.092 b2=+0.003 b3=+0.004]
step 84600  ce 2.881  loss 2.891  holds 84960  134,339 tok/s  [fid:3=+0.986 fid:4=+0.826 fid:5=+0.052 b0=+0.616 b1=+0.070 b2=+0.003 b3=+0.004]
step 84650  ce 2.691  loss 2.692  holds 84960  134,328 tok/s  [fid:3=+0.986 fid:4=+0.826 fid:5=+0.052 b0=+0.641 b1=+0.060 b2=+0.002 b3=+0.004]
step 84700  ce 2.842  loss 2.845  holds 84960  134,346 tok/s  [fid:3=+0.985 fid:4=+0.825 fid:5=+0.052 b0=+0.664 b1=+0.043 b2=+0.002 b3=+0.004]
step 84750  ce 2.629  loss 2.631  holds 84992  134,339 tok/s  [fid:3=+0.985 fid:4=+0.826 fid:5=+0.052 b0=+0.630 b1=+0.103 b2=+0.004 b3=+0.004]
step 84800  ce 2.762  loss 2.799  holds 85024  134,359 tok/s  [fid:3=+0.985 fid:4=+0.827 fid:5=+0.052 b0=+0.608 b1=+0.098 b2=+0.003 b3=+0.004]
step 84850  ce 2.805  loss 2.806  holds 85024  134,350 tok/s  [fid:3=+0.985 fid:4=+0.828 fid:5=+0.052 b0=+0.691 b1=+0.045 b2=+0.003 b3=+0.004]
step 84900  ce 2.896  loss 2.897  holds 85024  134,340 tok/s  [fid:3=+0.986 fid:4=+0.828 fid:5=+0.052 b0=+0.712 b1=+0.043 b2=+0.002 b3=+0.004]
step 84950  ce 2.729  loss 2.730  holds 85024  134,360 tok/s  [fid:3=+0.986 fid:4=+0.829 fid:5=+0.052 b0=+0.717 b1=+0.095 b2=+0.006 b3=+0.004]
step 85000  ce 2.605  loss 2.613  holds 85056  134,351 tok/s  [fid:3=+0.985 fid:4=+0.829 fid:5=+0.052 b0=+0.648 b1=+0.160 b2=+0.003 b3=+0.004]
step 85050  ce 2.877  loss 2.880  holds 85056  134,369 tok/s  [fid:3=+0.985 fid:4=+0.829 fid:5=+0.052 b0=+0.607 b1=+0.093 b2=+0.004 b3=+0.004]
step 85100  ce 2.779  loss 2.780  holds 85088  134,365 tok/s  [fid:3=+0.985 fid:4=+0.829 fid:5=+0.052 b0=+0.681 b1=+0.076 b2=+0.002 b3=+0.004]
step 85150  ce 2.861  loss 2.862  holds 85088  134,356 tok/s  [fid:3=+0.985 fid:4=+0.829 fid:5=+0.052 b0=+0.643 b1=+0.055 b2=+0.002 b3=+0.004]
step 85200  ce 2.691  loss 2.700  holds 85088  134,374 tok/s  [fid:3=+0.985 fid:4=+0.828 fid:5=+0.052 b0=+0.577 b1=+0.062 b2=+0.004 b3=+0.004]
step 85250  ce 2.788  loss 2.789  holds 85120  134,365 tok/s  [fid:3=+0.985 fid:4=+0.828 fid:5=+0.052 b0=+0.691 b1=+0.032 b2=+0.004 b3=+0.004]
step 85300  ce 2.952  loss 2.953  holds 85120  134,355 tok/s  [fid:3=+0.986 fid:4=+0.828 fid:5=+0.052 b0=+0.641 b1=+0.081 b2=+0.003 b3=+0.003]
step 85350  ce 2.994  loss 2.996  holds 85152  134,372 tok/s  [fid:3=+0.985 fid:4=+0.828 fid:5=+0.052 b0=+0.678 b1=+0.045 b2=+0.003 b3=+0.003]
step 85400  ce 2.596  loss 2.606  holds 85152  134,367 tok/s  [fid:3=+0.985 fid:4=+0.828 fid:5=+0.052 b0=+0.629 b1=+0.082 b2=+0.002 b3=+0.003]
step 85450  ce 2.805  loss 2.806  holds 85152  134,385 tok/s  [fid:3=+0.986 fid:4=+0.829 fid:5=+0.052 b0=+0.645 b1=+0.064 b2=+0.005 b3=+0.003]
step 85500  ce 2.756  loss 2.757  holds 85152  134,375 tok/s  [fid:3=+0.985 fid:4=+0.829 fid:5=+0.052 b0=+0.634 b1=+0.081 b2=+0.004 b3=+0.003]
step 85550  ce 2.812  loss 2.813  holds 85184  134,362 tok/s  [fid:3=+0.983 fid:4=+0.830 fid:5=+0.052 b0=+0.655 b1=+0.094 b2=+0.003 b3=+0.003]
step 85600  ce 2.923  loss 2.931  holds 85216  134,380 tok/s  [fid:3=+0.985 fid:4=+0.830 fid:5=+0.052 b0=+0.600 b1=+0.060 b2=+0.005 b3=+0.003]
step 85650  ce 2.682  loss 2.683  holds 85216  134,373 tok/s  [fid:3=+0.985 fid:4=+0.830 fid:5=+0.052 b0=+0.685 b1=+0.108 b2=+0.008 b3=+0.003]
step 85700  ce 2.687  loss 2.689  holds 85216  134,392 tok/s  [fid:3=+0.985 fid:4=+0.829 fid:5=+0.052 b0=+0.644 b1=+0.081 b2=+0.006 b3=+0.003]
step 85750  ce 2.818  loss 2.819  holds 85216  134,386 tok/s  [fid:3=+0.985 fid:4=+0.828 fid:5=+0.052 b0=+0.616 b1=+0.050 b2=+0.002 b3=+0.003]
step 85800  ce 2.645  loss 2.654  holds 85248  134,379 tok/s  [fid:3=+0.986 fid:4=+0.830 fid:5=+0.052 b0=+0.624 b1=+0.050 b2=+0.004 b3=+0.003]
step 85850  ce 2.733  loss 2.734  holds 85280  134,397 tok/s  [fid:3=+0.986 fid:4=+0.831 fid:5=+0.052 b0=+0.647 b1=+0.089 b2=+0.002 b3=+0.003]
step 85900  ce 2.810  loss 2.812  holds 85280  134,387 tok/s  [fid:3=+0.986 fid:4=+0.832 fid:5=+0.052 b0=+0.673 b1=+0.081 b2=+0.003 b3=+0.003]
step 85950  ce 2.686  loss 2.688  holds 85280  134,406 tok/s  [fid:3=+0.984 fid:4=+0.831 fid:5=+0.052 b0=+0.669 b1=+0.079 b2=+0.002 b3=+0.003]
step 86000  ce 2.923  loss 2.933  holds 85280  134,399 tok/s  [fid:3=+0.986 fid:4=+0.831 fid:5=+0.052 b0=+0.595 b1=+0.156 b2=+0.003 b3=+0.003]
    holdout(cum): {'cross': [0.058, 0.04, 113], 'same': [0.482, 0.61, 66], 'straddle': [0.09, 0.1, 41]}
step 86050  ce 3.016  loss 3.018  holds 85312  134,385 tok/s  [fid:3=+0.985 fid:4=+0.830 fid:5=+0.052 b0=+0.532 b1=+0.120 b2=+0.003 b3=+0.003]
step 86100  ce 2.580  loss 2.581  holds 85344  134,403 tok/s  [fid:3=+0.984 fid:4=+0.830 fid:5=+0.052 b0=+0.619 b1=+0.147 b2=+0.003 b3=+0.003]
step 86150  ce 2.663  loss 2.664  holds 85344  134,393 tok/s  [fid:3=+0.985 fid:4=+0.831 fid:5=+0.052 b0=+0.637 b1=+0.047 b2=+0.002 b3=+0.003]
step 86200  ce 2.911  loss 2.920  holds 85344  134,382 tok/s  [fid:3=+0.985 fid:4=+0.831 fid:5=+0.052 b0=+0.710 b1=+0.055 b2=+0.004 b3=+0.003]
step 86250  ce 2.835  loss 2.837  holds 85344  134,400 tok/s  [fid:3=+0.986 fid:4=+0.831 fid:5=+0.052 b0=+0.662 b1=+0.067 b2=+0.002 b3=+0.003]
step 86300  ce 2.712  loss 2.714  holds 85376  134,392 tok/s  [fid:3=+0.984 fid:4=+0.831 fid:5=+0.052 b0=+0.644 b1=+0.056 b2=+0.002 b3=+0.003]
step 86350  ce 3.067  loss 3.068  holds 85408  134,410 tok/s  [fid:3=+0.985 fid:4=+0.831 fid:5=+0.052 b0=+0.657 b1=+0.056 b2=+0.002 b3=+0.003]
step 86400  ce 2.905  loss 2.942  holds 85408  134,402 tok/s  [fid:3=+0.986 fid:4=+0.831 fid:5=+0.052 b0=+0.694 b1=+0.022 b2=+0.004 b3=+0.003]
step 86450  ce 2.907  loss 2.908  holds 85408  134,393 tok/s  [fid:3=+0.985 fid:4=+0.832 fid:5=+0.052 b0=+0.675 b1=+0.064 b2=+0.003 b3=+0.003]
step 86500  ce 2.831  loss 2.833  holds 85408  134,410 tok/s  [fid:3=+0.985 fid:4=+0.831 fid:5=+0.052 b0=+0.615 b1=+0.059 b2=+0.005 b3=+0.003]
step 86550  ce 2.723  loss 2.724  holds 85440  134,398 tok/s  [fid:3=+0.985 fid:4=+0.831 fid:5=+0.052 b0=+0.650 b1=+0.043 b2=+0.003 b3=+0.003]
step 86600  ce 2.404  loss 2.414  holds 85472  134,416 tok/s  [fid:3=+0.986 fid:4=+0.830 fid:5=+0.052 b0=+0.703 b1=+0.075 b2=+0.002 b3=+0.003]
step 86650  ce 2.633  loss 2.636  holds 85472  134,405 tok/s  [fid:3=+0.984 fid:4=+0.830 fid:5=+0.052 b0=+0.648 b1=+0.123 b2=+0.005 b3=+0.003]
step 86700  ce 2.847  loss 2.848  holds 85472  134,395 tok/s  [fid:3=+0.985 fid:4=+0.830 fid:5=+0.052 b0=+0.629 b1=+0.050 b2=+0.006 b3=+0.003]
step 86750  ce 2.757  loss 2.758  holds 85472  134,413 tok/s  [fid:3=+0.985 fid:4=+0.830 fid:5=+0.052 b0=+0.654 b1=+0.083 b2=+0.002 b3=+0.003]
step 86800  ce 2.862  loss 2.871  holds 85504  134,403 tok/s  [fid:3=+0.982 fid:4=+0.831 fid:5=+0.052 b0=+0.642 b1=+0.076 b2=+0.004 b3=+0.003]
step 86850  ce 2.703  loss 2.705  holds 85536  134,420 tok/s  [fid:3=+0.983 fid:4=+0.830 fid:5=+0.052 b0=+0.667 b1=+0.099 b2=+0.003 b3=+0.003]
step 86900  ce 2.883  loss 2.884  holds 85536  134,412 tok/s  [fid:3=+0.985 fid:4=+0.830 fid:5=+0.052 b0=+0.626 b1=+0.075 b2=+0.003 b3=+0.003]
step 86950  ce 2.539  loss 2.540  holds 85536  134,404 tok/s  [fid:3=+0.985 fid:4=+0.831 fid:5=+0.052 b0=+0.729 b1=+0.044 b2=+0.004 b3=+0.003]
step 87000  ce 2.887  loss 2.898  holds 85536  134,420 tok/s  [fid:3=+0.984 fid:4=+0.830 fid:5=+0.052 b0=+0.622 b1=+0.069 b2=+0.005 b3=+0.003]
step 87050  ce 2.536  loss 2.537  holds 85568  134,406 tok/s  [fid:3=+0.984 fid:4=+0.829 fid:5=+0.052 b0=+0.684 b1=+0.058 b2=+0.003 b3=+0.003]
step 87100  ce 2.879  loss 2.881  holds 85568  134,423 tok/s  [fid:3=+0.985 fid:4=+0.829 fid:5=+0.052 b0=+0.716 b1=+0.057 b2=+0.003 b3=+0.003]
step 87150  ce 2.705  loss 2.706  holds 85600  134,416 tok/s  [fid:3=+0.978 fid:4=+0.828 fid:5=+0.052 b0=+0.654 b1=+0.131 b2=+0.007 b3=+0.003]
step 87200  ce 2.866  loss 2.875  holds 85600  134,405 tok/s  [fid:3=+0.983 fid:4=+0.828 fid:5=+0.052 b0=+0.670 b1=+0.088 b2=+0.002 b3=+0.003]
step 87250  ce 2.808  loss 2.810  holds 85600  134,423 tok/s  [fid:3=+0.985 fid:4=+0.828 fid:5=+0.052 b0=+0.607 b1=+0.086 b2=+0.003 b3=+0.003]
step 87300  ce 2.713  loss 2.715  holds 85632  134,411 tok/s  [fid:3=+0.982 fid:4=+0.828 fid:5=+0.052 b0=+0.680 b1=+0.092 b2=+0.002 b3=+0.003]
step 87350  ce 2.590  loss 2.591  holds 85632  134,402 tok/s  [fid:3=+0.984 fid:4=+0.827 fid:5=+0.052 b0=+0.612 b1=+0.090 b2=+0.003 b3=+0.003]
step 87400  ce 2.539  loss 2.548  holds 85664  134,419 tok/s  [fid:3=+0.985 fid:4=+0.827 fid:5=+0.052 b0=+0.584 b1=+0.075 b2=+0.005 b3=+0.003]
step 87450  ce 2.706  loss 2.707  holds 85664  134,412 tok/s  [fid:3=+0.986 fid:4=+0.828 fid:5=+0.052 b0=+0.677 b1=+0.094 b2=+0.003 b3=+0.003]
step 87500  ce 2.657  loss 2.658  holds 85664  134,429 tok/s  [fid:3=+0.985 fid:4=+0.828 fid:5=+0.052 b0=+0.658 b1=+0.071 b2=+0.002 b3=+0.003]
step 87550  ce 2.854  loss 2.856  holds 85664  134,420 tok/s  [fid:3=+0.985 fid:4=+0.827 fid:5=+0.052 b0=+0.637 b1=+0.058 b2=+0.002 b3=+0.003]
step 87600  ce 2.785  loss 2.795  holds 85696  134,411 tok/s  [fid:3=+0.985 fid:4=+0.829 fid:5=+0.052 b0=+0.671 b1=+0.060 b2=+0.001 b3=+0.003]
step 87650  ce 2.685  loss 2.686  holds 85728  134,429 tok/s  [fid:3=+0.985 fid:4=+0.829 fid:5=+0.052 b0=+0.599 b1=+0.037 b2=+0.002 b3=+0.003]
step 87700  ce 2.521  loss 2.522  holds 85728  134,420 tok/s  [fid:3=+0.984 fid:4=+0.830 fid:5=+0.052 b0=+0.675 b1=+0.093 b2=+0.002 b3=+0.003]
step 87750  ce 2.805  loss 2.807  holds 85728  134,437 tok/s  [fid:3=+0.985 fid:4=+0.831 fid:5=+0.052 b0=+0.664 b1=+0.049 b2=+0.003 b3=+0.003]
step 87800  ce 2.554  loss 2.562  holds 85728  134,427 tok/s  [fid:3=+0.986 fid:4=+0.832 fid:5=+0.052 b0=+0.636 b1=+0.096 b2=+0.002 b3=+0.003]
step 87850  ce 2.908  loss 2.909  holds 85760  134,416 tok/s  [fid:3=+0.985 fid:4=+0.832 fid:5=+0.052 b0=+0.642 b1=+0.134 b2=+0.003 b3=+0.003]
step 87900  ce 2.700  loss 2.702  holds 85792  134,433 tok/s  [fid:3=+0.986 fid:4=+0.832 fid:5=+0.052 b0=+0.628 b1=+0.081 b2=+0.005 b3=+0.003]
step 87950  ce 2.658  loss 2.659  holds 85792  134,422 tok/s  [fid:3=+0.986 fid:4=+0.833 fid:5=+0.052 b0=+0.720 b1=+0.081 b2=+0.004 b3=+0.003]
step 88000  ce 2.971  loss 3.010  holds 85792  134,440 tok/s  [fid:3=+0.985 fid:4=+0.832 fid:5=+0.052 b0=+0.667 b1=+0.105 b2=+0.005 b3=+0.003]
    holdout(cum): {'cross': [0.057, 0.04, 115], 'same': [0.496, 0.62, 68], 'straddle': [0.088, 0.1, 42]}
step 88050  ce 2.710  loss 2.714  holds 85792  134,432 tok/s  [fid:3=+0.979 fid:4=+0.831 fid:5=+0.052 b0=+0.639 b1=+0.132 b2=+0.003 b3=+0.003]
step 88100  ce 2.728  loss 2.732  holds 85824  134,425 tok/s  [fid:3=+0.978 fid:4=+0.829 fid:5=+0.052 b0=+0.639 b1=+0.108 b2=+0.002 b3=+0.002]
step 88150  ce 2.906  loss 2.908  holds 85856  134,442 tok/s  [fid:3=+0.982 fid:4=+0.830 fid:5=+0.052 b0=+0.692 b1=+0.071 b2=+0.002 b3=+0.002]
step 88200  ce 2.781  loss 2.791  holds 85856  134,433 tok/s  [fid:3=+0.983 fid:4=+0.829 fid:5=+0.052 b0=+0.662 b1=+0.109 b2=+0.002 b3=+0.002]
step 88250  ce 2.771  loss 2.772  holds 85856  134,423 tok/s  [fid:3=+0.985 fid:4=+0.830 fid:5=+0.052 b0=+0.690 b1=+0.116 b2=+0.007 b3=+0.002]
step 88300  ce 2.590  loss 2.593  holds 85856  134,442 tok/s  [fid:3=+0.985 fid:4=+0.830 fid:5=+0.052 b0=+0.752 b1=+0.064 b2=+0.005 b3=+0.002]
step 88350  ce 2.938  loss 2.940  holds 85888  134,433 tok/s  [fid:3=+0.985 fid:4=+0.831 fid:5=+0.052 b0=+0.633 b1=+0.104 b2=+0.005 b3=+0.002]
step 88400  ce 2.820  loss 2.830  holds 85920  134,452 tok/s  [fid:3=+0.985 fid:4=+0.831 fid:5=+0.052 b0=+0.651 b1=+0.092 b2=+0.004 b3=+0.002]
step 88450  ce 2.825  loss 2.827  holds 85920  134,443 tok/s  [fid:3=+0.985 fid:4=+0.831 fid:5=+0.052 b0=+0.669 b1=+0.063 b2=+0.003 b3=+0.002]
step 88500  ce 2.844  loss 2.845  holds 85920  134,433 tok/s  [fid:3=+0.985 fid:4=+0.831 fid:5=+0.052 b0=+0.579 b1=+0.077 b2=+0.003 b3=+0.002]
step 88550  ce 2.692  loss 2.694  holds 85920  134,450 tok/s  [fid:3=+0.986 fid:4=+0.830 fid:5=+0.052 b0=+0.650 b1=+0.059 b2=+0.003 b3=+0.002]
step 88600  ce 2.826  loss 2.835  holds 85952  134,444 tok/s  [fid:3=+0.986 fid:4=+0.830 fid:5=+0.052 b0=+0.669 b1=+0.071 b2=+0.001 b3=+0.002]
step 88650  ce 2.943  loss 2.944  holds 85984  134,462 tok/s  [fid:3=+0.986 fid:4=+0.830 fid:5=+0.052 b0=+0.673 b1=+0.087 b2=+0.007 b3=+0.002]
step 88700  ce 2.846  loss 2.847  holds 85984  134,457 tok/s  [fid:3=+0.985 fid:4=+0.831 fid:5=+0.052 b0=+0.660 b1=+0.081 b2=+0.003 b3=+0.002]
step 88750  ce 2.647  loss 2.649  holds 85984  134,451 tok/s  [fid:3=+0.985 fid:4=+0.831 fid:5=+0.052 b0=+0.680 b1=+0.106 b2=+0.002 b3=+0.002]
step 88800  ce 2.810  loss 2.819  holds 85984  134,468 tok/s  [fid:3=+0.984 fid:4=+0.832 fid:5=+0.052 b0=+0.711 b1=+0.080 b2=+0.002 b3=+0.002]
step 88850  ce 2.629  loss 2.630  holds 86016  134,461 tok/s  [fid:3=+0.985 fid:4=+0.832 fid:5=+0.052 b0=+0.687 b1=+0.058 b2=+0.004 b3=+0.002]
step 88900  ce 2.501  loss 2.502  holds 86048  134,479 tok/s  [fid:3=+0.985 fid:4=+0.832 fid:5=+0.052 b0=+0.685 b1=+0.077 b2=+0.002 b3=+0.002]
step 88950  ce 2.659  loss 2.660  holds 86048  134,471 tok/s  [fid:3=+0.985 fid:4=+0.833 fid:5=+0.052 b0=+0.667 b1=+0.067 b2=+0.001 b3=+0.002]
step 89000  ce 2.475  loss 2.485  holds 86048  134,462 tok/s  [fid:3=+0.985 fid:4=+0.832 fid:5=+0.052 b0=+0.623 b1=+0.060 b2=+0.002 b3=+0.002]
step 89050  ce 2.702  loss 2.704  holds 86048  134,478 tok/s  [fid:3=+0.985 fid:4=+0.833 fid:5=+0.052 b0=+0.707 b1=+0.070 b2=+0.003 b3=+0.002]
step 89100  ce 2.775  loss 2.776  holds 86080  134,470 tok/s  [fid:3=+0.985 fid:4=+0.832 fid:5=+0.052 b0=+0.615 b1=+0.061 b2=+0.003 b3=+0.002]
step 89150  ce 2.606  loss 2.607  holds 86080  134,461 tok/s  [fid:3=+0.985 fid:4=+0.831 fid:5=+0.052 b0=+0.664 b1=+0.070 b2=+0.009 b3=+0.002]
step 89200  ce 2.991  loss 3.001  holds 86112  134,479 tok/s  [fid:3=+0.985 fid:4=+0.830 fid:5=+0.052 b0=+0.672 b1=+0.070 b2=+0.003 b3=+0.002]
step 89250  ce 2.666  loss 2.667  holds 86112  134,473 tok/s  [fid:3=+0.985 fid:4=+0.831 fid:5=+0.052 b0=+0.657 b1=+0.060 b2=+0.003 b3=+0.002]
step 89300  ce 2.512  loss 2.513  holds 86112  134,491 tok/s  [fid:3=+0.986 fid:4=+0.831 fid:5=+0.052 b0=+0.677 b1=+0.044 b2=+0.002 b3=+0.002]
step 89350  ce 2.684  loss 2.686  holds 86144  134,485 tok/s  [fid:3=+0.986 fid:4=+0.832 fid:5=+0.052 b0=+0.631 b1=+0.144 b2=+0.002 b3=+0.002]
step 89400  ce 2.605  loss 2.614  holds 86144  134,478 tok/s  [fid:3=+0.986 fid:4=+0.832 fid:5=+0.052 b0=+0.689 b1=+0.049 b2=+0.002 b3=+0.002]
step 89450  ce 2.692  loss 2.694  holds 86176  134,495 tok/s  [fid:3=+0.985 fid:4=+0.832 fid:5=+0.052 b0=+0.701 b1=+0.108 b2=+0.002 b3=+0.002]
step 89500  ce 2.933  loss 2.934  holds 86176  134,486 tok/s  [fid:3=+0.986 fid:4=+0.832 fid:5=+0.052 b0=+0.644 b1=+0.067 b2=+0.002 b3=+0.002]
step 89550  ce 2.622  loss 2.623  holds 86176  134,501 tok/s  [fid:3=+0.986 fid:4=+0.833 fid:5=+0.052 b0=+0.718 b1=+0.091 b2=+0.004 b3=+0.002]
step 89600  ce 2.512  loss 2.549  holds 86176  134,495 tok/s  [fid:3=+0.985 fid:4=+0.833 fid:5=+0.052 b0=+0.587 b1=+0.091 b2=+0.003 b3=+0.002]
step 89650  ce 2.642  loss 2.643  holds 86208  134,485 tok/s  [fid:3=+0.986 fid:4=+0.832 fid:5=+0.052 b0=+0.668 b1=+0.113 b2=+0.003 b3=+0.002]
step 89700  ce 2.852  loss 2.854  holds 86240  134,502 tok/s  [fid:3=+0.986 fid:4=+0.832 fid:5=+0.052 b0=+0.558 b1=+0.133 b2=+0.002 b3=+0.002]
step 89750  ce 2.705  loss 2.706  holds 86240  134,491 tok/s  [fid:3=+0.985 fid:4=+0.831 fid:5=+0.052 b0=+0.670 b1=+0.097 b2=+0.003 b3=+0.002]
step 89800  ce 2.701  loss 2.710  holds 86240  134,481 tok/s  [fid:3=+0.985 fid:4=+0.832 fid:5=+0.052 b0=+0.624 b1=+0.086 b2=+0.004 b3=+0.002]
step 89850  ce 2.897  loss 2.899  holds 86240  134,498 tok/s  [fid:3=+0.985 fid:4=+0.832 fid:5=+0.052 b0=+0.673 b1=+0.153 b2=+0.003 b3=+0.002]
step 89900  ce 2.631  loss 2.632  holds 86272  134,493 tok/s  [fid:3=+0.985 fid:4=+0.832 fid:5=+0.052 b0=+0.714 b1=+0.106 b2=+0.003 b3=+0.002]
step 89950  ce 3.039  loss 3.040  holds 86304  134,511 tok/s  [fid:3=+0.986 fid:4=+0.833 fid:5=+0.052 b0=+0.664 b1=+0.053 b2=+0.003 b3=+0.002]
step 90000  ce 2.604  loss 2.614  holds 86304  134,501 tok/s  [fid:3=+0.985 fid:4=+0.833 fid:5=+0.052 b0=+0.670 b1=+0.053 b2=+0.003 b3=+0.002]
    holdout(cum): {'cross': [0.057, 0.04, 117], 'same': [0.493, 0.62, 69], 'straddle': [0.088, 0.09, 43]}
step 90050  ce 2.816  loss 2.818  holds 86304  134,487 tok/s  [fid:3=+0.984 fid:4=+0.832 fid:5=+0.052 b0=+0.619 b1=+0.067 b2=+0.001 b3=+0.002]
step 90100  ce 2.644  loss 2.646  holds 86304  134,504 tok/s  [fid:3=+0.985 fid:4=+0.833 fid:5=+0.052 b0=+0.642 b1=+0.151 b2=+0.005 b3=+0.002]
step 90150  ce 2.872  loss 2.876  holds 86336  134,498 tok/s  [fid:3=+0.985 fid:4=+0.833 fid:5=+0.052 b0=+0.534 b1=+0.085 b2=+0.003 b3=+0.002]
step 90200  ce 2.847  loss 2.856  holds 86368  134,489 tok/s  [fid:3=+0.983 fid:4=+0.832 fid:5=+0.052 b0=+0.686 b1=+0.102 b2=+0.003 b3=+0.002]
step 90250  ce 2.719  loss 2.721  holds 86368  134,505 tok/s  [fid:3=+0.984 fid:4=+0.832 fid:5=+0.052 b0=+0.675 b1=+0.090 b2=+0.002 b3=+0.002]
step 90300  ce 2.830  loss 2.831  holds 86368  134,496 tok/s  [fid:3=+0.985 fid:4=+0.832 fid:5=+0.052 b0=+0.658 b1=+0.152 b2=+0.005 b3=+0.002]
step 90350  ce 2.742  loss 2.743  holds 86368  134,512 tok/s  [fid:3=+0.986 fid:4=+0.833 fid:5=+0.052 b0=+0.716 b1=+0.130 b2=+0.003 b3=+0.002]
step 90400  ce 2.705  loss 2.714  holds 86400  134,503 tok/s  [fid:3=+0.984 fid:4=+0.833 fid:5=+0.052 b0=+0.632 b1=+0.115 b2=+0.007 b3=+0.002]
step 90450  ce 2.201  loss 2.203  holds 86432  134,496 tok/s  [fid:3=+0.985 fid:4=+0.833 fid:5=+0.052 b0=+0.601 b1=+0.111 b2=+0.006 b3=+0.002]
step 90500  ce 2.698  loss 2.700  holds 86432  134,513 tok/s  [fid:3=+0.985 fid:4=+0.833 fid:5=+0.052 b0=+0.702 b1=+0.059 b2=+0.002 b3=+0.002]
step 90550  ce 2.721  loss 2.722  holds 86432  134,505 tok/s  [fid:3=+0.985 fid:4=+0.833 fid:5=+0.052 b0=+0.710 b1=+0.080 b2=+0.005 b3=+0.002]
step 90600  ce 2.877  loss 2.885  holds 86432  134,521 tok/s  [fid:3=+0.984 fid:4=+0.832 fid:5=+0.052 b0=+0.609 b1=+0.122 b2=+0.005 b3=+0.002]
step 90650  ce 2.495  loss 2.496  holds 86464  134,512 tok/s  [fid:3=+0.985 fid:4=+0.833 fid:5=+0.052 b0=+0.704 b1=+0.112 b2=+0.004 b3=+0.002]
step 90700  ce 2.695  loss 2.696  holds 86496  134,502 tok/s  [fid:3=+0.986 fid:4=+0.832 fid:5=+0.052 b0=+0.760 b1=+0.074 b2=+0.002 b3=+0.002]
step 90750  ce 2.821  loss 2.822  holds 86496  134,519 tok/s  [fid:3=+0.985 fid:4=+0.832 fid:5=+0.052 b0=+0.635 b1=+0.093 b2=+0.003 b3=+0.002]
step 90800  ce 2.637  loss 2.646  holds 86496  134,509 tok/s  [fid:3=+0.986 fid:4=+0.832 fid:5=+0.052 b0=+0.720 b1=+0.078 b2=+0.002 b3=+0.002]
step 90850  ce 2.931  loss 2.933  holds 86496  134,498 tok/s  [fid:3=+0.986 fid:4=+0.831 fid:5=+0.052 b0=+0.724 b1=+0.046 b2=+0.002 b3=+0.002]
step 90900  ce 2.679  loss 2.681  holds 86528  134,515 tok/s  [fid:3=+0.985 fid:4=+0.831 fid:5=+0.052 b0=+0.619 b1=+0.106 b2=+0.003 b3=+0.002]
step 90950  ce 2.762  loss 2.763  holds 86560  134,505 tok/s  [fid:3=+0.985 fid:4=+0.831 fid:5=+0.052 b0=+0.592 b1=+0.105 b2=+0.007 b3=+0.002]
step 91000  ce 2.856  loss 2.864  holds 86560  134,522 tok/s  [fid:3=+0.986 fid:4=+0.832 fid:5=+0.052 b0=+0.589 b1=+0.090 b2=+0.004 b3=+0.002]
step 91050  ce 2.445  loss 2.446  holds 86560  134,514 tok/s  [fid:3=+0.984 fid:4=+0.831 fid:5=+0.052 b0=+0.654 b1=+0.080 b2=+0.003 b3=+0.002]
step 91100  ce 2.536  loss 2.537  holds 86560  134,508 tok/s  [fid:3=+0.984 fid:4=+0.830 fid:5=+0.052 b0=+0.623 b1=+0.079 b2=+0.004 b3=+0.002]
step 91150  ce 2.706  loss 2.707  holds 86592  134,525 tok/s  [fid:3=+0.986 fid:4=+0.832 fid:5=+0.052 b0=+0.653 b1=+0.056 b2=+0.002 b3=+0.002]
step 91200  ce 2.608  loss 2.645  holds 86624  134,515 tok/s  [fid:3=+0.986 fid:4=+0.832 fid:5=+0.052 b0=+0.646 b1=+0.070 b2=+0.003 b3=+0.002]
step 91250  ce 2.778  loss 2.779  holds 86624  134,531 tok/s  [fid:3=+0.986 fid:4=+0.832 fid:5=+0.052 b0=+0.574 b1=+0.057 b2=+0.004 b3=+0.002]
step 91300  ce 2.891  loss 2.892  holds 86624  134,521 tok/s  [fid:3=+0.986 fid:4=+0.833 fid:5=+0.052 b0=+0.659 b1=+0.054 b2=+0.006 b3=+0.002]
step 91350  ce 2.736  loss 2.738  holds 86624  134,511 tok/s  [fid:3=+0.986 fid:4=+0.834 fid:5=+0.052 b0=+0.630 b1=+0.109 b2=+0.003 b3=+0.002]
step 91400  ce 2.732  loss 2.741  holds 86656  134,528 tok/s  [fid:3=+0.986 fid:4=+0.834 fid:5=+0.052 b0=+0.658 b1=+0.092 b2=+0.003 b3=+0.002]
step 91450  ce 2.960  loss 2.961  holds 86656  134,518 tok/s  [fid:3=+0.984 fid:4=+0.834 fid:5=+0.052 b0=+0.623 b1=+0.076 b2=+0.002 b3=+0.002]
step 91500  ce 2.800  loss 2.801  holds 86688  134,508 tok/s  [fid:3=+0.985 fid:4=+0.834 fid:5=+0.052 b0=+0.672 b1=+0.050 b2=+0.010 b3=+0.002]
step 91550  ce 2.805  loss 2.806  holds 86688  134,523 tok/s  [fid:3=+0.986 fid:4=+0.835 fid:5=+0.052 b0=+0.655 b1=+0.060 b2=+0.007 b3=+0.002]
step 91600  ce 2.997  loss 3.009  holds 86688  134,516 tok/s  [fid:3=+0.986 fid:4=+0.835 fid:5=+0.052 b0=+0.632 b1=+0.077 b2=+0.003 b3=+0.002]
step 91650  ce 2.700  loss 2.702  holds 86720  134,532 tok/s  [fid:3=+0.984 fid:4=+0.835 fid:5=+0.052 b0=+0.627 b1=+0.073 b2=+0.004 b3=+0.002]
step 91700  ce 2.596  loss 2.598  holds 86720  134,521 tok/s  [fid:3=+0.985 fid:4=+0.835 fid:5=+0.052 b0=+0.635 b1=+0.089 b2=+0.003 b3=+0.002]
step 91750  ce 2.788  loss 2.790  holds 86752  134,512 tok/s  [fid:3=+0.985 fid:4=+0.835 fid:5=+0.052 b0=+0.597 b1=+0.076 b2=+0.001 b3=+0.002]
step 91800  ce 2.793  loss 2.802  holds 86752  134,528 tok/s  [fid:3=+0.985 fid:4=+0.835 fid:5=+0.052 b0=+0.701 b1=+0.128 b2=+0.003 b3=+0.002]
step 91850  ce 2.954  loss 2.955  holds 86752  134,520 tok/s  [fid:3=+0.986 fid:4=+0.835 fid:5=+0.052 b0=+0.656 b1=+0.088 b2=+0.003 b3=+0.002]
step 91900  ce 2.647  loss 2.648  holds 86752  134,537 tok/s  [fid:3=+0.986 fid:4=+0.834 fid:5=+0.052 b0=+0.578 b1=+0.056 b2=+0.002 b3=+0.002]
step 91950  ce 2.648  loss 2.650  holds 86784  134,528 tok/s  [fid:3=+0.985 fid:4=+0.834 fid:5=+0.052 b0=+0.709 b1=+0.062 b2=+0.004 b3=+0.002]
step 92000  ce 2.789  loss 2.798  holds 86816  134,517 tok/s  [fid:3=+0.984 fid:4=+0.834 fid:5=+0.052 b0=+0.661 b1=+0.062 b2=+0.003 b3=+0.002]
    holdout(cum): {'cross': [0.057, 0.04, 119], 'same': [0.493, 0.62, 69], 'straddle': [0.086, 0.09, 46]}
step 92050  ce 2.860  loss 2.861  holds 86816  134,531 tok/s  [fid:3=+0.986 fid:4=+0.834 fid:5=+0.052 b0=+0.605 b1=+0.038 b2=+0.003 b3=+0.002]
step 92100  ce 2.813  loss 2.815  holds 86816  134,521 tok/s  [fid:3=+0.985 fid:4=+0.834 fid:5=+0.052 b0=+0.635 b1=+0.051 b2=+0.002 b3=+0.002]
step 92150  ce 2.763  loss 2.765  holds 86816  134,512 tok/s  [fid:3=+0.986 fid:4=+0.834 fid:5=+0.052 b0=+0.697 b1=+0.075 b2=+0.002 b3=+0.004]
step 92200  ce 2.801  loss 2.811  holds 86848  134,528 tok/s  [fid:3=+0.985 fid:4=+0.834 fid:5=+0.052 b0=+0.666 b1=+0.086 b2=+0.002 b3=+0.004]
step 92250  ce 2.692  loss 2.694  holds 86880  134,520 tok/s  [fid:3=+0.983 fid:4=+0.834 fid:5=+0.052 b0=+0.548 b1=+0.054 b2=+0.001 b3=+0.004]
step 92300  ce 2.662  loss 2.664  holds 86880  134,537 tok/s  [fid:3=+0.985 fid:4=+0.834 fid:5=+0.052 b0=+0.682 b1=+0.060 b2=+0.004 b3=+0.003]
step 92350  ce 2.720  loss 2.723  holds 86880  134,529 tok/s  [fid:3=+0.985 fid:4=+0.834 fid:5=+0.052 b0=+0.582 b1=+0.087 b2=+0.003 b3=+0.003]
step 92400  ce 2.679  loss 2.688  holds 86880  134,521 tok/s  [fid:3=+0.985 fid:4=+0.834 fid:5=+0.052 b0=+0.612 b1=+0.075 b2=+0.002 b3=+0.003]
step 92450  ce 2.930  loss 2.932  holds 86912  134,538 tok/s  [fid:3=+0.985 fid:4=+0.834 fid:5=+0.052 b0=+0.633 b1=+0.079 b2=+0.005 b3=+0.005]
step 92500  ce 2.570  loss 2.571  holds 86944  134,529 tok/s  [fid:3=+0.984 fid:4=+0.833 fid:5=+0.052 b0=+0.657 b1=+0.080 b2=+0.003 b3=+0.005]
step 92550  ce 2.745  loss 2.746  holds 86944  134,544 tok/s  [fid:3=+0.985 fid:4=+0.833 fid:5=+0.052 b0=+0.670 b1=+0.059 b2=+0.005 b3=+0.005]
step 92600  ce 2.817  loss 2.825  holds 86944  134,532 tok/s  [fid:3=+0.986 fid:4=+0.833 fid:5=+0.052 b0=+0.684 b1=+0.043 b2=+0.004 b3=+0.005]
step 92650  ce 2.985  loss 2.987  holds 86944  134,522 tok/s  [fid:3=+0.986 fid:4=+0.834 fid:5=+0.052 b0=+0.608 b1=+0.030 b2=+0.002 b3=+0.005]
step 92700  ce 2.788  loss 2.789  holds 86976  134,539 tok/s  [fid:3=+0.986 fid:4=+0.833 fid:5=+0.052 b0=+0.662 b1=+0.064 b2=+0.002 b3=+0.005]
step 92750  ce 2.866  loss 2.867  holds 87008  134,529 tok/s  [fid:3=+0.985 fid:4=+0.833 fid:5=+0.052 b0=+0.699 b1=+0.068 b2=+0.001 b3=+0.005]
step 92800  ce 2.825  loss 2.863  holds 87008  134,521 tok/s  [fid:3=+0.986 fid:4=+0.833 fid:5=+0.052 b0=+0.575 b1=+0.107 b2=+0.003 b3=+0.005]
step 92850  ce 2.530  loss 2.532  holds 87008  134,537 tok/s  [fid:3=+0.985 fid:4=+0.833 fid:5=+0.052 b0=+0.614 b1=+0.059 b2=+0.003 b3=+0.005]
step 92900  ce 2.882  loss 2.883  holds 87008  134,527 tok/s  [fid:3=+0.986 fid:4=+0.832 fid:5=+0.052 b0=+0.594 b1=+0.057 b2=+0.002 b3=+0.005]
step 92950  ce 2.797  loss 2.798  holds 87040  134,542 tok/s  [fid:3=+0.985 fid:4=+0.831 fid:5=+0.052 b0=+0.704 b1=+0.085 b2=+0.005 b3=+0.005]
step 93000  ce 2.862  loss 2.872  holds 87072  134,530 tok/s  [fid:3=+0.985 fid:4=+0.830 fid:5=+0.052 b0=+0.631 b1=+0.064 b2=+0.003 b3=+0.005]
step 93050  ce 2.881  loss 2.882  holds 87072  134,520 tok/s  [fid:3=+0.986 fid:4=+0.830 fid:5=+0.052 b0=+0.651 b1=+0.084 b2=+0.004 b3=+0.005]
step 93100  ce 2.865  loss 2.866  holds 87072  134,536 tok/s  [fid:3=+0.985 fid:4=+0.830 fid:5=+0.052 b0=+0.654 b1=+0.097 b2=+0.004 b3=+0.005]
step 93150  ce 2.609  loss 2.610  holds 87072  134,527 tok/s  [fid:3=+0.985 fid:4=+0.829 fid:5=+0.052 b0=+0.639 b1=+0.144 b2=+0.003 b3=+0.005]
step 93200  ce 2.411  loss 2.420  holds 87104  134,543 tok/s  [fid:3=+0.985 fid:4=+0.830 fid:5=+0.052 b0=+0.634 b1=+0.127 b2=+0.002 b3=+0.004]
step 93250  ce 3.071  loss 3.072  holds 87136  134,534 tok/s  [fid:3=+0.986 fid:4=+0.830 fid:5=+0.052 b0=+0.656 b1=+0.067 b2=+0.004 b3=+0.004]
step 93300  ce 2.671  loss 2.672  holds 87136  134,524 tok/s  [fid:3=+0.985 fid:4=+0.830 fid:5=+0.052 b0=+0.646 b1=+0.068 b2=+0.003 b3=+0.004]
step 93350  ce 2.964  loss 2.965  holds 87136  134,540 tok/s  [fid:3=+0.986 fid:4=+0.830 fid:5=+0.052 b0=+0.587 b1=+0.071 b2=+0.004 b3=+0.004]
step 93400  ce 2.728  loss 2.737  holds 87136  134,530 tok/s  [fid:3=+0.985 fid:4=+0.829 fid:5=+0.052 b0=+0.675 b1=+0.102 b2=+0.004 b3=+0.004]
step 93450  ce 2.637  loss 2.638  holds 87168  134,546 tok/s  [fid:3=+0.985 fid:4=+0.830 fid:5=+0.052 b0=+0.679 b1=+0.034 b2=+0.003 b3=+0.004]
step 93500  ce 2.591  loss 2.592  holds 87168  134,536 tok/s  [fid:3=+0.983 fid:4=+0.829 fid:5=+0.052 b0=+0.734 b1=+0.056 b2=+0.003 b3=+0.004]
step 93550  ce 2.637  loss 2.640  holds 87200  134,526 tok/s  [fid:3=+0.984 fid:4=+0.828 fid:5=+0.052 b0=+0.674 b1=+0.088 b2=+0.001 b3=+0.004]
step 93600  ce 2.742  loss 2.751  holds 87200  134,541 tok/s  [fid:3=+0.984 fid:4=+0.829 fid:5=+0.052 b0=+0.726 b1=+0.050 b2=+0.005 b3=+0.005]
step 93650  ce 2.771  loss 2.772  holds 87200  134,532 tok/s  [fid:3=+0.985 fid:4=+0.830 fid:5=+0.052 b0=+0.699 b1=+0.052 b2=+0.005 b3=+0.005]
step 93700  ce 2.948  loss 2.949  holds 87232  134,524 tok/s  [fid:3=+0.986 fid:4=+0.830 fid:5=+0.052 b0=+0.624 b1=+0.076 b2=+0.005 b3=+0.005]
step 93750  ce 2.580  loss 2.581  holds 87232  134,541 tok/s  [fid:3=+0.985 fid:4=+0.829 fid:5=+0.052 b0=+0.633 b1=+0.063 b2=+0.005 b3=+0.005]
step 93800  ce 2.901  loss 2.910  holds 87264  134,536 tok/s  [fid:3=+0.983 fid:4=+0.829 fid:5=+0.052 b0=+0.609 b1=+0.065 b2=+0.004 b3=+0.004]
step 93850  ce 2.814  loss 2.817  holds 87264  134,552 tok/s  [fid:3=+0.982 fid:4=+0.829 fid:5=+0.052 b0=+0.609 b1=+0.060 b2=+0.004 b3=+0.004]
step 93900  ce 2.744  loss 2.745  holds 87264  134,542 tok/s  [fid:3=+0.984 fid:4=+0.830 fid:5=+0.052 b0=+0.689 b1=+0.083 b2=+0.005 b3=+0.004]
step 93950  ce 2.940  loss 2.941  holds 87264  134,532 tok/s  [fid:3=+0.986 fid:4=+0.829 fid:5=+0.052 b0=+0.589 b1=+0.100 b2=+0.007 b3=+0.004]
step 94000  ce 2.865  loss 2.876  holds 87296  134,549 tok/s  [fid:3=+0.986 fid:4=+0.829 fid:5=+0.052 b0=+0.686 b1=+0.108 b2=+0.004 b3=+0.004]
    holdout(cum): {'cross': [0.059, 0.05, 123], 'same': [0.493, 0.62, 69], 'straddle': [0.085, 0.09, 47]}
step 94050  ce 2.735  loss 2.736  holds 87328  134,539 tok/s  [fid:3=+0.986 fid:4=+0.829 fid:5=+0.052 b0=+0.668 b1=+0.078 b2=+0.004 b3=+0.004]
step 94100  ce 2.756  loss 2.758  holds 87328  134,556 tok/s  [fid:3=+0.986 fid:4=+0.829 fid:5=+0.052 b0=+0.570 b1=+0.096 b2=+0.005 b3=+0.004]
step 94150  ce 2.569  loss 2.570  holds 87328  134,549 tok/s  [fid:3=+0.984 fid:4=+0.830 fid:5=+0.052 b0=+0.646 b1=+0.040 b2=+0.002 b3=+0.004]
step 94200  ce 2.785  loss 2.794  holds 87328  134,543 tok/s  [fid:3=+0.985 fid:4=+0.830 fid:5=+0.052 b0=+0.643 b1=+0.050 b2=+0.006 b3=+0.004]
step 94250  ce 2.950  loss 2.951  holds 87360  134,558 tok/s  [fid:3=+0.985 fid:4=+0.830 fid:5=+0.052 b0=+0.578 b1=+0.055 b2=+0.001 b3=+0.004]
step 94300  ce 2.874  loss 2.875  holds 87392  134,550 tok/s  [fid:3=+0.985 fid:4=+0.831 fid:5=+0.052 b0=+0.645 b1=+0.059 b2=+0.001 b3=+0.004]
step 94350  ce 2.932  loss 2.933  holds 87392  134,566 tok/s  [fid:3=+0.984 fid:4=+0.831 fid:5=+0.052 b0=+0.612 b1=+0.042 b2=+0.004 b3=+0.004]
step 94400  ce 2.924  loss 2.961  holds 87392  134,557 tok/s  [fid:3=+0.985 fid:4=+0.833 fid:5=+0.052 b0=+0.676 b1=+0.049 b2=+0.004 b3=+0.004]
step 94450  ce 2.654  loss 2.658  holds 87392  134,546 tok/s  [fid:3=+0.981 fid:4=+0.833 fid:5=+0.052 b0=+0.642 b1=+0.102 b2=+0.003 b3=+0.004]
step 94500  ce 2.672  loss 2.673  holds 87424  134,562 tok/s  [fid:3=+0.980 fid:4=+0.831 fid:5=+0.052 b0=+0.717 b1=+0.081 b2=+0.001 b3=+0.004]
step 94550  ce 2.690  loss 2.691  holds 87456  134,551 tok/s  [fid:3=+0.984 fid:4=+0.832 fid:5=+0.052 b0=+0.686 b1=+0.076 b2=+0.002 b3=+0.004]
step 94600  ce 2.787  loss 2.797  holds 87456  134,540 tok/s  [fid:3=+0.984 fid:4=+0.831 fid:5=+0.052 b0=+0.752 b1=+0.071 b2=+0.005 b3=+0.004]
step 94650  ce 2.788  loss 2.789  holds 87456  134,556 tok/s  [fid:3=+0.984 fid:4=+0.831 fid:5=+0.052 b0=+0.659 b1=+0.085 b2=+0.006 b3=+0.004]
step 94700  ce 2.550  loss 2.552  holds 87456  134,549 tok/s  [fid:3=+0.985 fid:4=+0.831 fid:5=+0.052 b0=+0.701 b1=+0.043 b2=+0.003 b3=+0.004]
step 94750  ce 2.804  loss 2.805  holds 87488  134,566 tok/s  [fid:3=+0.985 fid:4=+0.830 fid:5=+0.052 b0=+0.662 b1=+0.087 b2=+0.003 b3=+0.004]
step 94800  ce 2.794  loss 2.803  holds 87520  134,555 tok/s  [fid:3=+0.985 fid:4=+0.830 fid:5=+0.052 b0=+0.696 b1=+0.083 b2=+0.002 b3=+0.004]
step 94850  ce 2.760  loss 2.761  holds 87520  134,545 tok/s  [fid:3=+0.985 fid:4=+0.831 fid:5=+0.052 b0=+0.661 b1=+0.058 b2=+0.002 b3=+0.004]
step 94900  ce 2.797  loss 2.798  holds 87520  134,560 tok/s  [fid:3=+0.985 fid:4=+0.831 fid:5=+0.052 b0=+0.629 b1=+0.099 b2=+0.004 b3=+0.003]
step 94950  ce 2.836  loss 2.837  holds 87520  134,551 tok/s  [fid:3=+0.984 fid:4=+0.830 fid:5=+0.052 b0=+0.622 b1=+0.095 b2=+0.002 b3=+0.003]
step 95000  ce 2.804  loss 2.813  holds 87552  134,567 tok/s  [fid:3=+0.985 fid:4=+0.831 fid:5=+0.052 b0=+0.611 b1=+0.084 b2=+0.002 b3=+0.003]
step 95050  ce 2.847  loss 2.848  holds 87584  134,557 tok/s  [fid:3=+0.983 fid:4=+0.829 fid:5=+0.052 b0=+0.614 b1=+0.037 b2=+0.003 b3=+0.003]
step 95100  ce 2.548  loss 2.550  holds 87584  134,548 tok/s  [fid:3=+0.984 fid:4=+0.829 fid:5=+0.052 b0=+0.617 b1=+0.044 b2=+0.004 b3=+0.003]
step 95150  ce 2.853  loss 2.854  holds 87584  134,564 tok/s  [fid:3=+0.985 fid:4=+0.829 fid:5=+0.052 b0=+0.725 b1=+0.090 b2=+0.002 b3=+0.003]
step 95200  ce 2.738  loss 2.747  holds 87584  134,553 tok/s  [fid:3=+0.985 fid:4=+0.830 fid:5=+0.052 b0=+0.652 b1=+0.086 b2=+0.003 b3=+0.003]
step 95250  ce 2.789  loss 2.791  holds 87616  134,569 tok/s  [fid:3=+0.985 fid:4=+0.830 fid:5=+0.052 b0=+0.712 b1=+0.125 b2=+0.002 b3=+0.003]
step 95300  ce 2.595  loss 2.596  holds 87648  134,562 tok/s  [fid:3=+0.985 fid:4=+0.831 fid:5=+0.052 b0=+0.674 b1=+0.065 b2=+0.004 b3=+0.003]
step 95350  ce 2.565  loss 2.566  holds 87648  134,552 tok/s  [fid:3=+0.985 fid:4=+0.831 fid:5=+0.052 b0=+0.644 b1=+0.072 b2=+0.004 b3=+0.003]
step 95400  ce 2.858  loss 2.867  holds 87648  134,567 tok/s  [fid:3=+0.986 fid:4=+0.830 fid:5=+0.052 b0=+0.667 b1=+0.073 b2=+0.004 b3=+0.003]
step 95450  ce 2.892  loss 2.894  holds 87648  134,558 tok/s  [fid:3=+0.984 fid:4=+0.829 fid:5=+0.052 b0=+0.679 b1=+0.055 b2=+0.002 b3=+0.003]
step 95500  ce 2.830  loss 2.831  holds 87680  134,548 tok/s  [fid:3=+0.985 fid:4=+0.830 fid:5=+0.052 b0=+0.636 b1=+0.087 b2=+0.003 b3=+0.003]
step 95550  ce 2.716  loss 2.719  holds 87680  134,562 tok/s  [fid:3=+0.984 fid:4=+0.831 fid:5=+0.052 b0=+0.671 b1=+0.079 b2=+0.002 b3=+0.003]
step 95600  ce 2.922  loss 2.932  holds 87712  134,553 tok/s  [fid:3=+0.985 fid:4=+0.831 fid:5=+0.052 b0=+0.662 b1=+0.086 b2=+0.001 b3=+0.003]
step 95650  ce 2.600  loss 2.602  holds 87712  134,568 tok/s  [fid:3=+0.985 fid:4=+0.832 fid:5=+0.052 b0=+0.663 b1=+0.083 b2=+0.005 b3=+0.003]
step 95700  ce 2.907  loss 2.908  holds 87712  134,559 tok/s  [fid:3=+0.985 fid:4=+0.832 fid:5=+0.052 b0=+0.602 b1=+0.081 b2=+0.004 b3=+0.003]
step 95750  ce 2.542  loss 2.544  holds 87744  134,548 tok/s  [fid:3=+0.986 fid:4=+0.832 fid:5=+0.052 b0=+0.606 b1=+0.069 b2=+0.005 b3=+0.003]
step 95800  ce 2.678  loss 2.687  holds 87744  134,564 tok/s  [fid:3=+0.987 fid:4=+0.833 fid:5=+0.052 b0=+0.663 b1=+0.056 b2=+0.001 b3=+0.003]
step 95850  ce 2.650  loss 2.652  holds 87776  134,559 tok/s  [fid:3=+0.986 fid:4=+0.834 fid:5=+0.052 b0=+0.646 b1=+0.045 b2=+0.002 b3=+0.003]
step 95900  ce 2.778  loss 2.780  holds 87776  134,574 tok/s  [fid:3=+0.985 fid:4=+0.834 fid:5=+0.052 b0=+0.656 b1=+0.042 b2=+0.001 b3=+0.003]
step 95950  ce 2.451  loss 2.453  holds 87776  134,566 tok/s  [fid:3=+0.983 fid:4=+0.835 fid:5=+0.052 b0=+0.600 b1=+0.094 b2=+0.004 b3=+0.003]
step 96000  ce 2.526  loss 2.563  holds 87776  134,557 tok/s  [fid:3=+0.985 fid:4=+0.836 fid:5=+0.052 b0=+0.643 b1=+0.064 b2=+0.002 b3=+0.003]
    holdout(cum): {'cross': [0.058, 0.05, 126], 'same': [0.487, 0.61, 70], 'straddle': [0.085, 0.09, 47]}
step 96050  ce 2.736  loss 2.737  holds 87808  134,569 tok/s  [fid:3=+0.985 fid:4=+0.836 fid:5=+0.052 b0=+0.651 b1=+0.096 b2=+0.004 b3=+0.003]
step 96100  ce 2.903  loss 2.904  holds 87840  134,561 tok/s  [fid:3=+0.986 fid:4=+0.836 fid:5=+0.052 b0=+0.686 b1=+0.092 b2=+0.003 b3=+0.003]
step 96150  ce 2.754  loss 2.756  holds 87840  134,577 tok/s  [fid:3=+0.986 fid:4=+0.836 fid:5=+0.052 b0=+0.683 b1=+0.086 b2=+0.003 b3=+0.003]
step 96200  ce 2.868  loss 2.877  holds 87840  134,568 tok/s  [fid:3=+0.985 fid:4=+0.835 fid:5=+0.052 b0=+0.755 b1=+0.082 b2=+0.002 b3=+0.003]
step 96250  ce 2.802  loss 2.803  holds 87840  134,557 tok/s  [fid:3=+0.986 fid:4=+0.836 fid:5=+0.052 b0=+0.634 b1=+0.049 b2=+0.002 b3=+0.003]
step 96300  ce 2.744  loss 2.745  holds 87872  134,573 tok/s  [fid:3=+0.983 fid:4=+0.835 fid:5=+0.052 b0=+0.680 b1=+0.065 b2=+0.003 b3=+0.003]
step 96350  ce 2.785  loss 2.786  holds 87904  134,564 tok/s  [fid:3=+0.985 fid:4=+0.836 fid:5=+0.052 b0=+0.700 b1=+0.074 b2=+0.003 b3=+0.003]
step 96400  ce 2.555  loss 2.565  holds 87904  134,558 tok/s  [fid:3=+0.983 fid:4=+0.835 fid:5=+0.052 b0=+0.652 b1=+0.047 b2=+0.007 b3=+0.003]
step 96450  ce 2.736  loss 2.737  holds 87904  134,573 tok/s  [fid:3=+0.984 fid:4=+0.835 fid:5=+0.052 b0=+0.684 b1=+0.095 b2=+0.004 b3=+0.003]
step 96500  ce 2.853  loss 2.854  holds 87904  134,564 tok/s  [fid:3=+0.984 fid:4=+0.835 fid:5=+0.052 b0=+0.653 b1=+0.094 b2=+0.002 b3=+0.003]
step 96550  ce 2.721  loss 2.723  holds 87936  134,578 tok/s  [fid:3=+0.985 fid:4=+0.836 fid:5=+0.052 b0=+0.668 b1=+0.099 b2=+0.005 b3=+0.003]
step 96600  ce 2.640  loss 2.649  holds 87968  134,566 tok/s  [fid:3=+0.985 fid:4=+0.836 fid:5=+0.052 b0=+0.683 b1=+0.068 b2=+0.003 b3=+0.003]
step 96650  ce 2.736  loss 2.738  holds 87968  134,559 tok/s  [fid:3=+0.985 fid:4=+0.836 fid:5=+0.052 b0=+0.640 b1=+0.092 b2=+0.004 b3=+0.003]
step 96700  ce 2.803  loss 2.804  holds 87968  134,574 tok/s  [fid:3=+0.984 fid:4=+0.836 fid:5=+0.052 b0=+0.643 b1=+0.047 b2=+0.002 b3=+0.003]
step 96750  ce 2.799  loss 2.801  holds 87968  134,569 tok/s  [fid:3=+0.985 fid:4=+0.835 fid:5=+0.052 b0=+0.714 b1=+0.045 b2=+0.002 b3=+0.003]
step 96800  ce 2.468  loss 2.477  holds 88000  134,584 tok/s  [fid:3=+0.986 fid:4=+0.835 fid:5=+0.052 b0=+0.674 b1=+0.064 b2=+0.004 b3=+0.003]
step 96850  ce 2.761  loss 2.763  holds 88032  134,575 tok/s  [fid:3=+0.986 fid:4=+0.836 fid:5=+0.052 b0=+0.688 b1=+0.067 b2=+0.005 b3=+0.003]
step 96900  ce 2.800  loss 2.801  holds 88032  134,565 tok/s  [fid:3=+0.986 fid:4=+0.836 fid:5=+0.052 b0=+0.662 b1=+0.089 b2=+0.004 b3=+0.003]
step 96950  ce 2.599  loss 2.600  holds 88032  134,581 tok/s  [fid:3=+0.985 fid:4=+0.835 fid:5=+0.052 b0=+0.609 b1=+0.096 b2=+0.004 b3=+0.003]
step 97000  ce 2.832  loss 2.841  holds 88032  134,573 tok/s  [fid:3=+0.985 fid:4=+0.835 fid:5=+0.052 b0=+0.623 b1=+0.073 b2=+0.002 b3=+0.003]
step 97050  ce 2.737  loss 2.738  holds 88064  134,587 tok/s  [fid:3=+0.985 fid:4=+0.835 fid:5=+0.052 b0=+0.600 b1=+0.053 b2=+0.001 b3=+0.003]
step 97100  ce 2.571  loss 2.572  holds 88096  134,580 tok/s  [fid:3=+0.985 fid:4=+0.835 fid:5=+0.052 b0=+0.648 b1=+0.109 b2=+0.003 b3=+0.003]
step 97150  ce 2.672  loss 2.673  holds 88096  134,573 tok/s  [fid:3=+0.985 fid:4=+0.836 fid:5=+0.052 b0=+0.653 b1=+0.106 b2=+0.005 b3=+0.003]
step 97200  ce 2.844  loss 2.853  holds 88096  134,589 tok/s  [fid:3=+0.986 fid:4=+0.836 fid:5=+0.052 b0=+0.697 b1=+0.076 b2=+0.005 b3=+0.003]
step 97250  ce 2.591  loss 2.592  holds 88096  134,581 tok/s  [fid:3=+0.985 fid:4=+0.836 fid:5=+0.052 b0=+0.668 b1=+0.092 b2=+0.003 b3=+0.003]
step 97300  ce 2.608  loss 2.609  holds 88128  134,572 tok/s  [fid:3=+0.985 fid:4=+0.836 fid:5=+0.052 b0=+0.679 b1=+0.030 b2=+0.003 b3=+0.003]
step 97350  ce 2.652  loss 2.654  holds 88160  134,588 tok/s  [fid:3=+0.985 fid:4=+0.836 fid:5=+0.052 b0=+0.640 b1=+0.109 b2=+0.002 b3=+0.004]
step 97400  ce 2.904  loss 2.913  holds 88160  134,578 tok/s  [fid:3=+0.983 fid:4=+0.836 fid:5=+0.052 b0=+0.632 b1=+0.067 b2=+0.004 b3=+0.004]
step 97450  ce 2.682  loss 2.683  holds 88160  134,593 tok/s  [fid:3=+0.985 fid:4=+0.835 fid:5=+0.052 b0=+0.608 b1=+0.053 b2=+0.003 b3=+0.004]
step 97500  ce 2.669  loss 2.670  holds 88160  134,584 tok/s  [fid:3=+0.985 fid:4=+0.837 fid:5=+0.052 b0=+0.702 b1=+0.075 b2=+0.002 b3=+0.004]
step 97550  ce 2.643  loss 2.645  holds 88192  134,573 tok/s  [fid:3=+0.985 fid:4=+0.836 fid:5=+0.052 b0=+0.701 b1=+0.057 b2=+0.003 b3=+0.004]
step 97600  ce 2.819  loss 2.857  holds 88224  134,588 tok/s  [fid:3=+0.985 fid:4=+0.836 fid:5=+0.052 b0=+0.590 b1=+0.055 b2=+0.002 b3=+0.004]
step 97650  ce 2.417  loss 2.418  holds 88224  134,581 tok/s  [fid:3=+0.986 fid:4=+0.835 fid:5=+0.052 b0=+0.660 b1=+0.040 b2=+0.004 b3=+0.004]
step 97700  ce 2.563  loss 2.565  holds 88224  134,597 tok/s  [fid:3=+0.984 fid:4=+0.835 fid:5=+0.052 b0=+0.676 b1=+0.097 b2=+0.003 b3=+0.004]
step 97750  ce 2.987  loss 2.988  holds 88224  134,590 tok/s  [fid:3=+0.986 fid:4=+0.835 fid:5=+0.052 b0=+0.653 b1=+0.082 b2=+0.004 b3=+0.004]
step 97800  ce 2.487  loss 2.495  holds 88256  134,582 tok/s  [fid:3=+0.985 fid:4=+0.836 fid:5=+0.052 b0=+0.613 b1=+0.033 b2=+0.005 b3=+0.004]
step 97850  ce 2.609  loss 2.610  holds 88256  134,597 tok/s  [fid:3=+0.984 fid:4=+0.837 fid:5=+0.052 b0=+0.633 b1=+0.062 b2=+0.004 b3=+0.004]
step 97900  ce 2.727  loss 2.729  holds 88288  134,590 tok/s  [fid:3=+0.985 fid:4=+0.837 fid:5=+0.052 b0=+0.689 b1=+0.069 b2=+0.005 b3=+0.004]
step 97950  ce 2.651  loss 2.652  holds 88288  134,580 tok/s  [fid:3=+0.984 fid:4=+0.836 fid:5=+0.052 b0=+0.587 b1=+0.078 b2=+0.002 b3=+0.004]
step 98000  ce 2.552  loss 2.562  holds 88288  134,596 tok/s  [fid:3=+0.985 fid:4=+0.834 fid:5=+0.052 b0=+0.706 b1=+0.044 b2=+0.002 b3=+0.004]
    holdout(cum): {'cross': [0.059, 0.05, 129], 'same': [0.487, 0.61, 70], 'straddle': [0.084, 0.08, 49]}
step 98050  ce 2.589  loss 2.590  holds 88320  134,584 tok/s  [fid:3=+0.985 fid:4=+0.835 fid:5=+0.052 b0=+0.676 b1=+0.072 b2=+0.002 b3=+0.004]
step 98100  ce 2.622  loss 2.626  holds 88320  134,600 tok/s  [fid:3=+0.985 fid:4=+0.835 fid:5=+0.052 b0=+0.652 b1=+0.054 b2=+0.003 b3=+0.004]
step 98150  ce 2.458  loss 2.459  holds 88352  134,592 tok/s  [fid:3=+0.986 fid:4=+0.835 fid:5=+0.052 b0=+0.663 b1=+0.057 b2=+0.003 b3=+0.004]
step 98200  ce 2.741  loss 2.750  holds 88352  134,585 tok/s  [fid:3=+0.986 fid:4=+0.835 fid:5=+0.052 b0=+0.646 b1=+0.045 b2=+0.003 b3=+0.004]
step 98250  ce 2.728  loss 2.730  holds 88352  134,601 tok/s  [fid:3=+0.986 fid:4=+0.835 fid:5=+0.052 b0=+0.736 b1=+0.076 b2=+0.007 b3=+0.004]
step 98300  ce 2.530  loss 2.531  holds 88352  134,592 tok/s  [fid:3=+0.982 fid:4=+0.835 fid:5=+0.052 b0=+0.625 b1=+0.061 b2=+0.003 b3=+0.004]
step 98350  ce 2.775  loss 2.776  holds 88384  134,607 tok/s  [fid:3=+0.984 fid:4=+0.834 fid:5=+0.052 b0=+0.707 b1=+0.074 b2=+0.004 b3=+0.004]
step 98400  ce 2.759  loss 2.767  holds 88416  134,597 tok/s  [fid:3=+0.984 fid:4=+0.835 fid:5=+0.052 b0=+0.679 b1=+0.094 b2=+0.003 b3=+0.004]
step 98450  ce 2.820  loss 2.821  holds 88416  134,588 tok/s  [fid:3=+0.985 fid:4=+0.835 fid:5=+0.052 b0=+0.670 b1=+0.080 b2=+0.003 b3=+0.004]
step 98500  ce 2.704  loss 2.706  holds 88416  134,604 tok/s  [fid:3=+0.985 fid:4=+0.836 fid:5=+0.052 b0=+0.719 b1=+0.062 b2=+0.003 b3=+0.004]
step 98550  ce 2.689  loss 2.690  holds 88416  134,593 tok/s  [fid:3=+0.985 fid:4=+0.836 fid:5=+0.052 b0=+0.691 b1=+0.121 b2=+0.002 b3=+0.004]
step 98600  ce 2.574  loss 2.584  holds 88448  134,607 tok/s  [fid:3=+0.985 fid:4=+0.836 fid:5=+0.052 b0=+0.575 b1=+0.047 b2=+0.005 b3=+0.003]
step 98650  ce 2.749  loss 2.750  holds 88480  134,598 tok/s  [fid:3=+0.986 fid:4=+0.837 fid:5=+0.052 b0=+0.642 b1=+0.059 b2=+0.005 b3=+0.003]
step 98700  ce 2.974  loss 2.976  holds 88480  134,589 tok/s  [fid:3=+0.986 fid:4=+0.836 fid:5=+0.052 b0=+0.634 b1=+0.089 b2=+0.004 b3=+0.003]
step 98750  ce 2.844  loss 2.845  holds 88480  134,604 tok/s  [fid:3=+0.986 fid:4=+0.836 fid:5=+0.052 b0=+0.686 b1=+0.102 b2=+0.002 b3=+0.003]
step 98800  ce 2.832  loss 2.841  holds 88480  134,599 tok/s  [fid:3=+0.984 fid:4=+0.836 fid:5=+0.052 b0=+0.672 b1=+0.036 b2=+0.004 b3=+0.003]
step 98850  ce 2.539  loss 2.540  holds 88512  134,593 tok/s  [fid:3=+0.984 fid:4=+0.837 fid:5=+0.052 b0=+0.685 b1=+0.081 b2=+0.005 b3=+0.003]
step 98900  ce 2.690  loss 2.691  holds 88544  134,607 tok/s  [fid:3=+0.985 fid:4=+0.837 fid:5=+0.052 b0=+0.618 b1=+0.072 b2=+0.005 b3=+0.003]
step 98950  ce 2.552  loss 2.553  holds 88544  134,598 tok/s  [fid:3=+0.985 fid:4=+0.838 fid:5=+0.052 b0=+0.660 b1=+0.059 b2=+0.004 b3=+0.003]
step 99000  ce 2.858  loss 2.867  holds 88544  134,612 tok/s  [fid:3=+0.985 fid:4=+0.838 fid:5=+0.052 b0=+0.715 b1=+0.092 b2=+0.004 b3=+0.003]
step 99050  ce 2.824  loss 2.826  holds 88544  134,602 tok/s  [fid:3=+0.984 fid:4=+0.838 fid:5=+0.052 b0=+0.581 b1=+0.125 b2=+0.008 b3=+0.003]
step 99100  ce 2.535  loss 2.536  holds 88576  134,592 tok/s  [fid:3=+0.986 fid:4=+0.839 fid:5=+0.052 b0=+0.692 b1=+0.126 b2=+0.004 b3=+0.003]
step 99150  ce 2.698  loss 2.699  holds 88608  134,608 tok/s  [fid:3=+0.985 fid:4=+0.839 fid:5=+0.052 b0=+0.661 b1=+0.104 b2=+0.003 b3=+0.003]
step 99200  ce 2.740  loss 2.777  holds 88608  134,598 tok/s  [fid:3=+0.985 fid:4=+0.839 fid:5=+0.052 b0=+0.574 b1=+0.076 b2=+0.003 b3=+0.003]
step 99250  ce 2.786  loss 2.788  holds 88608  134,613 tok/s  [fid:3=+0.985 fid:4=+0.839 fid:5=+0.052 b0=+0.650 b1=+0.108 b2=+0.007 b3=+0.003]
step 99300  ce 2.840  loss 2.842  holds 88608  134,603 tok/s  [fid:3=+0.985 fid:4=+0.839 fid:5=+0.052 b0=+0.608 b1=+0.044 b2=+0.002 b3=+0.003]
step 99350  ce 2.861  loss 2.863  holds 88640  134,596 tok/s  [fid:3=+0.985 fid:4=+0.838 fid:5=+0.052 b0=+0.655 b1=+0.057 b2=+0.003 b3=+0.003]
step 99400  ce 2.689  loss 2.697  holds 88672  134,611 tok/s  [fid:3=+0.986 fid:4=+0.839 fid:5=+0.052 b0=+0.671 b1=+0.121 b2=+0.002 b3=+0.003]
step 99450  ce 2.715  loss 2.716  holds 88672  134,601 tok/s  [fid:3=+0.985 fid:4=+0.838 fid:5=+0.052 b0=+0.683 b1=+0.056 b2=+0.002 b3=+0.003]
step 99500  ce 2.588  loss 2.592  holds 88672  134,616 tok/s  [fid:3=+0.983 fid:4=+0.838 fid:5=+0.052 b0=+0.693 b1=+0.079 b2=+0.002 b3=+0.003]
step 99550  ce 2.451  loss 2.453  holds 88672  134,607 tok/s  [fid:3=+0.984 fid:4=+0.839 fid:5=+0.052 b0=+0.595 b1=+0.098 b2=+0.005 b3=+0.003]
step 99600  ce 2.682  loss 2.691  holds 88704  134,601 tok/s  [fid:3=+0.984 fid:4=+0.837 fid:5=+0.052 b0=+0.725 b1=+0.061 b2=+0.003 b3=+0.003]
step 99650  ce 2.709  loss 2.712  holds 88736  134,617 tok/s  [fid:3=+0.984 fid:4=+0.837 fid:5=+0.052 b0=+0.674 b1=+0.086 b2=+0.004 b3=+0.003]
step 99700  ce 2.819  loss 2.823  holds 88736  134,608 tok/s  [fid:3=+0.984 fid:4=+0.838 fid:5=+0.052 b0=+0.746 b1=+0.070 b2=+0.004 b3=+0.003]
step 99750  ce 2.604  loss 2.606  holds 88736  134,599 tok/s  [fid:3=+0.984 fid:4=+0.837 fid:5=+0.052 b0=+0.642 b1=+0.086 b2=+0.003 b3=+0.003]
step 99800  ce 2.905  loss 2.913  holds 88736  134,615 tok/s  [fid:3=+0.986 fid:4=+0.838 fid:5=+0.052 b0=+0.675 b1=+0.042 b2=+0.002 b3=+0.003]
step 99850  ce 2.800  loss 2.801  holds 88768  134,607 tok/s  [fid:3=+0.985 fid:4=+0.838 fid:5=+0.052 b0=+0.705 b1=+0.067 b2=+0.003 b3=+0.003]
step 99900  ce 2.965  loss 2.966  holds 88768  134,622 tok/s  [fid:3=+0.986 fid:4=+0.837 fid:5=+0.052 b0=+0.676 b1=+0.083 b2=+0.005 b3=+0.003]
step 99950  ce 2.861  loss 2.863  holds 88800  134,614 tok/s  [fid:3=+0.986 fid:4=+0.838 fid:5=+0.052 b0=+0.721 b1=+0.056 b2=+0.004 b3=+0.003]
step 100000  ce 2.855  loss 2.864  holds 88800  134,605 tok/s  [fid:3=+0.984 fid:4=+0.837 fid:5=+0.052 b0=+0.694 b1=+0.131 b2=+0.003 b3=+0.003]
    holdout(cum): {'cross': [0.057, 0.05, 134], 'same': [0.48, 0.61, 71], 'straddle': [0.083, 0.08, 50]}
step 100050  ce 2.727  loss 2.728  holds 88800  134,617 tok/s  [fid:3=+0.984 fid:4=+0.837 fid:5=+0.052 b0=+0.619 b1=+0.115 b2=+0.002 b3=+0.003]
step 100100  ce 2.597  loss 2.600  holds 88832  134,609 tok/s  [fid:3=+0.985 fid:4=+0.836 fid:5=+0.052 b0=+0.618 b1=+0.100 b2=+0.002 b3=+0.003]
step 100150  ce 2.753  loss 2.754  holds 88832  134,624 tok/s  [fid:3=+0.984 fid:4=+0.837 fid:5=+0.052 b0=+0.653 b1=+0.124 b2=+0.006 b3=+0.003]
step 100200  ce 2.700  loss 2.709  holds 88864  134,617 tok/s  [fid:3=+0.985 fid:4=+0.837 fid:5=+0.052 b0=+0.719 b1=+0.103 b2=+0.003 b3=+0.003]
step 100250  ce 2.697  loss 2.698  holds 88864  134,610 tok/s  [fid:3=+0.985 fid:4=+0.837 fid:5=+0.052 b0=+0.622 b1=+0.066 b2=+0.004 b3=+0.003]
step 100300  ce 2.751  loss 2.752  holds 88864  134,625 tok/s  [fid:3=+0.985 fid:4=+0.837 fid:5=+0.052 b0=+0.693 b1=+0.098 b2=+0.001 b3=+0.003]
step 100350  ce 2.821  loss 2.823  holds 88864  134,616 tok/s  [fid:3=+0.985 fid:4=+0.836 fid:5=+0.052 b0=+0.702 b1=+0.067 b2=+0.004 b3=+0.003]
step 100400  ce 2.701  loss 2.710  holds 88896  134,631 tok/s  [fid:3=+0.985 fid:4=+0.836 fid:5=+0.052 b0=+0.587 b1=+0.031 b2=+0.002 b3=+0.003]
step 100450  ce 2.656  loss 2.658  holds 88928  134,622 tok/s  [fid:3=+0.984 fid:4=+0.834 fid:5=+0.052 b0=+0.649 b1=+0.051 b2=+0.003 b3=+0.003]
step 100500  ce 2.683  loss 2.685  holds 88928  134,614 tok/s  [fid:3=+0.986 fid:4=+0.835 fid:5=+0.052 b0=+0.711 b1=+0.048 b2=+0.004 b3=+0.003]
step 100550  ce 2.653  loss 2.655  holds 88928  134,627 tok/s  [fid:3=+0.983 fid:4=+0.835 fid:5=+0.052 b0=+0.640 b1=+0.047 b2=+0.001 b3=+0.003]
step 100600  ce 2.785  loss 2.793  holds 88928  134,621 tok/s  [fid:3=+0.985 fid:4=+0.836 fid:5=+0.052 b0=+0.746 b1=+0.108 b2=+0.005 b3=+0.003]
step 100650  ce 2.807  loss 2.808  holds 88960  134,612 tok/s  [fid:3=+0.985 fid:4=+0.836 fid:5=+0.052 b0=+0.667 b1=+0.057 b2=+0.001 b3=+0.003]
step 100700  ce 2.482  loss 2.483  holds 88992  134,626 tok/s  [fid:3=+0.984 fid:4=+0.836 fid:5=+0.052 b0=+0.689 b1=+0.091 b2=+0.001 b3=+0.003]
step 100750  ce 2.781  loss 2.785  holds 88992  134,617 tok/s  [fid:3=+0.983 fid:4=+0.836 fid:5=+0.052 b0=+0.653 b1=+0.095 b2=+0.003 b3=+0.003]
step 100800  ce 2.569  loss 2.606  holds 88992  134,632 tok/s  [fid:3=+0.984 fid:4=+0.836 fid:5=+0.052 b0=+0.675 b1=+0.088 b2=+0.002 b3=+0.003]
step 100850  ce 2.839  loss 2.840  holds 88992  134,625 tok/s  [fid:3=+0.985 fid:4=+0.837 fid:5=+0.052 b0=+0.701 b1=+0.081 b2=+0.002 b3=+0.003]
step 100900  ce 2.890  loss 2.892  holds 89024  134,616 tok/s  [fid:3=+0.984 fid:4=+0.837 fid:5=+0.052 b0=+0.626 b1=+0.056 b2=+0.002 b3=+0.003]
step 100950  ce 2.855  loss 2.857  holds 89056  134,632 tok/s  [fid:3=+0.985 fid:4=+0.838 fid:5=+0.052 b0=+0.640 b1=+0.050 b2=+0.003 b3=+0.003]
step 101000  ce 2.897  loss 2.907  holds 89056  134,623 tok/s  [fid:3=+0.985 fid:4=+0.837 fid:5=+0.052 b0=+0.623 b1=+0.040 b2=+0.005 b3=+0.003]
step 101050  ce 2.774  loss 2.775  holds 89056  134,638 tok/s  [fid:3=+0.985 fid:4=+0.836 fid:5=+0.052 b0=+0.744 b1=+0.050 b2=+0.004 b3=+0.003]
step 101100  ce 2.941  loss 2.942  holds 89056  134,629 tok/s  [fid:3=+0.985 fid:4=+0.837 fid:5=+0.052 b0=+0.691 b1=+0.044 b2=+0.002 b3=+0.003]
step 101150  ce 2.744  loss 2.746  holds 89088  134,623 tok/s  [fid:3=+0.986 fid:4=+0.837 fid:5=+0.052 b0=+0.682 b1=+0.063 b2=+0.005 b3=+0.003]
step 101200  ce 2.743  loss 2.752  holds 89120  134,639 tok/s  [fid:3=+0.986 fid:4=+0.836 fid:5=+0.052 b0=+0.772 b1=+0.073 b2=+0.002 b3=+0.003]
step 101250  ce 2.566  loss 2.567  holds 89120  134,633 tok/s  [fid:3=+0.985 fid:4=+0.837 fid:5=+0.052 b0=+0.617 b1=+0.074 b2=+0.003 b3=+0.003]
step 101300  ce 2.812  loss 2.813  holds 89120  134,648 tok/s  [fid:3=+0.985 fid:4=+0.837 fid:5=+0.052 b0=+0.683 b1=+0.100 b2=+0.003 b3=+0.003]
step 101350  ce 2.606  loss 2.607  holds 89120  134,641 tok/s  [fid:3=+0.985 fid:4=+0.837 fid:5=+0.052 b0=+0.647 b1=+0.065 b2=+0.002 b3=+0.003]
step 101400  ce 2.860  loss 2.870  holds 89152  134,631 tok/s  [fid:3=+0.986 fid:4=+0.837 fid:5=+0.052 b0=+0.683 b1=+0.042 b2=+0.004 b3=+0.003]
step 101450  ce 2.922  loss 2.924  holds 89184  134,645 tok/s  [fid:3=+0.986 fid:4=+0.837 fid:5=+0.052 b0=+0.686 b1=+0.089 b2=+0.004 b3=+0.003]
step 101500  ce 2.915  loss 2.917  holds 89184  134,639 tok/s  [fid:3=+0.985 fid:4=+0.836 fid:5=+0.052 b0=+0.630 b1=+0.120 b2=+0.003 b3=+0.003]
step 101550  ce 2.773  loss 2.775  holds 89184  134,653 tok/s  [fid:3=+0.985 fid:4=+0.836 fid:5=+0.052 b0=+0.621 b1=+0.054 b2=+0.005 b3=+0.003]
step 101600  ce 2.874  loss 2.883  holds 89184  134,643 tok/s  [fid:3=+0.985 fid:4=+0.836 fid:5=+0.052 b0=+0.659 b1=+0.104 b2=+0.003 b3=+0.003]
step 101650  ce 2.700  loss 2.703  holds 89216  134,633 tok/s  [fid:3=+0.984 fid:4=+0.836 fid:5=+0.052 b0=+0.669 b1=+0.124 b2=+0.002 b3=+0.003]
step 101700  ce 2.675  loss 2.676  holds 89248  134,647 tok/s  [fid:3=+0.983 fid:4=+0.836 fid:5=+0.052 b0=+0.693 b1=+0.033 b2=+0.004 b3=+0.003]
step 101750  ce 2.449  loss 2.450  holds 89248  134,639 tok/s  [fid:3=+0.985 fid:4=+0.837 fid:5=+0.052 b0=+0.678 b1=+0.067 b2=+0.003 b3=+0.003]
step 101800  ce 2.915  loss 2.924  holds 89248  134,632 tok/s  [fid:3=+0.985 fid:4=+0.837 fid:5=+0.052 b0=+0.615 b1=+0.081 b2=+0.002 b3=+0.003]
step 101850  ce 2.659  loss 2.661  holds 89248  134,647 tok/s  [fid:3=+0.986 fid:4=+0.836 fid:5=+0.052 b0=+0.719 b1=+0.035 b2=+0.008 b3=+0.003]
step 101900  ce 2.653  loss 2.654  holds 89280  134,640 tok/s  [fid:3=+0.985 fid:4=+0.836 fid:5=+0.052 b0=+0.728 b1=+0.108 b2=+0.006 b3=+0.003]
step 101950  ce 2.784  loss 2.785  holds 89280  134,654 tok/s  [fid:3=+0.986 fid:4=+0.836 fid:5=+0.052 b0=+0.717 b1=+0.076 b2=+0.004 b3=+0.003]
step 102000  ce 2.570  loss 2.579  holds 89312  134,648 tok/s  [fid:3=+0.985 fid:4=+0.836 fid:5=+0.052 b0=+0.722 b1=+0.060 b2=+0.002 b3=+0.003]
    holdout(cum): {'cross': [0.056, 0.05, 137], 'same': [0.473, 0.6, 72], 'straddle': [0.081, 0.08, 51]}
step 102050  ce 2.591  loss 2.592  holds 89312  134,639 tok/s  [fid:3=+0.985 fid:4=+0.836 fid:5=+0.052 b0=+0.679 b1=+0.046 b2=+0.006 b3=+0.003]
step 102100  ce 2.814  loss 2.816  holds 89312  134,654 tok/s  [fid:3=+0.986 fid:4=+0.837 fid:5=+0.052 b0=+0.662 b1=+0.054 b2=+0.002 b3=+0.003]
step 102150  ce 2.662  loss 2.663  holds 89344  134,644 tok/s  [fid:3=+0.986 fid:4=+0.836 fid:5=+0.052 b0=+0.628 b1=+0.026 b2=+0.002 b3=+0.003]
step 102200  ce 2.607  loss 2.616  holds 89344  134,659 tok/s  [fid:3=+0.985 fid:4=+0.837 fid:5=+0.052 b0=+0.555 b1=+0.081 b2=+0.003 b3=+0.003]
step 102250  ce 2.573  loss 2.575  holds 89376  134,650 tok/s  [fid:3=+0.985 fid:4=+0.837 fid:5=+0.052 b0=+0.635 b1=+0.083 b2=+0.003 b3=+0.003]
step 102300  ce 2.773  loss 2.774  holds 89376  134,641 tok/s  [fid:3=+0.985 fid:4=+0.837 fid:5=+0.052 b0=+0.591 b1=+0.172 b2=+0.004 b3=+0.003]
step 102350  ce 2.678  loss 2.679  holds 89376  134,656 tok/s  [fid:3=+0.985 fid:4=+0.838 fid:5=+0.052 b0=+0.750 b1=+0.130 b2=+0.005 b3=+0.003]
step 102400  ce 2.564  loss 2.561  holds 89664  134,637 tok/s  [fid:3=+0.985 fid:4=+0.838 fid:5=+0.052 b0=+0.566 b1=+0.065 b2=+0.037 b3=+0.003]
step 102450  ce 2.516  loss 2.517  holds 90080  134,640 tok/s  [fid:3=+0.985 fid:4=+0.837 fid:5=+0.052 b0=+0.715 b1=+0.116 b2=+0.042 b3=+0.003]
step 102500  ce 3.008  loss 2.976  holds 90528  134,612 tok/s  [fid:3=+0.986 fid:4=+0.838 fid:5=+0.052 b0=+0.633 b1=+0.134 b2=+0.038 b3=+0.003]
step 102550  ce 2.764  loss 2.765  holds 90912  134,589 tok/s  [fid:3=+0.985 fid:4=+0.837 fid:5=+0.052 b0=+0.746 b1=+0.174 b2=+0.028 b3=+0.003]
step 102600  ce 2.783  loss 2.658  holds 91328  134,582 tok/s  [fid:3=+0.985 fid:4=+0.836 fid:5=+0.052 b0=+0.648 b1=+0.076 b2=+0.033 b3=+0.003]
step 102650  ce 2.537  loss 2.538  holds 91712  134,559 tok/s  [fid:3=+0.985 fid:4=+0.837 fid:5=+0.052 b0=+0.732 b1=+0.060 b2=+0.007 b3=+0.003]
step 102700  ce 2.778  loss 2.961  holds 92160  134,529 tok/s  [fid:3=+0.985 fid:4=+0.837 fid:5=+0.052 b0=+0.731 b1=+0.096 b2=+0.011 b3=+0.003]
step 102750  ce 2.748  loss 2.750  holds 92576  134,525 tok/s  [fid:3=+0.986 fid:4=+0.836 fid:5=+0.052 b0=+0.719 b1=+0.110 b2=+0.037 b3=+0.003]
step 102800  ce 2.948  loss 2.753  holds 92992  134,503 tok/s  [fid:3=+0.985 fid:4=+0.835 fid:5=+0.052 b0=+0.634 b1=+0.175 b2=+0.103 b3=+0.003]
step 102850  ce 2.786  loss 2.787  holds 93376  134,499 tok/s  [fid:3=+0.985 fid:4=+0.835 fid:5=+0.052 b0=+0.707 b1=+0.148 b2=+0.028 b3=+0.003]
step 102900  ce 2.657  loss 2.594  holds 93792  134,474 tok/s  [fid:3=+0.986 fid:4=+0.835 fid:5=+0.052 b0=+0.791 b1=+0.078 b2=+0.014 b3=+0.003]
step 102950  ce 2.829  loss 2.830  holds 94208  134,452 tok/s  [fid:3=+0.985 fid:4=+0.835 fid:5=+0.052 b0=+0.683 b1=+0.097 b2=+0.006 b3=+0.003]
step 103000  ce 2.726  loss 3.139  holds 94656  134,445 tok/s  [fid:3=+0.985 fid:4=+0.835 fid:5=+0.052 b0=+0.712 b1=+0.113 b2=+0.011 b3=+0.003]
step 103050  ce 2.502  loss 2.503  holds 95040  134,418 tok/s  [fid:3=+0.985 fid:4=+0.834 fid:5=+0.052 b0=+0.667 b1=+0.150 b2=+0.053 b3=+0.003]
step 103100  ce 2.553  loss 2.754  holds 95456  134,414 tok/s  [fid:3=+0.984 fid:4=+0.834 fid:5=+0.052 b0=+0.762 b1=+0.111 b2=+0.030 b3=+0.003]
step 103150  ce 2.872  loss 2.873  holds 95840  134,390 tok/s  [fid:3=+0.984 fid:4=+0.833 fid:5=+0.052 b0=+0.641 b1=+0.140 b2=+0.030 b3=+0.003]
step 103200  ce 2.645  loss 3.214  holds 96480  134,353 tok/s  [fid:3=+0.985 fid:4=+0.834 fid:5=+0.052 b0=+0.643 b1=+0.182 b2=+0.028 b3=+0.003]
step 103250  ce 2.663  loss 2.665  holds 97312  134,344 tok/s  [fid:3=+0.985 fid:4=+0.834 fid:5=+0.052 b0=+0.732 b1=+0.197 b2=+0.017 b3=+0.003]
step 103300  ce 2.804  loss 2.638  holds 98112  134,311 tok/s  [fid:3=+0.984 fid:4=+0.834 fid:5=+0.052 b0=+0.663 b1=+0.090 b2=+0.053 b3=+0.003]
step 103350  ce 2.409  loss 2.522  holds 98912  134,306 tok/s  [fid:3=+0.985 fid:4=+0.834 fid:5=+0.052 b0=+0.674 b1=+0.123 b2=+0.029 b3=+0.003]
step 103400  ce 2.535  loss 3.174  holds 99712  134,270 tok/s  [fid:3=+0.985 fid:4=+0.833 fid:5=+0.052 b0=+0.652 b1=+0.146 b2=+0.062 b3=+0.003]
step 103450  ce 2.644  loss 2.646  holds 100544  134,235 tok/s  [fid:3=+0.986 fid:4=+0.835 fid:5=+0.052 b0=+0.688 b1=+0.218 b2=+0.033 b3=+0.003]
step 103500  ce 2.840  loss 3.018  holds 101376  134,219 tok/s  [fid:3=+0.985 fid:4=+0.835 fid:5=+0.052 b0=+0.729 b1=+0.146 b2=+0.011 b3=+0.003]
step 103550  ce 2.779  loss 2.780  holds 102176  134,186 tok/s  [fid:3=+0.986 fid:4=+0.836 fid:5=+0.052 b0=+0.752 b1=+0.092 b2=+0.013 b3=+0.003]
step 103600  ce 2.747  loss 2.654  holds 102976  134,178 tok/s  [fid:3=+0.985 fid:4=+0.835 fid:5=+0.052 b0=+0.741 b1=+0.140 b2=+0.048 b3=+0.003]
step 103650  ce 2.772  loss 2.884  holds 103776  134,147 tok/s  [fid:3=+0.985 fid:4=+0.835 fid:5=+0.052 b0=+0.717 b1=+0.132 b2=+0.031 b3=+0.003]
step 103700  ce 2.902  loss 2.790  holds 104608  134,112 tok/s  [fid:3=+0.985 fid:4=+0.835 fid:5=+0.052 b0=+0.722 b1=+0.131 b2=+0.022 b3=+0.003]
step 103750  ce 2.748  loss 2.705  holds 105440  134,103 tok/s  [fid:3=+0.986 fid:4=+0.836 fid:5=+0.052 b0=+0.659 b1=+0.127 b2=+0.042 b3=+0.003]
step 103800  ce 2.537  loss 2.488  holds 106240  134,066 tok/s  [fid:3=+0.985 fid:4=+0.836 fid:5=+0.052 b0=+0.759 b1=+0.142 b2=+0.018 b3=+0.003]
step 103850  ce 2.937  loss 3.027  holds 107040  134,029 tok/s  [fid:3=+0.985 fid:4=+0.836 fid:5=+0.052 b0=+0.670 b1=+0.094 b2=+0.017 b3=+0.003]
step 103900  ce 2.675  loss 2.593  holds 107840  134,015 tok/s  [fid:3=+0.985 fid:4=+0.836 fid:5=+0.052 b0=+0.745 b1=+0.154 b2=+0.015 b3=+0.003]
step 103950  ce 2.646  loss 3.221  holds 108672  133,982 tok/s  [fid:3=+0.985 fid:4=+0.836 fid:5=+0.052 b0=+0.592 b1=+0.138 b2=+0.030 b3=+0.003]
step 104000  ce 2.692  loss 2.684  holds 109504  133,963 tok/s  [fid:3=+0.984 fid:4=+0.837 fid:5=+0.052 b0=+0.805 b1=+0.182 b2=+0.009 b3=+0.003]
    holdout(cum): {'cross': [0.06, 0.06, 140], 'same': [0.481, 0.6, 73], 'straddle': [0.096, 0.09, 53]}
step 104050  ce 2.719  loss 2.943  holds 110304  133,926 tok/s  [fid:3=+0.985 fid:4=+0.837 fid:5=+0.052 b0=+0.728 b1=+0.133 b2=+0.012 b3=+0.003]
step 104100  ce 2.778  loss 2.780  holds 111104  133,895 tok/s  [fid:3=+0.984 fid:4=+0.837 fid:5=+0.052 b0=+0.763 b1=+0.170 b2=+0.013 b3=+0.003]
step 104150  ce 2.644  loss 2.902  holds 111904  133,878 tok/s  [fid:3=+0.983 fid:4=+0.837 fid:5=+0.052 b0=+0.743 b1=+0.139 b2=+0.015 b3=+0.003]
step 104200  ce 2.634  loss 2.792  holds 112736  133,843 tok/s  [fid:3=+0.985 fid:4=+0.837 fid:5=+0.052 b0=+0.719 b1=+0.169 b2=+0.009 b3=+0.003]
step 104250  ce 2.838  loss 3.052  holds 113536  133,830 tok/s  [fid:3=+0.984 fid:4=+0.837 fid:5=+0.052 b0=+0.784 b1=+0.150 b2=+0.026 b3=+0.003]
step 104300  ce 2.777  loss 3.026  holds 114368  133,791 tok/s  [fid:3=+0.984 fid:4=+0.837 fid:5=+0.052 b0=+0.713 b1=+0.111 b2=+0.012 b3=+0.003]
step 104350  ce 2.724  loss 2.938  holds 115168  133,749 tok/s  [fid:3=+0.984 fid:4=+0.837 fid:5=+0.052 b0=+0.579 b1=+0.115 b2=+0.036 b3=+0.003]
step 104400  ce 2.658  loss 2.667  holds 115968  133,738 tok/s  [fid:3=+0.985 fid:4=+0.837 fid:5=+0.052 b0=+0.652 b1=+0.104 b2=+0.017 b3=+0.003]
step 104450  ce 2.676  loss 2.772  holds 116800  133,704 tok/s  [fid:3=+0.985 fid:4=+0.836 fid:5=+0.052 b0=+0.683 b1=+0.124 b2=+0.005 b3=+0.003]
step 104500  ce 2.769  loss 2.547  holds 117600  133,692 tok/s  [fid:3=+0.986 fid:4=+0.836 fid:5=+0.052 b0=+0.717 b1=+0.127 b2=+0.013 b3=+0.003]
step 104550  ce 2.715  loss 3.000  holds 118432  133,661 tok/s  [fid:3=+0.986 fid:4=+0.836 fid:5=+0.052 b0=+0.754 b1=+0.139 b2=+0.009 b3=+0.003]
step 104600  ce 2.788  loss 3.122  holds 119232  133,625 tok/s  [fid:3=+0.985 fid:4=+0.835 fid:5=+0.052 b0=+0.623 b1=+0.121 b2=+0.014 b3=+0.003]
step 104650  ce 2.673  loss 2.782  holds 120032  133,612 tok/s  [fid:3=+0.985 fid:4=+0.835 fid:5=+0.052 b0=+0.680 b1=+0.141 b2=+0.038 b3=+0.003]
step 104700  ce 2.735  loss 2.620  holds 120832  133,577 tok/s  [fid:3=+0.986 fid:4=+0.834 fid:5=+0.052 b0=+0.766 b1=+0.107 b2=+0.021 b3=+0.003]
step 104750  ce 2.478  loss 2.560  holds 121664  133,546 tok/s  [fid:3=+0.986 fid:4=+0.833 fid:5=+0.052 b0=+0.717 b1=+0.097 b2=+0.016 b3=+0.003]
step 104800  ce 2.625  loss 2.483  holds 122496  133,532 tok/s  [fid:3=+0.986 fid:4=+0.833 fid:5=+0.052 b0=+0.715 b1=+0.141 b2=+0.020 b3=+0.003]
step 104850  ce 2.831  loss 2.729  holds 123296  133,500 tok/s  [fid:3=+0.986 fid:4=+0.833 fid:5=+0.052 b0=+0.748 b1=+0.207 b2=+0.020 b3=+0.003]
step 104900  ce 2.541  loss 2.690  holds 124096  133,485 tok/s  [fid:3=+0.985 fid:4=+0.834 fid:5=+0.052 b0=+0.730 b1=+0.120 b2=+0.039 b3=+0.003]
step 104950  ce 2.648  loss 2.850  holds 124896  133,452 tok/s  [fid:3=+0.986 fid:4=+0.832 fid:5=+0.052 b0=+0.738 b1=+0.239 b2=+0.044 b3=+0.003]
step 105000  ce 2.512  loss 2.821  holds 125728  133,418 tok/s  [fid:3=+0.986 fid:4=+0.832 fid:5=+0.052 b0=+0.668 b1=+0.196 b2=+0.038 b3=+0.003]
step 105050  ce 2.652  loss 2.755  holds 126560  133,406 tok/s  [fid:3=+0.986 fid:4=+0.832 fid:5=+0.052 b0=+0.708 b1=+0.107 b2=+0.014 b3=+0.003]
step 105100  ce 2.588  loss 2.477  holds 127360  133,374 tok/s  [fid:3=+0.985 fid:4=+0.833 fid:5=+0.052 b0=+0.744 b1=+0.059 b2=+0.005 b3=+0.003]
step 105150  ce 2.792  loss 2.879  holds 128160  133,342 tok/s  [fid:3=+0.984 fid:4=+0.833 fid:5=+0.052 b0=+0.731 b1=+0.097 b2=+0.010 b3=+0.003]
step 105200  ce 2.777  loss 2.785  holds 128960  133,332 tok/s  [fid:3=+0.984 fid:4=+0.834 fid:5=+0.052 b0=+0.650 b1=+0.152 b2=+0.009 b3=+0.003]
step 105250  ce 2.849  loss 2.973  holds 129792  133,306 tok/s  [fid:3=+0.984 fid:4=+0.835 fid:5=+0.052 b0=+0.574 b1=+0.146 b2=+0.012 b3=+0.003]
step 105300  ce 2.695  loss 2.633  holds 130624  133,303 tok/s  [fid:3=+0.984 fid:4=+0.835 fid:5=+0.052 b0=+0.671 b1=+0.180 b2=+0.014 b3=+0.003]
step 105350  ce 2.325  loss 2.349  holds 131424  133,267 tok/s  [fid:3=+0.985 fid:4=+0.834 fid:5=+0.052 b0=+0.741 b1=+0.161 b2=+0.020 b3=+0.003]
step 105400  ce 2.857  loss 3.069  holds 132224  133,230 tok/s  [fid:3=+0.981 fid:4=+0.833 fid:5=+0.052 b0=+0.700 b1=+0.211 b2=+0.010 b3=+0.003]
step 105450  ce 2.808  loss 2.969  holds 133024  133,220 tok/s  [fid:3=+0.984 fid:4=+0.833 fid:5=+0.052 b0=+0.707 b1=+0.168 b2=+0.007 b3=+0.003]
step 105500  ce 2.512  loss 2.403  holds 133856  133,192 tok/s  [fid:3=+0.985 fid:4=+0.833 fid:5=+0.052 b0=+0.710 b1=+0.152 b2=+0.007 b3=+0.003]
step 105550  ce 2.831  loss 2.832  holds 134688  133,178 tok/s  [fid:3=+0.985 fid:4=+0.833 fid:5=+0.052 b0=+0.674 b1=+0.172 b2=+0.005 b3=+0.003]
step 105600  ce 2.688  loss 2.434  holds 135488  133,146 tok/s  [fid:3=+0.986 fid:4=+0.834 fid:5=+0.052 b0=+0.763 b1=+0.187 b2=+0.012 b3=+0.003]
step 105650  ce 2.860  loss 3.043  holds 136288  133,117 tok/s  [fid:3=+0.985 fid:4=+0.834 fid:5=+0.052 b0=+0.706 b1=+0.210 b2=+0.008 b3=+0.003]
step 105700  ce 2.704  loss 2.738  holds 137088  133,107 tok/s  [fid:3=+0.985 fid:4=+0.834 fid:5=+0.052 b0=+0.702 b1=+0.135 b2=+0.003 b3=+0.003]
step 105750  ce 2.902  loss 3.114  holds 137920  133,073 tok/s  [fid:3=+0.986 fid:4=+0.834 fid:5=+0.052 b0=+0.616 b1=+0.102 b2=+0.059 b3=+0.003]
step 105800  ce 2.726  loss 2.744  holds 138752  133,064 tok/s  [fid:3=+0.985 fid:4=+0.835 fid:5=+0.052 b0=+0.690 b1=+0.147 b2=+0.033 b3=+0.003]
step 105850  ce 2.841  loss 2.843  holds 139552  133,030 tok/s  [fid:3=+0.985 fid:4=+0.836 fid:5=+0.052 b0=+0.642 b1=+0.194 b2=+0.011 b3=+0.003]
step 105900  ce 2.659  loss 2.764  holds 140352  132,998 tok/s  [fid:3=+0.986 fid:4=+0.836 fid:5=+0.052 b0=+0.692 b1=+0.114 b2=+0.026 b3=+0.003]
step 105950  ce 2.638  loss 2.916  holds 141152  132,989 tok/s  [fid:3=+0.986 fid:4=+0.836 fid:5=+0.052 b0=+0.711 b1=+0.113 b2=+0.013 b3=+0.003]
step 106000  ce 2.691  loss 3.059  holds 141984  132,956 tok/s  [fid:3=+0.984 fid:4=+0.836 fid:5=+0.052 b0=+0.700 b1=+0.128 b2=+0.004 b3=+0.003]
    holdout(cum): {'cross': [0.06, 0.06, 143], 'same': [0.493, 0.61, 75], 'straddle': [0.094, 0.09, 54]}
step 106050  ce 2.977  loss 2.981  holds 142816  132,920 tok/s  [fid:3=+0.985 fid:4=+0.838 fid:5=+0.052 b0=+0.765 b1=+0.128 b2=+0.013 b3=+0.003]
step 106100  ce 2.856  loss 3.259  holds 143616  132,909 tok/s  [fid:3=+0.986 fid:4=+0.838 fid:5=+0.052 b0=+0.735 b1=+0.104 b2=+0.005 b3=+0.003]
step 106150  ce 2.619  loss 2.715  holds 144416  132,874 tok/s  [fid:3=+0.986 fid:4=+0.838 fid:5=+0.052 b0=+0.669 b1=+0.105 b2=+0.018 b3=+0.003]
step 106200  ce 2.682  loss 2.637  holds 145216  132,864 tok/s  [fid:3=+0.985 fid:4=+0.839 fid:5=+0.052 b0=+0.700 b1=+0.140 b2=+0.002 b3=+0.003]
step 106250  ce 2.864  loss 2.865  holds 146048  132,833 tok/s  [fid:3=+0.985 fid:4=+0.837 fid:5=+0.052 b0=+0.601 b1=+0.102 b2=+0.061 b3=+0.003]
step 106300  ce 2.849  loss 2.703  holds 146848  132,803 tok/s  [fid:3=+0.983 fid:4=+0.837 fid:5=+0.052 b0=+0.733 b1=+0.119 b2=+0.039 b3=+0.003]
step 106350  ce 2.859  loss 2.860  holds 147680  132,794 tok/s  [fid:3=+0.984 fid:4=+0.836 fid:5=+0.052 b0=+0.708 b1=+0.138 b2=+0.012 b3=+0.003]
step 106400  ce 2.915  loss 2.879  holds 148480  132,762 tok/s  [fid:3=+0.984 fid:4=+0.835 fid:5=+0.052 b0=+0.721 b1=+0.155 b2=+0.004 b3=+0.003]
step 106450  ce 2.651  loss 2.599  holds 149280  132,731 tok/s  [fid:3=+0.985 fid:4=+0.836 fid:5=+0.052 b0=+0.781 b1=+0.128 b2=+0.004 b3=+0.003]
step 106500  ce 2.749  loss 2.876  holds 150112  132,724 tok/s  [fid:3=+0.985 fid:4=+0.835 fid:5=+0.052 b0=+0.725 b1=+0.122 b2=+0.016 b3=+0.003]
step 106550  ce 2.514  loss 2.806  holds 150912  132,689 tok/s  [fid:3=+0.986 fid:4=+0.836 fid:5=+0.052 b0=+0.688 b1=+0.172 b2=+0.024 b3=+0.003]
step 106600  ce 2.811  loss 3.019  holds 151744  132,676 tok/s  [fid:3=+0.986 fid:4=+0.837 fid:5=+0.052 b0=+0.682 b1=+0.155 b2=+0.019 b3=+0.003]
step 106650  ce 2.515  loss 2.721  holds 152544  132,651 tok/s  [fid:3=+0.986 fid:4=+0.837 fid:5=+0.052 b0=+0.708 b1=+0.106 b2=+0.009 b3=+0.003]
step 106700  ce 2.944  loss 2.910  holds 153344  132,621 tok/s  [fid:3=+0.985 fid:4=+0.838 fid:5=+0.052 b0=+0.779 b1=+0.179 b2=+0.012 b3=+0.003]
step 106750  ce 2.521  loss 2.686  holds 154144  132,608 tok/s  [fid:3=+0.986 fid:4=+0.839 fid:5=+0.052 b0=+0.754 b1=+0.201 b2=+0.024 b3=+0.003]
step 106800  ce 2.521  loss 2.567  holds 154976  132,579 tok/s  [fid:3=+0.985 fid:4=+0.839 fid:5=+0.052 b0=+0.735 b1=+0.146 b2=+0.012 b3=+0.003]
step 106850  ce 2.686  loss 3.121  holds 155808  132,564 tok/s  [fid:3=+0.985 fid:4=+0.839 fid:5=+0.052 b0=+0.695 b1=+0.191 b2=+0.013 b3=+0.003]
step 106900  ce 2.741  loss 2.862  holds 156608  132,532 tok/s  [fid:3=+0.985 fid:4=+0.838 fid:5=+0.052 b0=+0.731 b1=+0.200 b2=+0.006 b3=+0.003]
step 106950  ce 2.665  loss 2.667  holds 157408  132,501 tok/s  [fid:3=+0.985 fid:4=+0.839 fid:5=+0.052 b0=+0.652 b1=+0.128 b2=+0.023 b3=+0.003]
step 107000  ce 2.721  loss 2.926  holds 158208  132,487 tok/s  [fid:3=+0.985 fid:4=+0.838 fid:5=+0.052 b0=+0.719 b1=+0.101 b2=+0.010 b3=+0.003]
step 107050  ce 2.843  loss 2.670  holds 159040  132,454 tok/s  [fid:3=+0.985 fid:4=+0.837 fid:5=+0.052 b0=+0.727 b1=+0.095 b2=+0.062 b3=+0.003]
step 107100  ce 2.714  loss 2.997  holds 159872  132,439 tok/s  [fid:3=+0.984 fid:4=+0.837 fid:5=+0.052 b0=+0.736 b1=+0.075 b2=+0.008 b3=+0.003]
step 107150  ce 2.780  loss 2.864  holds 160672  132,408 tok/s  [fid:3=+0.985 fid:4=+0.837 fid:5=+0.052 b0=+0.717 b1=+0.129 b2=+0.018 b3=+0.003]
step 107200  ce 2.334  loss 2.646  holds 161472  132,374 tok/s  [fid:3=+0.985 fid:4=+0.837 fid:5=+0.052 b0=+0.775 b1=+0.188 b2=+0.013 b3=+0.003]
step 107250  ce 2.775  loss 2.873  holds 162272  132,362 tok/s  [fid:3=+0.985 fid:4=+0.837 fid:5=+0.052 b0=+0.677 b1=+0.106 b2=+0.013 b3=+0.003]
step 107300  ce 2.893  loss 2.932  holds 163104  132,329 tok/s  [fid:3=+0.986 fid:4=+0.837 fid:5=+0.052 b0=+0.705 b1=+0.072 b2=+0.004 b3=+0.003]
step 107350  ce 2.758  loss 2.759  holds 163936  132,295 tok/s  [fid:3=+0.985 fid:4=+0.837 fid:5=+0.052 b0=+0.751 b1=+0.100 b2=+0.023 b3=+0.003]
step 107400  ce 2.740  loss 2.896  holds 164736  132,276 tok/s  [fid:3=+0.986 fid:4=+0.838 fid:5=+0.052 b0=+0.726 b1=+0.144 b2=+0.004 b3=+0.003]
step 107450  ce 2.748  loss 2.912  holds 165536  132,248 tok/s  [fid:3=+0.985 fid:4=+0.838 fid:5=+0.052 b0=+0.673 b1=+0.098 b2=+0.036 b3=+0.003]
step 107500  ce 2.769  loss 2.591  holds 166336  132,232 tok/s  [fid:3=+0.984 fid:4=+0.838 fid:5=+0.052 b0=+0.714 b1=+0.132 b2=+0.011 b3=+0.003]
step 107550  ce 2.721  loss 2.803  holds 167168  132,204 tok/s  [fid:3=+0.985 fid:4=+0.839 fid:5=+0.052 b0=+0.630 b1=+0.086 b2=+0.007 b3=+0.003]
step 107600  ce 2.569  loss 2.687  holds 168000  132,171 tok/s  [fid:3=+0.985 fid:4=+0.839 fid:5=+0.052 b0=+0.673 b1=+0.106 b2=+0.009 b3=+0.003]
step 107650  ce 2.646  loss 2.821  holds 168800  132,163 tok/s  [fid:3=+0.985 fid:4=+0.838 fid:5=+0.052 b0=+0.619 b1=+0.077 b2=+0.011 b3=+0.003]
step 107700  ce 2.561  loss 2.562  holds 169600  132,132 tok/s  [fid:3=+0.984 fid:4=+0.838 fid:5=+0.052 b0=+0.741 b1=+0.210 b2=+0.025 b3=+0.003]
step 107750  ce 2.739  loss 2.740  holds 170400  132,116 tok/s  [fid:3=+0.985 fid:4=+0.839 fid:5=+0.052 b0=+0.695 b1=+0.173 b2=+0.037 b3=+0.003]
step 107800  ce 2.614  loss 2.528  holds 171232  132,088 tok/s  [fid:3=+0.985 fid:4=+0.840 fid:5=+0.052 b0=+0.665 b1=+0.125 b2=+0.029 b3=+0.003]
step 107850  ce 2.654  loss 2.788  holds 172064  132,058 tok/s  [fid:3=+0.985 fid:4=+0.839 fid:5=+0.052 b0=+0.692 b1=+0.149 b2=+0.008 b3=+0.003]
step 107900  ce 2.899  loss 2.887  holds 172864  132,045 tok/s  [fid:3=+0.984 fid:4=+0.840 fid:5=+0.052 b0=+0.668 b1=+0.150 b2=+0.005 b3=+0.003]
step 107950  ce 2.721  loss 2.831  holds 173664  132,018 tok/s  [fid:3=+0.985 fid:4=+0.840 fid:5=+0.052 b0=+0.703 b1=+0.132 b2=+0.011 b3=+0.003]
step 108000  ce 2.840  loss 3.060  holds 174464  132,003 tok/s  [fid:3=+0.985 fid:4=+0.840 fid:5=+0.052 b0=+0.710 b1=+0.094 b2=+0.008 b3=+0.003]
    holdout(cum): {'cross': [0.06, 0.06, 146], 'same': [0.492, 0.62, 78], 'straddle': [0.094, 0.09, 54]}
step 108050  ce 2.773  loss 3.164  holds 175296  131,971 tok/s  [fid:3=+0.986 fid:4=+0.840 fid:5=+0.052 b0=+0.721 b1=+0.129 b2=+0.006 b3=+0.003]
step 108100  ce 2.630  loss 2.829  holds 176128  131,940 tok/s  [fid:3=+0.986 fid:4=+0.839 fid:5=+0.052 b0=+0.709 b1=+0.141 b2=+0.014 b3=+0.003]
step 108150  ce 2.809  loss 2.811  holds 176928  131,925 tok/s  [fid:3=+0.986 fid:4=+0.839 fid:5=+0.052 b0=+0.741 b1=+0.136 b2=+0.011 b3=+0.003]
step 108200  ce 2.887  loss 2.839  holds 177600  131,892 tok/s  [fid:3=+0.984 fid:4=+0.840 fid:5=+0.052 b0=+0.762 b1=+0.202 b2=+0.011 b3=+0.003]
step 108250  ce 2.679  loss 2.682  holds 177984  131,868 tok/s  [fid:3=+0.984 fid:4=+0.839 fid:5=+0.052 b0=+0.676 b1=+0.104 b2=+0.005 b3=+0.003]
step 108300  ce 2.878  loss 2.891  holds 178432  131,864 tok/s  [fid:3=+0.985 fid:4=+0.839 fid:5=+0.052 b0=+0.788 b1=+0.156 b2=+0.029 b3=+0.003]
step 108350  ce 2.866  loss 2.867  holds 178528  131,854 tok/s  [fid:3=+0.985 fid:4=+0.839 fid:5=+0.052 b0=+0.751 b1=+0.069 b2=+0.003 b3=+0.003]
step 108400  ce 2.723  loss 2.732  holds 178560  131,868 tok/s  [fid:3=+0.986 fid:4=+0.839 fid:5=+0.052 b0=+0.734 b1=+0.075 b2=+0.003 b3=+0.003]
step 108450  ce 2.696  loss 2.697  holds 178560  131,862 tok/s  [fid:3=+0.986 fid:4=+0.839 fid:5=+0.052 b0=+0.720 b1=+0.094 b2=+0.003 b3=+0.003]
step 108500  ce 2.527  loss 2.529  holds 178560  131,857 tok/s  [fid:3=+0.986 fid:4=+0.838 fid:5=+0.052 b0=+0.672 b1=+0.062 b2=+0.006 b3=+0.003]
step 108550  ce 2.716  loss 2.717  holds 178592  131,871 tok/s  [fid:3=+0.985 fid:4=+0.838 fid:5=+0.052 b0=+0.715 b1=+0.092 b2=+0.003 b3=+0.003]
step 108600  ce 2.623  loss 2.631  holds 178592  131,864 tok/s  [fid:3=+0.985 fid:4=+0.839 fid:5=+0.052 b0=+0.712 b1=+0.084 b2=+0.003 b3=+0.003]
step 108650  ce 2.700  loss 2.701  holds 178624  131,878 tok/s  [fid:3=+0.986 fid:4=+0.839 fid:5=+0.052 b0=+0.666 b1=+0.155 b2=+0.007 b3=+0.003]
step 108700  ce 2.610  loss 2.612  holds 178624  131,872 tok/s  [fid:3=+0.984 fid:4=+0.839 fid:5=+0.052 b0=+0.654 b1=+0.182 b2=+0.003 b3=+0.003]
step 108750  ce 2.622  loss 2.623  holds 178624  131,867 tok/s  [fid:3=+0.985 fid:4=+0.838 fid:5=+0.052 b0=+0.696 b1=+0.105 b2=+0.003 b3=+0.003]
step 108800  ce 2.698  loss 2.736  holds 178624  131,882 tok/s  [fid:3=+0.985 fid:4=+0.837 fid:5=+0.052 b0=+0.683 b1=+0.089 b2=+0.001 b3=+0.003]
step 108850  ce 2.682  loss 2.683  holds 178656  131,876 tok/s  [fid:3=+0.985 fid:4=+0.837 fid:5=+0.052 b0=+0.691 b1=+0.069 b2=+0.001 b3=+0.003]
step 108900  ce 2.725  loss 2.726  holds 178688  131,870 tok/s  [fid:3=+0.985 fid:4=+0.837 fid:5=+0.052 b0=+0.677 b1=+0.111 b2=+0.005 b3=+0.003]
step 108950  ce 2.695  loss 2.696  holds 178688  131,886 tok/s  [fid:3=+0.984 fid:4=+0.837 fid:5=+0.052 b0=+0.758 b1=+0.106 b2=+0.003 b3=+0.003]
step 109000  ce 2.878  loss 2.885  holds 178688  131,880 tok/s  [fid:3=+0.984 fid:4=+0.837 fid:5=+0.052 b0=+0.644 b1=+0.069 b2=+0.006 b3=+0.003]
step 109050  ce 2.696  loss 2.697  holds 178688  131,895 tok/s  [fid:3=+0.986 fid:4=+0.838 fid:5=+0.052 b0=+0.725 b1=+0.043 b2=+0.001 b3=+0.003]
step 109100  ce 2.450  loss 2.452  holds 178720  131,891 tok/s  [fid:3=+0.986 fid:4=+0.839 fid:5=+0.052 b0=+0.705 b1=+0.053 b2=+0.001 b3=+0.003]
step 109150  ce 2.705  loss 2.706  holds 178752  131,885 tok/s  [fid:3=+0.983 fid:4=+0.838 fid:5=+0.052 b0=+0.680 b1=+0.045 b2=+0.002 b3=+0.003]
step 109200  ce 2.697  loss 2.705  holds 178752  131,899 tok/s  [fid:3=+0.983 fid:4=+0.839 fid:5=+0.052 b0=+0.713 b1=+0.115 b2=+0.002 b3=+0.003]
step 109250  ce 2.713  loss 2.714  holds 178752  131,893 tok/s  [fid:3=+0.986 fid:4=+0.840 fid:5=+0.052 b0=+0.635 b1=+0.054 b2=+0.003 b3=+0.002]
step 109300  ce 2.935  loss 2.937  holds 178752  131,908 tok/s  [fid:3=+0.985 fid:4=+0.840 fid:5=+0.052 b0=+0.665 b1=+0.047 b2=+0.004 b3=+0.002]
step 109350  ce 2.930  loss 2.933  holds 178784  131,901 tok/s  [fid:3=+0.983 fid:4=+0.840 fid:5=+0.052 b0=+0.622 b1=+0.079 b2=+0.004 b3=+0.002]
step 109400  ce 2.279  loss 2.288  holds 178816  131,894 tok/s  [fid:3=+0.985 fid:4=+0.840 fid:5=+0.052 b0=+0.640 b1=+0.138 b2=+0.003 b3=+0.002]
step 109450  ce 2.679  loss 2.681  holds 178816  131,908 tok/s  [fid:3=+0.985 fid:4=+0.840 fid:5=+0.052 b0=+0.685 b1=+0.088 b2=+0.004 b3=+0.002]
step 109500  ce 2.765  loss 2.768  holds 178816  131,901 tok/s  [fid:3=+0.986 fid:4=+0.841 fid:5=+0.052 b0=+0.711 b1=+0.090 b2=+0.002 b3=+0.002]
step 109550  ce 2.608  loss 2.609  holds 178816  131,914 tok/s  [fid:3=+0.985 fid:4=+0.842 fid:5=+0.052 b0=+0.717 b1=+0.061 b2=+0.002 b3=+0.002]
step 109600  ce 2.872  loss 2.881  holds 178848  131,907 tok/s  [fid:3=+0.985 fid:4=+0.841 fid:5=+0.052 b0=+0.761 b1=+0.059 b2=+0.002 b3=+0.002]
step 109650  ce 2.912  loss 2.913  holds 178880  131,902 tok/s  [fid:3=+0.985 fid:4=+0.841 fid:5=+0.052 b0=+0.684 b1=+0.076 b2=+0.002 b3=+0.002]
step 109700  ce 2.704  loss 2.706  holds 178880  131,916 tok/s  [fid:3=+0.984 fid:4=+0.842 fid:5=+0.052 b0=+0.682 b1=+0.073 b2=+0.005 b3=+0.002]
step 109750  ce 2.828  loss 2.829  holds 178880  131,912 tok/s  [fid:3=+0.985 fid:4=+0.842 fid:5=+0.052 b0=+0.715 b1=+0.084 b2=+0.002 b3=+0.002]
step 109800  ce 2.820  loss 2.828  holds 178880  131,926 tok/s  [fid:3=+0.985 fid:4=+0.841 fid:5=+0.052 b0=+0.770 b1=+0.087 b2=+0.003 b3=+0.002]
step 109850  ce 2.870  loss 2.873  holds 178912  131,922 tok/s  [fid:3=+0.984 fid:4=+0.841 fid:5=+0.052 b0=+0.718 b1=+0.046 b2=+0.002 b3=+0.002]
step 109900  ce 2.673  loss 2.677  holds 178944  131,917 tok/s  [fid:3=+0.984 fid:4=+0.841 fid:5=+0.052 b0=+0.776 b1=+0.049 b2=+0.002 b3=+0.002]
step 109950  ce 2.739  loss 2.741  holds 178944  131,931 tok/s  [fid:3=+0.984 fid:4=+0.840 fid:5=+0.052 b0=+0.799 b1=+0.059 b2=+0.003 b3=+0.002]
step 110000  ce 2.881  loss 2.890  holds 178944  131,923 tok/s  [fid:3=+0.985 fid:4=+0.840 fid:5=+0.052 b0=+0.682 b1=+0.094 b2=+0.002 b3=+0.002]
    holdout(cum): {'cross': [0.06, 0.06, 149], 'same': [0.491, 0.61, 80], 'straddle': [0.094, 0.09, 54]}
step 110050  ce 2.756  loss 2.758  holds 178944  131,913 tok/s  [fid:3=+0.985 fid:4=+0.839 fid:5=+0.052 b0=+0.734 b1=+0.084 b2=+0.004 b3=+0.002]
step 110100  ce 2.624  loss 2.626  holds 178976  131,928 tok/s  [fid:3=+0.985 fid:4=+0.839 fid:5=+0.052 b0=+0.736 b1=+0.061 b2=+0.006 b3=+0.002]
step 110150  ce 2.859  loss 2.860  holds 179008  131,921 tok/s  [fid:3=+0.984 fid:4=+0.839 fid:5=+0.052 b0=+0.798 b1=+0.020 b2=+0.002 b3=+0.002]
step 110200  ce 2.907  loss 2.916  holds 179008  131,936 tok/s  [fid:3=+0.985 fid:4=+0.840 fid:5=+0.052 b0=+0.741 b1=+0.017 b2=+0.001 b3=+0.002]
step 110250  ce 3.015  loss 3.016  holds 179008  131,931 tok/s  [fid:3=+0.985 fid:4=+0.840 fid:5=+0.052 b0=+0.703 b1=+0.119 b2=+0.003 b3=+0.003]
step 110300  ce 2.548  loss 2.550  holds 179008  131,926 tok/s  [fid:3=+0.985 fid:4=+0.841 fid:5=+0.052 b0=+0.708 b1=+0.076 b2=+0.004 b3=+0.003]
step 110350  ce 2.830  loss 2.832  holds 179040  131,941 tok/s  [fid:3=+0.985 fid:4=+0.840 fid:5=+0.052 b0=+0.634 b1=+0.144 b2=+0.002 b3=+0.003]
step 110400  ce 2.787  loss 2.824  holds 179072  131,934 tok/s  [fid:3=+0.983 fid:4=+0.840 fid:5=+0.052 b0=+0.668 b1=+0.115 b2=+0.003 b3=+0.003]
step 110450  ce 2.671  loss 2.672  holds 179072  131,949 tok/s  [fid:3=+0.985 fid:4=+0.840 fid:5=+0.052 b0=+0.736 b1=+0.067 b2=+0.002 b3=+0.003]
step 110500  ce 2.648  loss 2.651  holds 179072  131,945 tok/s  [fid:3=+0.984 fid:4=+0.840 fid:5=+0.052 b0=+0.738 b1=+0.075 b2=+0.004 b3=+0.003]
step 110550  ce 2.687  loss 2.689  holds 179072  131,937 tok/s  [fid:3=+0.985 fid:4=+0.840 fid:5=+0.052 b0=+0.671 b1=+0.058 b2=+0.003 b3=+0.003]
step 110600  ce 2.887  loss 2.897  holds 179104  131,952 tok/s  [fid:3=+0.985 fid:4=+0.839 fid:5=+0.052 b0=+0.822 b1=+0.044 b2=+0.001 b3=+0.003]
step 110650  ce 2.861  loss 2.862  holds 179104  131,945 tok/s  [fid:3=+0.984 fid:4=+0.840 fid:5=+0.052 b0=+0.678 b1=+0.017 b2=+0.002 b3=+0.003]
step 110700  ce 2.942  loss 2.943  holds 179136  131,959 tok/s  [fid:3=+0.984 fid:4=+0.838 fid:5=+0.052 b0=+0.798 b1=+0.061 b2=+0.004 b3=+0.002]
step 110750  ce 2.401  loss 2.402  holds 179136  131,953 tok/s  [fid:3=+0.985 fid:4=+0.839 fid:5=+0.052 b0=+0.783 b1=+0.133 b2=+0.002 b3=+0.002]
step 110800  ce 2.720  loss 2.729  holds 179136  131,949 tok/s  [fid:3=+0.985 fid:4=+0.839 fid:5=+0.052 b0=+0.656 b1=+0.095 b2=+0.003 b3=+0.002]
step 110850  ce 2.723  loss 2.724  holds 179168  131,963 tok/s  [fid:3=+0.985 fid:4=+0.839 fid:5=+0.052 b0=+0.794 b1=+0.067 b2=+0.002 b3=+0.002]
step 110900  ce 2.539  loss 2.540  holds 179168  131,958 tok/s  [fid:3=+0.986 fid:4=+0.840 fid:5=+0.052 b0=+0.760 b1=+0.083 b2=+0.002 b3=+0.002]
step 110950  ce 2.697  loss 2.698  holds 179200  131,972 tok/s  [fid:3=+0.984 fid:4=+0.840 fid:5=+0.052 b0=+0.712 b1=+0.043 b2=+0.001 b3=+0.002]
step 111000  ce 2.713  loss 2.723  holds 179200  131,967 tok/s  [fid:3=+0.985 fid:4=+0.839 fid:5=+0.052 b0=+0.675 b1=+0.094 b2=+0.003 b3=+0.002]
step 111050  ce 2.812  loss 2.813  holds 179200  131,959 tok/s  [fid:3=+0.985 fid:4=+0.838 fid:5=+0.052 b0=+0.735 b1=+0.071 b2=+0.002 b3=+0.002]
step 111100  ce 2.762  loss 2.763  holds 179200  131,974 tok/s  [fid:3=+0.986 fid:4=+0.839 fid:5=+0.052 b0=+0.671 b1=+0.093 b2=+0.002 b3=+0.002]
step 111150  ce 2.877  loss 2.879  holds 179232  131,968 tok/s  [fid:3=+0.986 fid:4=+0.839 fid:5=+0.052 b0=+0.644 b1=+0.071 b2=+0.001 b3=+0.002]
step 111200  ce 2.681  loss 2.689  holds 179264  131,982 tok/s  [fid:3=+0.986 fid:4=+0.840 fid:5=+0.052 b0=+0.681 b1=+0.048 b2=+0.002 b3=+0.002]
step 111250  ce 2.439  loss 2.440  holds 179264  131,975 tok/s  [fid:3=+0.985 fid:4=+0.839 fid:5=+0.052 b0=+0.731 b1=+0.107 b2=+0.002 b3=+0.002]
step 111300  ce 2.676  loss 2.678  holds 179264  131,969 tok/s  [fid:3=+0.984 fid:4=+0.839 fid:5=+0.052 b0=+0.751 b1=+0.025 b2=+0.002 b3=+0.002]
step 111350  ce 2.684  loss 2.686  holds 179264  131,983 tok/s  [fid:3=+0.985 fid:4=+0.838 fid:5=+0.052 b0=+0.768 b1=+0.050 b2=+0.002 b3=+0.002]
step 111400  ce 2.637  loss 2.645  holds 179296  131,978 tok/s  [fid:3=+0.986 fid:4=+0.838 fid:5=+0.052 b0=+0.811 b1=+0.084 b2=+0.001 b3=+0.002]
step 111450  ce 2.609  loss 2.610  holds 179328  131,974 tok/s  [fid:3=+0.986 fid:4=+0.838 fid:5=+0.052 b0=+0.748 b1=+0.074 b2=+0.006 b3=+0.002]
step 111500  ce 2.666  loss 2.667  holds 179328  131,987 tok/s  [fid:3=+0.985 fid:4=+0.838 fid:5=+0.052 b0=+0.770 b1=+0.091 b2=+0.002 b3=+0.003]
step 111550  ce 2.850  loss 2.854  holds 179328  131,980 tok/s  [fid:3=+0.983 fid:4=+0.837 fid:5=+0.052 b0=+0.726 b1=+0.097 b2=+0.001 b3=+0.003]
step 111600  ce 2.614  loss 2.623  holds 179328  131,995 tok/s  [fid:3=+0.984 fid:4=+0.838 fid:5=+0.052 b0=+0.636 b1=+0.106 b2=+0.002 b3=+0.003]
step 111650  ce 2.657  loss 2.659  holds 179360  131,989 tok/s  [fid:3=+0.986 fid:4=+0.838 fid:5=+0.052 b0=+0.670 b1=+0.030 b2=+0.005 b3=+0.003]
step 111700  ce 2.612  loss 2.613  holds 179392  131,983 tok/s  [fid:3=+0.985 fid:4=+0.839 fid:5=+0.052 b0=+0.675 b1=+0.032 b2=+0.003 b3=+0.003]
step 111750  ce 2.649  loss 2.651  holds 179392  131,999 tok/s  [fid:3=+0.985 fid:4=+0.839 fid:5=+0.052 b0=+0.734 b1=+0.030 b2=+0.004 b3=+0.003]
step 111800  ce 2.479  loss 2.488  holds 179392  131,992 tok/s  [fid:3=+0.985 fid:4=+0.838 fid:5=+0.052 b0=+0.664 b1=+0.072 b2=+0.004 b3=+0.003]
step 111850  ce 2.667  loss 2.669  holds 179392  132,007 tok/s  [fid:3=+0.985 fid:4=+0.839 fid:5=+0.052 b0=+0.747 b1=+0.072 b2=+0.003 b3=+0.003]
step 111900  ce 2.633  loss 2.634  holds 179424  132,001 tok/s  [fid:3=+0.986 fid:4=+0.839 fid:5=+0.052 b0=+0.708 b1=+0.130 b2=+0.002 b3=+0.003]
step 111950  ce 2.668  loss 2.669  holds 179456  131,997 tok/s  [fid:3=+0.986 fid:4=+0.839 fid:5=+0.052 b0=+0.721 b1=+0.141 b2=+0.004 b3=+0.003]
step 112000  ce 2.746  loss 2.783  holds 179456  132,011 tok/s  [fid:3=+0.986 fid:4=+0.840 fid:5=+0.052 b0=+0.761 b1=+0.036 b2=+0.003 b3=+0.003]
    holdout(cum): {'cross': [0.06, 0.06, 151], 'same': [0.502, 0.62, 82], 'straddle': [0.093, 0.09, 55]}
step 112050  ce 2.798  loss 2.801  holds 179456  132,001 tok/s  [fid:3=+0.985 fid:4=+0.840 fid:5=+0.052 b0=+0.670 b1=+0.113 b2=+0.002 b3=+0.003]
step 112100  ce 2.857  loss 2.859  holds 179456  131,995 tok/s  [fid:3=+0.985 fid:4=+0.839 fid:5=+0.052 b0=+0.797 b1=+0.103 b2=+0.004 b3=+0.003]
step 112150  ce 2.857  loss 2.858  holds 179488  132,010 tok/s  [fid:3=+0.985 fid:4=+0.839 fid:5=+0.052 b0=+0.737 b1=+0.093 b2=+0.002 b3=+0.003]
step 112200  ce 2.533  loss 2.542  holds 179520  132,005 tok/s  [fid:3=+0.984 fid:4=+0.839 fid:5=+0.052 b0=+0.765 b1=+0.065 b2=+0.003 b3=+0.003]
step 112250  ce 2.854  loss 2.855  holds 179520  132,021 tok/s  [fid:3=+0.985 fid:4=+0.839 fid:5=+0.052 b0=+0.777 b1=+0.106 b2=+0.003 b3=+0.003]
step 112300  ce 2.686  loss 2.687  holds 179520  132,015 tok/s  [fid:3=+0.986 fid:4=+0.839 fid:5=+0.052 b0=+0.724 b1=+0.088 b2=+0.004 b3=+0.003]
step 112350  ce 2.686  loss 2.690  holds 179520  132,009 tok/s  [fid:3=+0.982 fid:4=+0.840 fid:5=+0.052 b0=+0.702 b1=+0.046 b2=+0.001 b3=+0.003]
step 112400  ce 2.791  loss 2.799  holds 179552  132,024 tok/s  [fid:3=+0.985 fid:4=+0.839 fid:5=+0.052 b0=+0.692 b1=+0.067 b2=+0.002 b3=+0.003]
step 112450  ce 2.799  loss 2.800  holds 179584  132,018 tok/s  [fid:3=+0.984 fid:4=+0.839 fid:5=+0.052 b0=+0.722 b1=+0.072 b2=+0.002 b3=+0.003]
step 112500  ce 2.656  loss 2.657  holds 179584  132,033 tok/s  [fid:3=+0.985 fid:4=+0.840 fid:5=+0.052 b0=+0.661 b1=+0.047 b2=+0.002 b3=+0.003]
step 112550  ce 2.685  loss 2.686  holds 179584  132,027 tok/s  [fid:3=+0.985 fid:4=+0.841 fid:5=+0.052 b0=+0.719 b1=+0.075 b2=+0.003 b3=+0.003]
step 112600  ce 2.664  loss 2.674  holds 179584  132,021 tok/s  [fid:3=+0.985 fid:4=+0.841 fid:5=+0.052 b0=+0.685 b1=+0.068 b2=+0.003 b3=+0.003]
step 112650  ce 2.777  loss 2.778  holds 179616  132,034 tok/s  [fid:3=+0.986 fid:4=+0.842 fid:5=+0.052 b0=+0.595 b1=+0.089 b2=+0.001 b3=+0.003]
step 112700  ce 2.789  loss 2.790  holds 179616  132,029 tok/s  [fid:3=+0.985 fid:4=+0.842 fid:5=+0.052 b0=+0.671 b1=+0.104 b2=+0.002 b3=+0.003]
step 112750  ce 2.637  loss 2.638  holds 179648  132,042 tok/s  [fid:3=+0.985 fid:4=+0.842 fid:5=+0.052 b0=+0.691 b1=+0.056 b2=+0.002 b3=+0.003]
step 112800  ce 2.615  loss 2.623  holds 179648  132,035 tok/s  [fid:3=+0.985 fid:4=+0.842 fid:5=+0.052 b0=+0.652 b1=+0.041 b2=+0.003 b3=+0.003]
step 112850  ce 2.685  loss 2.687  holds 179648  132,027 tok/s  [fid:3=+0.986 fid:4=+0.842 fid:5=+0.052 b0=+0.668 b1=+0.111 b2=+0.001 b3=+0.003]
step 112900  ce 2.594  loss 2.595  holds 179680  132,041 tok/s  [fid:3=+0.985 fid:4=+0.842 fid:5=+0.052 b0=+0.775 b1=+0.112 b2=+0.004 b3=+0.003]
step 112950  ce 2.725  loss 2.727  holds 179680  132,034 tok/s  [fid:3=+0.986 fid:4=+0.841 fid:5=+0.052 b0=+0.700 b1=+0.064 b2=+0.003 b3=+0.003]
step 113000  ce 2.648  loss 2.656  holds 179712  132,028 tok/s  [fid:3=+0.985 fid:4=+0.841 fid:5=+0.052 b0=+0.647 b1=+0.108 b2=+0.004 b3=+0.003]
step 113050  ce 2.705  loss 2.707  holds 179712  132,041 tok/s  [fid:3=+0.983 fid:4=+0.841 fid:5=+0.052 b0=+0.732 b1=+0.129 b2=+0.002 b3=+0.003]
step 113100  ce 2.804  loss 2.805  holds 179712  132,036 tok/s  [fid:3=+0.985 fid:4=+0.841 fid:5=+0.052 b0=+0.643 b1=+0.082 b2=+0.001 b3=+0.003]
step 113150  ce 2.633  loss 2.635  holds 179712  132,049 tok/s  [fid:3=+0.985 fid:4=+0.842 fid:5=+0.052 b0=+0.701 b1=+0.076 b2=+0.002 b3=+0.003]
step 113200  ce 2.887  loss 2.896  holds 179744  132,045 tok/s  [fid:3=+0.986 fid:4=+0.842 fid:5=+0.052 b0=+0.660 b1=+0.086 b2=+0.002 b3=+0.003]
step 113250  ce 2.788  loss 2.790  holds 179776  132,038 tok/s  [fid:3=+0.985 fid:4=+0.843 fid:5=+0.052 b0=+0.740 b1=+0.105 b2=+0.002 b3=+0.003]
step 113300  ce 2.682  loss 2.684  holds 179776  132,052 tok/s  [fid:3=+0.985 fid:4=+0.842 fid:5=+0.052 b0=+0.664 b1=+0.130 b2=+0.003 b3=+0.003]
step 113350  ce 2.499  loss 2.500  holds 179776  132,047 tok/s  [fid:3=+0.986 fid:4=+0.843 fid:5=+0.052 b0=+0.691 b1=+0.131 b2=+0.003 b3=+0.003]
step 113400  ce 2.853  loss 2.861  holds 179776  132,061 tok/s  [fid:3=+0.985 fid:4=+0.843 fid:5=+0.052 b0=+0.711 b1=+0.128 b2=+0.003 b3=+0.003]
step 113450  ce 2.839  loss 2.840  holds 179808  132,057 tok/s  [fid:3=+0.985 fid:4=+0.844 fid:5=+0.052 b0=+0.744 b1=+0.097 b2=+0.005 b3=+0.003]
step 113500  ce 2.650  loss 2.651  holds 179840  132,051 tok/s  [fid:3=+0.986 fid:4=+0.844 fid:5=+0.052 b0=+0.708 b1=+0.079 b2=+0.002 b3=+0.003]
step 113550  ce 2.838  loss 2.839  holds 179840  132,063 tok/s  [fid:3=+0.984 fid:4=+0.843 fid:5=+0.052 b0=+0.708 b1=+0.059 b2=+0.004 b3=+0.003]
step 113600  ce 2.774  loss 2.811  holds 179840  132,056 tok/s  [fid:3=+0.986 fid:4=+0.843 fid:5=+0.052 b0=+0.684 b1=+0.095 b2=+0.003 b3=+0.003]
step 113650  ce 2.485  loss 2.486  holds 179840  132,070 tok/s  [fid:3=+0.985 fid:4=+0.843 fid:5=+0.052 b0=+0.619 b1=+0.031 b2=+0.003 b3=+0.003]
step 113700  ce 2.866  loss 2.867  holds 179872  132,065 tok/s  [fid:3=+0.985 fid:4=+0.843 fid:5=+0.052 b0=+0.730 b1=+0.087 b2=+0.004 b3=+0.003]
step 113750  ce 2.822  loss 2.826  holds 179904  132,062 tok/s  [fid:3=+0.983 fid:4=+0.842 fid:5=+0.052 b0=+0.640 b1=+0.097 b2=+0.001 b3=+0.003]
step 113800  ce 2.690  loss 2.699  holds 179904  132,076 tok/s  [fid:3=+0.983 fid:4=+0.842 fid:5=+0.052 b0=+0.670 b1=+0.081 b2=+0.003 b3=+0.003]
step 113850  ce 2.563  loss 2.564  holds 179904  132,071 tok/s  [fid:3=+0.985 fid:4=+0.842 fid:5=+0.052 b0=+0.633 b1=+0.063 b2=+0.004 b3=+0.003]
step 113900  ce 2.783  loss 2.784  holds 179904  132,066 tok/s  [fid:3=+0.986 fid:4=+0.842 fid:5=+0.052 b0=+0.622 b1=+0.085 b2=+0.003 b3=+0.003]
step 113950  ce 2.828  loss 2.830  holds 179936  132,079 tok/s  [fid:3=+0.985 fid:4=+0.841 fid:5=+0.052 b0=+0.676 b1=+0.105 b2=+0.004 b3=+0.003]
step 114000  ce 2.651  loss 2.659  holds 179968  132,075 tok/s  [fid:3=+0.984 fid:4=+0.841 fid:5=+0.052 b0=+0.722 b1=+0.108 b2=+0.003 b3=+0.003]
    holdout(cum): {'cross': [0.058, 0.06, 155], 'same': [0.506, 0.63, 83], 'straddle': [0.093, 0.09, 55]}
step 114050  ce 2.556  loss 2.559  holds 179968  132,087 tok/s  [fid:3=+0.984 fid:4=+0.842 fid:5=+0.052 b0=+0.748 b1=+0.096 b2=+0.004 b3=+0.003]
step 114100  ce 2.679  loss 2.680  holds 179968  132,081 tok/s  [fid:3=+0.985 fid:4=+0.842 fid:5=+0.052 b0=+0.738 b1=+0.082 b2=+0.004 b3=+0.003]
step 114150  ce 2.506  loss 2.507  holds 179968  132,075 tok/s  [fid:3=+0.985 fid:4=+0.843 fid:5=+0.052 b0=+0.657 b1=+0.041 b2=+0.003 b3=+0.003]
step 114200  ce 2.647  loss 2.656  holds 180000  132,088 tok/s  [fid:3=+0.984 fid:4=+0.842 fid:5=+0.052 b0=+0.676 b1=+0.062 b2=+0.003 b3=+0.003]
step 114250  ce 2.550  loss 2.551  holds 180032  132,081 tok/s  [fid:3=+0.983 fid:4=+0.842 fid:5=+0.052 b0=+0.648 b1=+0.039 b2=+0.003 b3=+0.003]
step 114300  ce 2.833  loss 2.835  holds 180032  132,095 tok/s  [fid:3=+0.984 fid:4=+0.842 fid:5=+0.052 b0=+0.722 b1=+0.075 b2=+0.003 b3=+0.003]
step 114350  ce 2.797  loss 2.798  holds 180032  132,088 tok/s  [fid:3=+0.985 fid:4=+0.843 fid:5=+0.052 b0=+0.684 b1=+0.067 b2=+0.004 b3=+0.003]
step 114400  ce 2.850  loss 2.859  holds 180032  132,081 tok/s  [fid:3=+0.985 fid:4=+0.843 fid:5=+0.052 b0=+0.732 b1=+0.069 b2=+0.003 b3=+0.003]
step 114450  ce 2.804  loss 2.806  holds 180064  132,094 tok/s  [fid:3=+0.985 fid:4=+0.844 fid:5=+0.052 b0=+0.684 b1=+0.089 b2=+0.003 b3=+0.003]
step 114500  ce 2.770  loss 2.771  holds 180096  132,087 tok/s  [fid:3=+0.985 fid:4=+0.843 fid:5=+0.052 b0=+0.758 b1=+0.076 b2=+0.002 b3=+0.003]
step 114550  ce 2.565  loss 2.566  holds 180096  132,099 tok/s  [fid:3=+0.983 fid:4=+0.844 fid:5=+0.052 b0=+0.701 b1=+0.092 b2=+0.003 b3=+0.003]
step 114600  ce 2.775  loss 2.785  holds 180096  132,094 tok/s  [fid:3=+0.980 fid:4=+0.844 fid:5=+0.052 b0=+0.571 b1=+0.037 b2=+0.003 b3=+0.002]
step 114650  ce 2.491  loss 2.492  holds 180096  132,088 tok/s  [fid:3=+0.983 fid:4=+0.844 fid:5=+0.052 b0=+0.755 b1=+0.084 b2=+0.004 b3=+0.002]
step 114700  ce 2.713  loss 2.714  holds 180128  132,102 tok/s  [fid:3=+0.985 fid:4=+0.844 fid:5=+0.052 b0=+0.706 b1=+0.052 b2=+0.003 b3=+0.002]
step 114750  ce 2.596  loss 2.597  holds 180128  132,095 tok/s  [fid:3=+0.985 fid:4=+0.844 fid:5=+0.052 b0=+0.686 b1=+0.088 b2=+0.002 b3=+0.002]
step 114800  ce 2.841  loss 2.850  holds 180160  132,088 tok/s  [fid:3=+0.986 fid:4=+0.845 fid:5=+0.052 b0=+0.682 b1=+0.069 b2=+0.003 b3=+0.004]
step 114850  ce 2.798  loss 2.799  holds 180160  132,102 tok/s  [fid:3=+0.986 fid:4=+0.844 fid:5=+0.052 b0=+0.639 b1=+0.083 b2=+0.002 b3=+0.004]
step 114900  ce 2.701  loss 2.704  holds 180160  132,098 tok/s  [fid:3=+0.985 fid:4=+0.843 fid:5=+0.052 b0=+0.740 b1=+0.135 b2=+0.002 b3=+0.004]
step 114950  ce 2.514  loss 2.516  holds 180192  132,112 tok/s  [fid:3=+0.984 fid:4=+0.843 fid:5=+0.052 b0=+0.612 b1=+0.063 b2=+0.001 b3=+0.004]
step 115000  ce 2.540  loss 2.549  holds 180192  132,105 tok/s  [fid:3=+0.985 fid:4=+0.844 fid:5=+0.052 b0=+0.739 b1=+0.135 b2=+0.002 b3=+0.004]
step 115050  ce 2.658  loss 2.659  holds 180224  132,098 tok/s  [fid:3=+0.984 fid:4=+0.843 fid:5=+0.052 b0=+0.658 b1=+0.079 b2=+0.002 b3=+0.004]
step 115100  ce 2.831  loss 2.832  holds 180224  132,111 tok/s  [fid:3=+0.983 fid:4=+0.843 fid:5=+0.052 b0=+0.734 b1=+0.084 b2=+0.003 b3=+0.004]
step 115150  ce 2.567  loss 2.568  holds 180224  132,104 tok/s  [fid:3=+0.985 fid:4=+0.842 fid:5=+0.052 b0=+0.782 b1=+0.063 b2=+0.004 b3=+0.004]
step 115200  ce 2.591  loss 2.628  holds 180224  132,118 tok/s  [fid:3=+0.985 fid:4=+0.842 fid:5=+0.052 b0=+0.735 b1=+0.027 b2=+0.005 b3=+0.004]
step 115250  ce 2.462  loss 2.464  holds 180256  132,112 tok/s  [fid:3=+0.986 fid:4=+0.843 fid:5=+0.052 b0=+0.693 b1=+0.038 b2=+0.005 b3=+0.004]
step 115300  ce 2.653  loss 2.654  holds 180288  132,105 tok/s  [fid:3=+0.986 fid:4=+0.844 fid:5=+0.052 b0=+0.721 b1=+0.031 b2=+0.002 b3=+0.004]
step 115350  ce 2.519  loss 2.523  holds 180288  132,119 tok/s  [fid:3=+0.980 fid:4=+0.842 fid:5=+0.052 b0=+0.663 b1=+0.144 b2=+0.002 b3=+0.003]
step 115400  ce 2.680  loss 2.690  holds 180288  132,112 tok/s  [fid:3=+0.984 fid:4=+0.842 fid:5=+0.052 b0=+0.738 b1=+0.100 b2=+0.003 b3=+0.003]
step 115450  ce 2.578  loss 2.579  holds 180288  132,125 tok/s  [fid:3=+0.985 fid:4=+0.842 fid:5=+0.052 b0=+0.732 b1=+0.064 b2=+0.003 b3=+0.003]
step 115500  ce 2.618  loss 2.619  holds 180320  132,120 tok/s  [fid:3=+0.984 fid:4=+0.842 fid:5=+0.052 b0=+0.574 b1=+0.069 b2=+0.002 b3=+0.003]
step 115550  ce 2.547  loss 2.548  holds 180352  132,115 tok/s  [fid:3=+0.984 fid:4=+0.842 fid:5=+0.052 b0=+0.671 b1=+0.086 b2=+0.001 b3=+0.003]
step 115600  ce 2.640  loss 2.648  holds 180352  132,128 tok/s  [fid:3=+0.985 fid:4=+0.842 fid:5=+0.052 b0=+0.652 b1=+0.086 b2=+0.006 b3=+0.003]
step 115650  ce 2.742  loss 2.744  holds 180352  132,121 tok/s  [fid:3=+0.986 fid:4=+0.842 fid:5=+0.052 b0=+0.762 b1=+0.097 b2=+0.002 b3=+0.003]
step 115700  ce 3.036  loss 3.037  holds 180352  132,118 tok/s  [fid:3=+0.986 fid:4=+0.843 fid:5=+0.052 b0=+0.704 b1=+0.080 b2=+0.002 b3=+0.003]
step 115750  ce 2.515  loss 2.516  holds 180384  132,133 tok/s  [fid:3=+0.986 fid:4=+0.843 fid:5=+0.052 b0=+0.706 b1=+0.086 b2=+0.002 b3=+0.003]
step 115800  ce 2.883  loss 2.892  holds 180416  132,126 tok/s  [fid:3=+0.984 fid:4=+0.843 fid:5=+0.052 b0=+0.715 b1=+0.089 b2=+0.005 b3=+0.003]
step 115850  ce 2.840  loss 2.841  holds 180416  132,141 tok/s  [fid:3=+0.985 fid:4=+0.842 fid:5=+0.052 b0=+0.685 b1=+0.110 b2=+0.006 b3=+0.003]
step 115900  ce 2.692  loss 2.693  holds 180416  132,134 tok/s  [fid:3=+0.986 fid:4=+0.842 fid:5=+0.052 b0=+0.668 b1=+0.085 b2=+0.002 b3=+0.003]
step 115950  ce 2.846  loss 2.847  holds 180416  132,127 tok/s  [fid:3=+0.985 fid:4=+0.842 fid:5=+0.052 b0=+0.629 b1=+0.078 b2=+0.002 b3=+0.003]
step 116000  ce 2.652  loss 2.660  holds 180448  132,141 tok/s  [fid:3=+0.985 fid:4=+0.843 fid:5=+0.052 b0=+0.705 b1=+0.106 b2=+0.001 b3=+0.003]
    holdout(cum): {'cross': [0.058, 0.06, 156], 'same': [0.491, 0.62, 86], 'straddle': [0.093, 0.09, 55]}
step 116050  ce 2.780  loss 2.782  holds 180480  132,134 tok/s  [fid:3=+0.986 fid:4=+0.842 fid:5=+0.052 b0=+0.666 b1=+0.091 b2=+0.004 b3=+0.003]
step 116100  ce 2.609  loss 2.610  holds 180480  132,148 tok/s  [fid:3=+0.985 fid:4=+0.843 fid:5=+0.052 b0=+0.632 b1=+0.086 b2=+0.009 b3=+0.003]
step 116150  ce 2.858  loss 2.859  holds 180480  132,142 tok/s  [fid:3=+0.980 fid:4=+0.842 fid:5=+0.052 b0=+0.697 b1=+0.106 b2=+0.004 b3=+0.003]
step 116200  ce 2.533  loss 2.541  holds 180480  132,137 tok/s  [fid:3=+0.981 fid:4=+0.843 fid:5=+0.052 b0=+0.621 b1=+0.094 b2=+0.004 b3=+0.003]
step 116250  ce 2.814  loss 2.815  holds 180512  132,151 tok/s  [fid:3=+0.984 fid:4=+0.843 fid:5=+0.052 b0=+0.687 b1=+0.111 b2=+0.004 b3=+0.003]
step 116300  ce 2.367  loss 2.369  holds 180544  132,147 tok/s  [fid:3=+0.984 fid:4=+0.843 fid:5=+0.052 b0=+0.690 b1=+0.100 b2=+0.003 b3=+0.003]
step 116350  ce 2.690  loss 2.691  holds 180544  132,142 tok/s  [fid:3=+0.984 fid:4=+0.843 fid:5=+0.052 b0=+0.738 b1=+0.108 b2=+0.002 b3=+0.003]
step 116400  ce 2.571  loss 2.579  holds 180544  132,156 tok/s  [fid:3=+0.985 fid:4=+0.844 fid:5=+0.052 b0=+0.695 b1=+0.056 b2=+0.002 b3=+0.003]
step 116450  ce 2.635  loss 2.636  holds 180544  132,151 tok/s  [fid:3=+0.984 fid:4=+0.843 fid:5=+0.052 b0=+0.661 b1=+0.089 b2=+0.002 b3=+0.003]
step 116500  ce 2.839  loss 2.840  holds 180576  132,165 tok/s  [fid:3=+0.985 fid:4=+0.843 fid:5=+0.052 b0=+0.691 b1=+0.100 b2=+0.003 b3=+0.003]
step 116550  ce 2.531  loss 2.533  holds 180608  132,159 tok/s  [fid:3=+0.984 fid:4=+0.842 fid:5=+0.052 b0=+0.649 b1=+0.055 b2=+0.003 b3=+0.003]
step 116600  ce 2.610  loss 2.622  holds 180608  132,156 tok/s  [fid:3=+0.980 fid:4=+0.840 fid:5=+0.052 b0=+0.722 b1=+0.135 b2=+0.004 b3=+0.003]
step 116650  ce 2.775  loss 2.776  holds 180608  132,170 tok/s  [fid:3=+0.982 fid:4=+0.838 fid:5=+0.052 b0=+0.738 b1=+0.123 b2=+0.002 b3=+0.003]
step 116700  ce 2.689  loss 2.690  holds 180608  132,165 tok/s  [fid:3=+0.983 fid:4=+0.838 fid:5=+0.052 b0=+0.650 b1=+0.120 b2=+0.003 b3=+0.003]
step 116750  ce 2.642  loss 2.643  holds 180640  132,178 tok/s  [fid:3=+0.984 fid:4=+0.838 fid:5=+0.052 b0=+0.619 b1=+0.093 b2=+0.002 b3=+0.003]
step 116800  ce 2.354  loss 2.392  holds 180672  132,170 tok/s  [fid:3=+0.983 fid:4=+0.838 fid:5=+0.052 b0=+0.701 b1=+0.171 b2=+0.001 b3=+0.003]
step 116850  ce 2.720  loss 2.722  holds 180672  132,163 tok/s  [fid:3=+0.984 fid:4=+0.839 fid:5=+0.052 b0=+0.670 b1=+0.067 b2=+0.004 b3=+0.003]
step 116900  ce 2.555  loss 2.557  holds 180672  132,177 tok/s  [fid:3=+0.985 fid:4=+0.839 fid:5=+0.052 b0=+0.679 b1=+0.062 b2=+0.002 b3=+0.003]
step 116950  ce 2.586  loss 2.587  holds 180672  132,170 tok/s  [fid:3=+0.985 fid:4=+0.838 fid:5=+0.052 b0=+0.716 b1=+0.064 b2=+0.004 b3=+0.003]
step 117000  ce 2.535  loss 2.544  holds 180704  132,183 tok/s  [fid:3=+0.985 fid:4=+0.838 fid:5=+0.052 b0=+0.627 b1=+0.071 b2=+0.003 b3=+0.003]
step 117050  ce 2.763  loss 2.765  holds 180704  132,175 tok/s  [fid:3=+0.985 fid:4=+0.839 fid:5=+0.052 b0=+0.695 b1=+0.041 b2=+0.002 b3=+0.003]
step 117100  ce 2.550  loss 2.552  holds 180736  132,169 tok/s  [fid:3=+0.986 fid:4=+0.840 fid:5=+0.052 b0=+0.701 b1=+0.058 b2=+0.004 b3=+0.003]
step 117150  ce 2.502  loss 2.504  holds 180736  132,182 tok/s  [fid:3=+0.985 fid:4=+0.842 fid:5=+0.052 b0=+0.635 b1=+0.058 b2=+0.005 b3=+0.003]
step 117200  ce 2.589  loss 2.597  holds 180736  132,178 tok/s  [fid:3=+0.986 fid:4=+0.842 fid:5=+0.052 b0=+0.660 b1=+0.075 b2=+0.002 b3=+0.003]
step 117250  ce 2.916  loss 2.917  holds 180768  132,192 tok/s  [fid:3=+0.986 fid:4=+0.842 fid:5=+0.052 b0=+0.673 b1=+0.018 b2=+0.001 b3=+0.003]
step 117300  ce 2.809  loss 2.810  holds 180768  132,183 tok/s  [fid:3=+0.986 fid:4=+0.842 fid:5=+0.052 b0=+0.692 b1=+0.093 b2=+0.004 b3=+0.003]
step 117350  ce 2.828  loss 2.829  holds 180800  132,176 tok/s  [fid:3=+0.985 fid:4=+0.842 fid:5=+0.052 b0=+0.646 b1=+0.070 b2=+0.003 b3=+0.003]
step 117400  ce 2.885  loss 2.894  holds 180800  132,189 tok/s  [fid:3=+0.986 fid:4=+0.842 fid:5=+0.052 b0=+0.691 b1=+0.113 b2=+0.004 b3=+0.003]
step 117450  ce 2.800  loss 2.801  holds 180800  132,184 tok/s  [fid:3=+0.985 fid:4=+0.843 fid:5=+0.052 b0=+0.620 b1=+0.055 b2=+0.002 b3=+0.003]
step 117500  ce 2.864  loss 2.866  holds 180800  132,197 tok/s  [fid:3=+0.984 fid:4=+0.842 fid:5=+0.052 b0=+0.713 b1=+0.095 b2=+0.001 b3=+0.003]
step 117550  ce 2.730  loss 2.732  holds 180832  132,190 tok/s  [fid:3=+0.985 fid:4=+0.842 fid:5=+0.052 b0=+0.652 b1=+0.038 b2=+0.002 b3=+0.003]
step 117600  ce 2.602  loss 2.611  holds 180864  132,186 tok/s  [fid:3=+0.985 fid:4=+0.841 fid:5=+0.052 b0=+0.684 b1=+0.030 b2=+0.004 b3=+0.003]
step 117650  ce 2.555  loss 2.556  holds 180864  132,199 tok/s  [fid:3=+0.986 fid:4=+0.841 fid:5=+0.052 b0=+0.715 b1=+0.058 b2=+0.003 b3=+0.003]
step 117700  ce 2.552  loss 2.553  holds 180864  132,194 tok/s  [fid:3=+0.986 fid:4=+0.841 fid:5=+0.052 b0=+0.736 b1=+0.049 b2=+0.003 b3=+0.003]
step 117750  ce 2.545  loss 2.547  holds 180864  132,187 tok/s  [fid:3=+0.985 fid:4=+0.841 fid:5=+0.052 b0=+0.694 b1=+0.104 b2=+0.004 b3=+0.003]
step 117800  ce 2.932  loss 2.940  holds 180896  132,201 tok/s  [fid:3=+0.985 fid:4=+0.842 fid:5=+0.052 b0=+0.701 b1=+0.070 b2=+0.002 b3=+0.003]
step 117850  ce 2.836  loss 2.840  holds 180928  132,194 tok/s  [fid:3=+0.985 fid:4=+0.842 fid:5=+0.052 b0=+0.747 b1=+0.098 b2=+0.003 b3=+0.003]
step 117900  ce 2.708  loss 2.709  holds 180928  132,207 tok/s  [fid:3=+0.985 fid:4=+0.842 fid:5=+0.052 b0=+0.730 b1=+0.076 b2=+0.003 b3=+0.003]
step 117950  ce 2.723  loss 2.724  holds 180928  132,200 tok/s  [fid:3=+0.985 fid:4=+0.843 fid:5=+0.052 b0=+0.692 b1=+0.072 b2=+0.003 b3=+0.003]
step 118000  ce 2.428  loss 2.437  holds 180928  132,193 tok/s  [fid:3=+0.985 fid:4=+0.843 fid:5=+0.052 b0=+0.701 b1=+0.090 b2=+0.003 b3=+0.003]
    holdout(cum): {'cross': [0.057, 0.06, 159], 'same': [0.491, 0.62, 86], 'straddle': [0.091, 0.09, 56]}
step 118050  ce 2.573  loss 2.575  holds 180960  132,204 tok/s  [fid:3=+0.985 fid:4=+0.842 fid:5=+0.052 b0=+0.600 b1=+0.117 b2=+0.002 b3=+0.003]
step 118100  ce 2.859  loss 2.861  holds 180992  132,198 tok/s  [fid:3=+0.986 fid:4=+0.842 fid:5=+0.052 b0=+0.649 b1=+0.108 b2=+0.002 b3=+0.003]
step 118150  ce 2.800  loss 2.801  holds 180992  132,212 tok/s  [fid:3=+0.986 fid:4=+0.842 fid:5=+0.052 b0=+0.713 b1=+0.060 b2=+0.003 b3=+0.003]
step 118200  ce 2.668  loss 2.676  holds 180992  132,208 tok/s  [fid:3=+0.985 fid:4=+0.842 fid:5=+0.052 b0=+0.669 b1=+0.089 b2=+0.004 b3=+0.003]
step 118250  ce 2.533  loss 2.535  holds 180992  132,203 tok/s  [fid:3=+0.983 fid:4=+0.841 fid:5=+0.052 b0=+0.631 b1=+0.063 b2=+0.003 b3=+0.003]
step 118300  ce 2.654  loss 2.655  holds 181024  132,216 tok/s  [fid:3=+0.984 fid:4=+0.840 fid:5=+0.052 b0=+0.687 b1=+0.081 b2=+0.006 b3=+0.003]
step 118350  ce 2.690  loss 2.691  holds 181056  132,212 tok/s  [fid:3=+0.985 fid:4=+0.840 fid:5=+0.052 b0=+0.784 b1=+0.074 b2=+0.002 b3=+0.003]
step 118400  ce 2.389  loss 2.427  holds 181056  132,225 tok/s  [fid:3=+0.984 fid:4=+0.840 fid:5=+0.052 b0=+0.675 b1=+0.057 b2=+0.003 b3=+0.003]
step 118450  ce 2.581  loss 2.582  holds 181056  132,221 tok/s  [fid:3=+0.977 fid:4=+0.838 fid:5=+0.052 b0=+0.643 b1=+0.059 b2=+0.002 b3=+0.003]
step 118500  ce 2.855  loss 2.856  holds 181056  132,214 tok/s  [fid:3=+0.983 fid:4=+0.839 fid:5=+0.052 b0=+0.721 b1=+0.100 b2=+0.004 b3=+0.003]
step 118550  ce 2.760  loss 2.762  holds 181088  132,226 tok/s  [fid:3=+0.985 fid:4=+0.839 fid:5=+0.052 b0=+0.640 b1=+0.045 b2=+0.002 b3=+0.003]
step 118600  ce 2.615  loss 2.624  holds 181120  132,218 tok/s  [fid:3=+0.985 fid:4=+0.840 fid:5=+0.052 b0=+0.725 b1=+0.035 b2=+0.002 b3=+0.003]
step 118650  ce 2.374  loss 2.376  holds 181120  132,213 tok/s  [fid:3=+0.986 fid:4=+0.840 fid:5=+0.052 b0=+0.724 b1=+0.017 b2=+0.001 b3=+0.003]
step 118700  ce 2.583  loss 2.585  holds 181120  132,226 tok/s  [fid:3=+0.985 fid:4=+0.840 fid:5=+0.052 b0=+0.599 b1=+0.056 b2=+0.003 b3=+0.003]
step 118750  ce 2.956  loss 2.957  holds 181120  132,222 tok/s  [fid:3=+0.984 fid:4=+0.842 fid:5=+0.052 b0=+0.623 b1=+0.076 b2=+0.002 b3=+0.003]
step 118800  ce 2.550  loss 2.558  holds 181152  132,235 tok/s  [fid:3=+0.985 fid:4=+0.843 fid:5=+0.052 b0=+0.644 b1=+0.052 b2=+0.002 b3=+0.003]
step 118850  ce 2.727  loss 2.728  holds 181184  132,230 tok/s  [fid:3=+0.984 fid:4=+0.842 fid:5=+0.052 b0=+0.722 b1=+0.076 b2=+0.002 b3=+0.002]
step 118900  ce 2.596  loss 2.597  holds 181184  132,221 tok/s  [fid:3=+0.985 fid:4=+0.842 fid:5=+0.052 b0=+0.676 b1=+0.085 b2=+0.005 b3=+0.002]
step 118950  ce 2.741  loss 2.743  holds 181184  132,235 tok/s  [fid:3=+0.985 fid:4=+0.842 fid:5=+0.052 b0=+0.711 b1=+0.052 b2=+0.003 b3=+0.002]
step 119000  ce 2.624  loss 2.633  holds 181184  132,232 tok/s  [fid:3=+0.985 fid:4=+0.842 fid:5=+0.052 b0=+0.657 b1=+0.088 b2=+0.006 b3=+0.002]
step 119050  ce 2.608  loss 2.609  holds 181216  132,244 tok/s  [fid:3=+0.985 fid:4=+0.842 fid:5=+0.052 b0=+0.679 b1=+0.111 b2=+0.003 b3=+0.002]
step 119100  ce 2.627  loss 2.628  holds 181216  132,238 tok/s  [fid:3=+0.985 fid:4=+0.843 fid:5=+0.052 b0=+0.583 b1=+0.063 b2=+0.002 b3=+0.002]
step 119150  ce 2.768  loss 2.769  holds 181248  132,232 tok/s  [fid:3=+0.985 fid:4=+0.843 fid:5=+0.052 b0=+0.715 b1=+0.075 b2=+0.002 b3=+0.002]
step 119200  ce 2.693  loss 2.701  holds 181248  132,245 tok/s  [fid:3=+0.984 fid:4=+0.843 fid:5=+0.052 b0=+0.666 b1=+0.042 b2=+0.003 b3=+0.002]
step 119250  ce 2.797  loss 2.798  holds 181248  132,239 tok/s  [fid:3=+0.985 fid:4=+0.843 fid:5=+0.052 b0=+0.701 b1=+0.073 b2=+0.002 b3=+0.002]
step 119300  ce 2.410  loss 2.411  holds 181280  132,236 tok/s  [fid:3=+0.982 fid:4=+0.842 fid:5=+0.052 b0=+0.655 b1=+0.053 b2=+0.002 b3=+0.002]
step 119350  ce 2.738  loss 2.740  holds 181280  132,250 tok/s  [fid:3=+0.984 fid:4=+0.842 fid:5=+0.052 b0=+0.710 b1=+0.044 b2=+0.003 b3=+0.002]
step 119400  ce 2.683  loss 2.692  holds 181312  132,245 tok/s  [fid:3=+0.985 fid:4=+0.841 fid:5=+0.052 b0=+0.669 b1=+0.085 b2=+0.003 b3=+0.002]
step 119450  ce 2.808  loss 2.809  holds 181312  132,258 tok/s  [fid:3=+0.985 fid:4=+0.841 fid:5=+0.052 b0=+0.623 b1=+0.138 b2=+0.002 b3=+0.002]
step 119500  ce 2.732  loss 2.733  holds 181312  132,251 tok/s  [fid:3=+0.985 fid:4=+0.841 fid:5=+0.052 b0=+0.616 b1=+0.074 b2=+0.005 b3=+0.002]
step 119550  ce 2.743  loss 2.744  holds 181312  132,244 tok/s  [fid:3=+0.985 fid:4=+0.842 fid:5=+0.052 b0=+0.716 b1=+0.089 b2=+0.004 b3=+0.002]
step 119600  ce 2.558  loss 2.567  holds 181344  132,257 tok/s  [fid:3=+0.985 fid:4=+0.842 fid:5=+0.052 b0=+0.660 b1=+0.052 b2=+0.005 b3=+0.002]
step 119650  ce 2.634  loss 2.636  holds 181376  132,250 tok/s  [fid:3=+0.985 fid:4=+0.843 fid:5=+0.052 b0=+0.718 b1=+0.051 b2=+0.003 b3=+0.002]
step 119700  ce 2.680  loss 2.684  holds 181376  132,263 tok/s  [fid:3=+0.984 fid:4=+0.842 fid:5=+0.052 b0=+0.725 b1=+0.072 b2=+0.004 b3=+0.002]
step 119750  ce 2.617  loss 2.618  holds 181376  132,257 tok/s  [fid:3=+0.984 fid:4=+0.842 fid:5=+0.052 b0=+0.626 b1=+0.086 b2=+0.003 b3=+0.002]
step 119800  ce 2.635  loss 2.643  holds 181376  132,250 tok/s  [fid:3=+0.985 fid:4=+0.842 fid:5=+0.052 b0=+0.672 b1=+0.054 b2=+0.003 b3=+0.002]
step 119850  ce 2.595  loss 2.597  holds 181408  132,263 tok/s  [fid:3=+0.984 fid:4=+0.843 fid:5=+0.052 b0=+0.712 b1=+0.088 b2=+0.003 b3=+0.002]
step 119900  ce 2.610  loss 2.611  holds 181440  132,258 tok/s  [fid:3=+0.985 fid:4=+0.843 fid:5=+0.052 b0=+0.682 b1=+0.059 b2=+0.001 b3=+0.002]
step 119950  ce 2.714  loss 2.718  holds 181440  132,271 tok/s  [fid:3=+0.982 fid:4=+0.844 fid:5=+0.052 b0=+0.635 b1=+0.063 b2=+0.002 b3=+0.002]
step 120000  ce 2.858  loss 2.895  holds 181440  132,267 tok/s  [fid:3=+0.983 fid:4=+0.844 fid:5=+0.052 b0=+0.654 b1=+0.046 b2=+0.002 b3=+0.002]
    holdout(cum): {'cross': [0.057, 0.06, 159], 'same': [0.49, 0.61, 90], 'straddle': [0.091, 0.09, 56]}
step 120050  ce 2.553  loss 2.555  holds 181440  132,258 tok/s  [fid:3=+0.984 fid:4=+0.845 fid:5=+0.052 b0=+0.755 b1=+0.064 b2=+0.002 b3=+0.002]
step 120100  ce 2.748  loss 2.749  holds 181472  132,271 tok/s  [fid:3=+0.984 fid:4=+0.844 fid:5=+0.052 b0=+0.765 b1=+0.073 b2=+0.002 b3=+0.002]
step 120150  ce 2.579  loss 2.580  holds 181504  132,266 tok/s  [fid:3=+0.984 fid:4=+0.844 fid:5=+0.052 b0=+0.661 b1=+0.079 b2=+0.004 b3=+0.002]
step 120200  ce 2.585  loss 2.594  holds 181504  132,279 tok/s  [fid:3=+0.985 fid:4=+0.844 fid:5=+0.052 b0=+0.600 b1=+0.043 b2=+0.004 b3=+0.002]
step 120250  ce 2.849  loss 2.850  holds 181504  132,273 tok/s  [fid:3=+0.985 fid:4=+0.844 fid:5=+0.052 b0=+0.725 b1=+0.072 b2=+0.002 b3=+0.002]
step 120300  ce 2.742  loss 2.743  holds 181504  132,267 tok/s  [fid:3=+0.986 fid:4=+0.844 fid:5=+0.052 b0=+0.683 b1=+0.100 b2=+0.002 b3=+0.002]
step 120350  ce 2.904  loss 2.906  holds 181536  132,281 tok/s  [fid:3=+0.985 fid:4=+0.845 fid:5=+0.052 b0=+0.696 b1=+0.118 b2=+0.002 b3=+0.002]
step 120400  ce 2.821  loss 2.830  holds 181568  132,276 tok/s  [fid:3=+0.985 fid:4=+0.844 fid:5=+0.052 b0=+0.720 b1=+0.085 b2=+0.002 b3=+0.002]
step 120450  ce 2.789  loss 2.790  holds 181568  132,272 tok/s  [fid:3=+0.985 fid:4=+0.845 fid:5=+0.052 b0=+0.659 b1=+0.056 b2=+0.002 b3=+0.002]
step 120500  ce 2.842  loss 2.844  holds 181568  132,286 tok/s  [fid:3=+0.985 fid:4=+0.846 fid:5=+0.052 b0=+0.611 b1=+0.095 b2=+0.001 b3=+0.002]
step 120550  ce 2.879  loss 2.880  holds 181568  132,280 tok/s  [fid:3=+0.985 fid:4=+0.846 fid:5=+0.052 b0=+0.611 b1=+0.071 b2=+0.002 b3=+0.002]
step 120600  ce 2.451  loss 2.459  holds 181600  132,293 tok/s  [fid:3=+0.985 fid:4=+0.846 fid:5=+0.052 b0=+0.757 b1=+0.079 b2=+0.006 b3=+0.002]
step 120650  ce 2.759  loss 2.761  holds 181632  132,288 tok/s  [fid:3=+0.985 fid:4=+0.846 fid:5=+0.052 b0=+0.748 b1=+0.108 b2=+0.003 b3=+0.002]
step 120700  ce 2.688  loss 2.690  holds 181632  132,285 tok/s  [fid:3=+0.985 fid:4=+0.844 fid:5=+0.052 b0=+0.690 b1=+0.104 b2=+0.001 b3=+0.002]
step 120750  ce 2.608  loss 2.612  holds 181632  132,298 tok/s  [fid:3=+0.983 fid:4=+0.844 fid:5=+0.052 b0=+0.659 b1=+0.101 b2=+0.004 b3=+0.002]
step 120800  ce 2.787  loss 2.795  holds 181632  132,292 tok/s  [fid:3=+0.983 fid:4=+0.844 fid:5=+0.052 b0=+0.703 b1=+0.066 b2=+0.004 b3=+0.002]
step 120850  ce 2.801  loss 2.802  holds 181664  132,305 tok/s  [fid:3=+0.985 fid:4=+0.844 fid:5=+0.052 b0=+0.575 b1=+0.091 b2=+0.004 b3=+0.002]
step 120900  ce 2.673  loss 2.675  holds 181696  132,298 tok/s  [fid:3=+0.985 fid:4=+0.845 fid:5=+0.052 b0=+0.654 b1=+0.060 b2=+0.004 b3=+0.002]
step 120950  ce 2.668  loss 2.669  holds 181696  132,294 tok/s  [fid:3=+0.985 fid:4=+0.845 fid:5=+0.052 b0=+0.628 b1=+0.098 b2=+0.002 b3=+0.002]
step 121000  ce 2.788  loss 2.796  holds 181696  132,307 tok/s  [fid:3=+0.985 fid:4=+0.844 fid:5=+0.052 b0=+0.640 b1=+0.082 b2=+0.002 b3=+0.002]
step 121050  ce 2.540  loss 2.542  holds 181696  132,302 tok/s  [fid:3=+0.984 fid:4=+0.843 fid:5=+0.052 b0=+0.723 b1=+0.080 b2=+0.005 b3=+0.002]
step 121100  ce 2.652  loss 2.654  holds 181728  132,315 tok/s  [fid:3=+0.983 fid:4=+0.843 fid:5=+0.052 b0=+0.624 b1=+0.047 b2=+0.002 b3=+0.002]
step 121150  ce 2.604  loss 2.605  holds 181728  132,310 tok/s  [fid:3=+0.985 fid:4=+0.842 fid:5=+0.052 b0=+0.602 b1=+0.062 b2=+0.002 b3=+0.002]
step 121200  ce 2.782  loss 2.790  holds 181760  132,303 tok/s  [fid:3=+0.986 fid:4=+0.842 fid:5=+0.052 b0=+0.686 b1=+0.144 b2=+0.003 b3=+0.002]
step 121250  ce 2.929  loss 2.931  holds 181760  132,316 tok/s  [fid:3=+0.986 fid:4=+0.843 fid:5=+0.052 b0=+0.706 b1=+0.052 b2=+0.004 b3=+0.002]
step 121300  ce 2.748  loss 2.749  holds 181760  132,313 tok/s  [fid:3=+0.986 fid:4=+0.843 fid:5=+0.052 b0=+0.606 b1=+0.048 b2=+0.002 b3=+0.002]
step 121350  ce 2.557  loss 2.558  holds 181792  132,306 tok/s  [fid:3=+0.985 fid:4=+0.843 fid:5=+0.052 b0=+0.622 b1=+0.087 b2=+0.001 b3=+0.002]
step 121400  ce 2.690  loss 2.700  holds 181792  132,319 tok/s  [fid:3=+0.986 fid:4=+0.843 fid:5=+0.052 b0=+0.649 b1=+0.076 b2=+0.004 b3=+0.002]
step 121450  ce 2.796  loss 2.797  holds 181824  132,313 tok/s  [fid:3=+0.985 fid:4=+0.843 fid:5=+0.052 b0=+0.684 b1=+0.038 b2=+0.002 b3=+0.002]
step 121500  ce 2.729  loss 2.732  holds 181824  132,326 tok/s  [fid:3=+0.985 fid:4=+0.842 fid:5=+0.052 b0=+0.682 b1=+0.130 b2=+0.004 b3=+0.002]
step 121550  ce 2.694  loss 2.697  holds 181824  132,320 tok/s  [fid:3=+0.985 fid:4=+0.842 fid:5=+0.052 b0=+0.632 b1=+0.094 b2=+0.002 b3=+0.002]
step 121600  ce 2.619  loss 2.657  holds 181824  132,316 tok/s  [fid:3=+0.986 fid:4=+0.842 fid:5=+0.052 b0=+0.687 b1=+0.101 b2=+0.006 b3=+0.002]
step 121650  ce 2.443  loss 2.444  holds 181856  132,329 tok/s  [fid:3=+0.986 fid:4=+0.842 fid:5=+0.052 b0=+0.636 b1=+0.090 b2=+0.003 b3=+0.002]
step 121700  ce 2.752  loss 2.753  holds 181888  132,324 tok/s  [fid:3=+0.985 fid:4=+0.842 fid:5=+0.052 b0=+0.661 b1=+0.099 b2=+0.003 b3=+0.002]
step 121750  ce 2.875  loss 2.876  holds 181888  132,336 tok/s  [fid:3=+0.986 fid:4=+0.843 fid:5=+0.052 b0=+0.747 b1=+0.079 b2=+0.004 b3=+0.002]
step 121800  ce 2.792  loss 2.800  holds 181888  132,332 tok/s  [fid:3=+0.985 fid:4=+0.843 fid:5=+0.052 b0=+0.720 b1=+0.062 b2=+0.006 b3=+0.002]
step 121850  ce 2.451  loss 2.452  holds 181888  132,327 tok/s  [fid:3=+0.985 fid:4=+0.843 fid:5=+0.052 b0=+0.640 b1=+0.091 b2=+0.007 b3=+0.002]
step 121900  ce 2.634  loss 2.636  holds 181920  132,340 tok/s  [fid:3=+0.984 fid:4=+0.844 fid:5=+0.052 b0=+0.575 b1=+0.064 b2=+0.003 b3=+0.002]
step 121950  ce 2.595  loss 2.597  holds 181952  132,333 tok/s  [fid:3=+0.985 fid:4=+0.844 fid:5=+0.052 b0=+0.653 b1=+0.056 b2=+0.003 b3=+0.001]
step 122000  ce 2.887  loss 2.896  holds 181952  132,346 tok/s  [fid:3=+0.986 fid:4=+0.844 fid:5=+0.052 b0=+0.680 b1=+0.041 b2=+0.004 b3=+0.001]
    holdout(cum): {'cross': [0.057, 0.06, 160], 'same': [0.49, 0.61, 92], 'straddle': [0.091, 0.09, 56]}
step 122050  ce 2.701  loss 2.703  holds 181952  132,337 tok/s  [fid:3=+0.985 fid:4=+0.844 fid:5=+0.052 b0=+0.763 b1=+0.099 b2=+0.004 b3=+0.001]
step 122100  ce 2.714  loss 2.716  holds 181952  132,333 tok/s  [fid:3=+0.986 fid:4=+0.844 fid:5=+0.052 b0=+0.721 b1=+0.078 b2=+0.002 b3=+0.001]
step 122150  ce 2.566  loss 2.567  holds 181984  132,346 tok/s  [fid:3=+0.985 fid:4=+0.844 fid:5=+0.052 b0=+0.652 b1=+0.075 b2=+0.003 b3=+0.001]
step 122200  ce 2.744  loss 2.753  holds 182016  132,343 tok/s  [fid:3=+0.985 fid:4=+0.844 fid:5=+0.052 b0=+0.660 b1=+0.086 b2=+0.005 b3=+0.001]
step 122250  ce 2.776  loss 2.777  holds 182016  132,356 tok/s  [fid:3=+0.985 fid:4=+0.844 fid:5=+0.052 b0=+0.721 b1=+0.097 b2=+0.003 b3=+0.001]
step 122300  ce 2.465  loss 2.467  holds 182016  132,352 tok/s  [fid:3=+0.985 fid:4=+0.845 fid:5=+0.052 b0=+0.747 b1=+0.072 b2=+0.002 b3=+0.001]
step 122350  ce 2.839  loss 2.840  holds 182016  132,347 tok/s  [fid:3=+0.986 fid:4=+0.844 fid:5=+0.052 b0=+0.652 b1=+0.048 b2=+0.005 b3=+0.001]
step 122400  ce 2.703  loss 2.711  holds 182048  132,361 tok/s  [fid:3=+0.985 fid:4=+0.845 fid:5=+0.052 b0=+0.647 b1=+0.078 b2=+0.001 b3=+0.001]
step 122450  ce 2.716  loss 2.718  holds 182080  132,358 tok/s  [fid:3=+0.984 fid:4=+0.845 fid:5=+0.052 b0=+0.636 b1=+0.091 b2=+0.002 b3=+0.001]
step 122500  ce 2.679  loss 2.680  holds 182080  132,372 tok/s  [fid:3=+0.985 fid:4=+0.844 fid:5=+0.052 b0=+0.722 b1=+0.106 b2=+0.001 b3=+0.001]
step 122550  ce 2.734  loss 2.736  holds 182080  132,364 tok/s  [fid:3=+0.985 fid:4=+0.844 fid:5=+0.052 b0=+0.739 b1=+0.097 b2=+0.004 b3=+0.001]
step 122600  ce 2.608  loss 2.617  holds 182080  132,359 tok/s  [fid:3=+0.984 fid:4=+0.844 fid:5=+0.052 b0=+0.668 b1=+0.139 b2=+0.004 b3=+0.001]
step 122650  ce 2.527  loss 2.529  holds 182112  132,372 tok/s  [fid:3=+0.984 fid:4=+0.844 fid:5=+0.052 b0=+0.783 b1=+0.092 b2=+0.001 b3=+0.001]
step 122700  ce 2.537  loss 2.538  holds 182144  132,368 tok/s  [fid:3=+0.985 fid:4=+0.845 fid:5=+0.052 b0=+0.725 b1=+0.109 b2=+0.002 b3=+0.001]
step 122750  ce 2.686  loss 2.688  holds 182144  132,364 tok/s  [fid:3=+0.986 fid:4=+0.845 fid:5=+0.052 b0=+0.677 b1=+0.069 b2=+0.003 b3=+0.001]
step 122800  ce 2.692  loss 2.700  holds 182144  132,378 tok/s  [fid:3=+0.986 fid:4=+0.846 fid:5=+0.052 b0=+0.716 b1=+0.103 b2=+0.002 b3=+0.001]
step 122850  ce 2.424  loss 2.426  holds 182144  132,374 tok/s  [fid:3=+0.986 fid:4=+0.845 fid:5=+0.052 b0=+0.611 b1=+0.128 b2=+0.002 b3=+0.001]
step 122900  ce 2.553  loss 2.555  holds 182176  132,386 tok/s  [fid:3=+0.985 fid:4=+0.844 fid:5=+0.052 b0=+0.664 b1=+0.097 b2=+0.002 b3=+0.001]
step 122950  ce 2.611  loss 2.613  holds 182208  132,379 tok/s  [fid:3=+0.985 fid:4=+0.845 fid:5=+0.052 b0=+0.724 b1=+0.087 b2=+0.002 b3=+0.001]
step 123000  ce 2.646  loss 2.653  holds 182208  132,375 tok/s  [fid:3=+0.986 fid:4=+0.846 fid:5=+0.052 b0=+0.636 b1=+0.069 b2=+0.004 b3=+0.001]
step 123050  ce 2.732  loss 2.733  holds 182208  132,387 tok/s  [fid:3=+0.985 fid:4=+0.846 fid:5=+0.052 b0=+0.672 b1=+0.168 b2=+0.006 b3=+0.001]
step 123100  ce 2.605  loss 2.607  holds 182208  132,381 tok/s  [fid:3=+0.985 fid:4=+0.846 fid:5=+0.052 b0=+0.691 b1=+0.138 b2=+0.005 b3=+0.003]
step 123150  ce 2.824  loss 2.825  holds 182240  132,394 tok/s  [fid:3=+0.985 fid:4=+0.845 fid:5=+0.052 b0=+0.762 b1=+0.112 b2=+0.001 b3=+0.003]
step 123200  ce 2.767  loss 2.803  holds 182272  132,387 tok/s  [fid:3=+0.985 fid:4=+0.846 fid:5=+0.052 b0=+0.712 b1=+0.085 b2=+0.003 b3=+0.003]
step 123250  ce 2.565  loss 2.567  holds 182272  132,381 tok/s  [fid:3=+0.985 fid:4=+0.846 fid:5=+0.052 b0=+0.725 b1=+0.136 b2=+0.003 b3=+0.004]
step 123300  ce 2.551  loss 2.553  holds 182272  132,393 tok/s  [fid:3=+0.985 fid:4=+0.847 fid:5=+0.052 b0=+0.647 b1=+0.080 b2=+0.001 b3=+0.004]
step 123350  ce 2.774  loss 2.775  holds 182272  132,389 tok/s  [fid:3=+0.984 fid:4=+0.846 fid:5=+0.052 b0=+0.637 b1=+0.044 b2=+0.002 b3=+0.004]
step 123400  ce 2.841  loss 2.848  holds 182304  132,383 tok/s  [fid:3=+0.985 fid:4=+0.846 fid:5=+0.052 b0=+0.682 b1=+0.058 b2=+0.008 b3=+0.004]
step 123450  ce 2.772  loss 2.773  holds 182304  132,396 tok/s  [fid:3=+0.986 fid:4=+0.846 fid:5=+0.052 b0=+0.587 b1=+0.113 b2=+0.007 b3=+0.004]
step 123500  ce 2.794  loss 2.795  holds 182336  132,388 tok/s  [fid:3=+0.985 fid:4=+0.846 fid:5=+0.052 b0=+0.623 b1=+0.099 b2=+0.004 b3=+0.004]
step 123550  ce 2.674  loss 2.675  holds 182336  132,400 tok/s  [fid:3=+0.986 fid:4=+0.846 fid:5=+0.052 b0=+0.702 b1=+0.061 b2=+0.005 b3=+0.004]
step 123600  ce 2.701  loss 2.710  holds 182336  132,395 tok/s  [fid:3=+0.986 fid:4=+0.846 fid:5=+0.052 b0=+0.752 b1=+0.065 b2=+0.003 b3=+0.004]
step 123650  ce 2.766  loss 2.767  holds 182368  132,387 tok/s  [fid:3=+0.986 fid:4=+0.846 fid:5=+0.052 b0=+0.718 b1=+0.065 b2=+0.001 b3=+0.004]
step 123700  ce 2.930  loss 2.932  holds 182368  132,400 tok/s  [fid:3=+0.986 fid:4=+0.846 fid:5=+0.052 b0=+0.687 b1=+0.045 b2=+0.002 b3=+0.004]
step 123750  ce 2.575  loss 2.576  holds 182400  132,395 tok/s  [fid:3=+0.984 fid:4=+0.845 fid:5=+0.052 b0=+0.723 b1=+0.066 b2=+0.004 b3=+0.004]
step 123800  ce 2.764  loss 2.772  holds 182400  132,408 tok/s  [fid:3=+0.984 fid:4=+0.844 fid:5=+0.052 b0=+0.626 b1=+0.068 b2=+0.003 b3=+0.004]
step 123850  ce 2.553  loss 2.555  holds 182400  132,402 tok/s  [fid:3=+0.985 fid:4=+0.844 fid:5=+0.052 b0=+0.654 b1=+0.109 b2=+0.002 b3=+0.004]
step 123900  ce 2.733  loss 2.734  holds 182400  132,396 tok/s  [fid:3=+0.985 fid:4=+0.844 fid:5=+0.052 b0=+0.644 b1=+0.082 b2=+0.006 b3=+0.004]
step 123950  ce 2.416  loss 2.418  holds 182432  132,409 tok/s  [fid:3=+0.984 fid:4=+0.844 fid:5=+0.052 b0=+0.691 b1=+0.070 b2=+0.005 b3=+0.004]
step 124000  ce 2.894  loss 2.902  holds 182464  132,405 tok/s  [fid:3=+0.984 fid:4=+0.844 fid:5=+0.052 b0=+0.724 b1=+0.107 b2=+0.002 b3=+0.004]
    holdout(cum): {'cross': [0.056, 0.06, 163], 'same': [0.49, 0.61, 92], 'straddle': [0.09, 0.09, 57]}
step 124050  ce 2.421  loss 2.422  holds 182464  132,415 tok/s  [fid:3=+0.985 fid:4=+0.844 fid:5=+0.052 b0=+0.722 b1=+0.090 b2=+0.003 b3=+0.004]
step 124100  ce 2.783  loss 2.784  holds 182464  132,409 tok/s  [fid:3=+0.985 fid:4=+0.845 fid:5=+0.052 b0=+0.740 b1=+0.044 b2=+0.003 b3=+0.004]
step 124150  ce 2.763  loss 2.764  holds 182464  132,403 tok/s  [fid:3=+0.985 fid:4=+0.845 fid:5=+0.052 b0=+0.730 b1=+0.071 b2=+0.003 b3=+0.004]
step 124200  ce 2.643  loss 2.651  holds 182496  132,416 tok/s  [fid:3=+0.986 fid:4=+0.846 fid:5=+0.052 b0=+0.690 b1=+0.070 b2=+0.005 b3=+0.004]
step 124250  ce 2.580  loss 2.582  holds 182528  132,409 tok/s  [fid:3=+0.984 fid:4=+0.846 fid:5=+0.052 b0=+0.729 b1=+0.086 b2=+0.003 b3=+0.004]
step 124300  ce 2.687  loss 2.688  holds 182528  132,403 tok/s  [fid:3=+0.984 fid:4=+0.846 fid:5=+0.052 b0=+0.625 b1=+0.089 b2=+0.005 b3=+0.004]
step 124350  ce 2.570  loss 2.572  holds 182528  132,415 tok/s  [fid:3=+0.984 fid:4=+0.847 fid:5=+0.052 b0=+0.735 b1=+0.046 b2=+0.003 b3=+0.004]
step 124400  ce 2.864  loss 2.874  holds 182528  132,409 tok/s  [fid:3=+0.982 fid:4=+0.847 fid:5=+0.052 b0=+0.603 b1=+0.027 b2=+0.002 b3=+0.004]
step 124450  ce 2.562  loss 2.563  holds 182560  132,421 tok/s  [fid:3=+0.984 fid:4=+0.847 fid:5=+0.052 b0=+0.604 b1=+0.083 b2=+0.005 b3=+0.004]
step 124500  ce 2.779  loss 2.780  holds 182592  132,417 tok/s  [fid:3=+0.985 fid:4=+0.846 fid:5=+0.052 b0=+0.707 b1=+0.076 b2=+0.003 b3=+0.004]
step 124550  ce 2.852  loss 2.854  holds 182592  132,411 tok/s  [fid:3=+0.985 fid:4=+0.846 fid:5=+0.052 b0=+0.695 b1=+0.111 b2=+0.004 b3=+0.004]
step 124600  ce 2.864  loss 2.873  holds 182592  132,424 tok/s  [fid:3=+0.984 fid:4=+0.846 fid:5=+0.052 b0=+0.702 b1=+0.077 b2=+0.002 b3=+0.004]
step 124650  ce 2.370  loss 2.371  holds 182592  132,419 tok/s  [fid:3=+0.986 fid:4=+0.846 fid:5=+0.052 b0=+0.661 b1=+0.031 b2=+0.003 b3=+0.004]
step 124700  ce 2.798  loss 2.800  holds 182624  132,432 tok/s  [fid:3=+0.985 fid:4=+0.845 fid:5=+0.052 b0=+0.755 b1=+0.085 b2=+0.005 b3=+0.004]
step 124750  ce 2.902  loss 2.903  holds 182656  132,427 tok/s  [fid:3=+0.985 fid:4=+0.845 fid:5=+0.052 b0=+0.737 b1=+0.081 b2=+0.003 b3=+0.004]
step 124800  ce 2.541  loss 2.578  holds 182656  132,422 tok/s  [fid:3=+0.985 fid:4=+0.846 fid:5=+0.052 b0=+0.647 b1=+0.061 b2=+0.004 b3=+0.004]
step 124850  ce 2.895  loss 2.897  holds 182656  132,435 tok/s  [fid:3=+0.985 fid:4=+0.845 fid:5=+0.052 b0=+0.622 b1=+0.123 b2=+0.004 b3=+0.004]
step 124900  ce 2.604  loss 2.605  holds 182656  132,428 tok/s  [fid:3=+0.985 fid:4=+0.843 fid:5=+0.052 b0=+0.730 b1=+0.103 b2=+0.002 b3=+0.004]
step 124950  ce 2.884  loss 2.886  holds 182688  132,440 tok/s  [fid:3=+0.984 fid:4=+0.843 fid:5=+0.052 b0=+0.633 b1=+0.099 b2=+0.003 b3=+0.004]
step 125000  ce 2.762  loss 2.770  holds 182720  132,435 tok/s  [fid:3=+0.986 fid:4=+0.843 fid:5=+0.052 b0=+0.636 b1=+0.050 b2=+0.001 b3=+0.004]
step 125050  ce 2.697  loss 2.699  holds 182720  132,430 tok/s  [fid:3=+0.984 fid:4=+0.845 fid:5=+0.052 b0=+0.682 b1=+0.105 b2=+0.002 b3=+0.004]
step 125100  ce 2.667  loss 2.668  holds 182720  132,443 tok/s  [fid:3=+0.985 fid:4=+0.845 fid:5=+0.052 b0=+0.685 b1=+0.065 b2=+0.002 b3=+0.004]
step 125150  ce 2.633  loss 2.635  holds 182720  132,438 tok/s  [fid:3=+0.985 fid:4=+0.846 fid:5=+0.052 b0=+0.726 b1=+0.093 b2=+0.004 b3=+0.004]
step 125200  ce 2.821  loss 2.829  holds 182752  132,432 tok/s  [fid:3=+0.980 fid:4=+0.846 fid:5=+0.052 b0=+0.740 b1=+0.138 b2=+0.002 b3=+0.004]
step 125250  ce 2.495  loss 2.496  holds 182784  132,445 tok/s  [fid:3=+0.983 fid:4=+0.846 fid:5=+0.052 b0=+0.763 b1=+0.146 b2=+0.003 b3=+0.004]
step 125300  ce 2.728  loss 2.731  holds 182784  132,441 tok/s  [fid:3=+0.983 fid:4=+0.847 fid:5=+0.052 b0=+0.690 b1=+0.078 b2=+0.005 b3=+0.004]
step 125350  ce 2.435  loss 2.436  holds 182784  132,454 tok/s  [fid:3=+0.985 fid:4=+0.847 fid:5=+0.052 b0=+0.610 b1=+0.047 b2=+0.004 b3=+0.004]
step 125400  ce 2.813  loss 2.821  holds 182784  132,447 tok/s  [fid:3=+0.985 fid:4=+0.847 fid:5=+0.052 b0=+0.689 b1=+0.050 b2=+0.002 b3=+0.004]
step 125450  ce 2.725  loss 2.729  holds 182816  132,441 tok/s  [fid:3=+0.984 fid:4=+0.847 fid:5=+0.052 b0=+0.573 b1=+0.033 b2=+0.006 b3=+0.004]
step 125500  ce 2.649  loss 2.650  holds 182816  132,453 tok/s  [fid:3=+0.984 fid:4=+0.846 fid:5=+0.052 b0=+0.670 b1=+0.065 b2=+0.002 b3=+0.004]
step 125550  ce 2.589  loss 2.590  holds 182848  132,446 tok/s  [fid:3=+0.985 fid:4=+0.847 fid:5=+0.052 b0=+0.667 b1=+0.076 b2=+0.005 b3=+0.004]
step 125600  ce 2.741  loss 2.748  holds 182848  132,459 tok/s  [fid:3=+0.985 fid:4=+0.847 fid:5=+0.052 b0=+0.641 b1=+0.058 b2=+0.009 b3=+0.004]
step 125650  ce 2.572  loss 2.576  holds 182848  132,452 tok/s  [fid:3=+0.984 fid:4=+0.847 fid:5=+0.052 b0=+0.771 b1=+0.072 b2=+0.003 b3=+0.004]
step 125700  ce 2.327  loss 2.328  holds 182880  132,446 tok/s  [fid:3=+0.985 fid:4=+0.847 fid:5=+0.052 b0=+0.607 b1=+0.042 b2=+0.005 b3=+0.004]
step 125750  ce 2.775  loss 2.776  holds 182880  132,458 tok/s  [fid:3=+0.984 fid:4=+0.847 fid:5=+0.052 b0=+0.706 b1=+0.057 b2=+0.002 b3=+0.004]
step 125800  ce 2.733  loss 2.742  holds 182912  132,453 tok/s  [fid:3=+0.984 fid:4=+0.847 fid:5=+0.052 b0=+0.700 b1=+0.061 b2=+0.006 b3=+0.004]
step 125850  ce 2.623  loss 2.625  holds 182912  132,448 tok/s  [fid:3=+0.984 fid:4=+0.847 fid:5=+0.052 b0=+0.602 b1=+0.055 b2=+0.003 b3=+0.004]
step 125900  ce 2.774  loss 2.776  holds 182912  132,461 tok/s  [fid:3=+0.984 fid:4=+0.846 fid:5=+0.052 b0=+0.675 b1=+0.054 b2=+0.001 b3=+0.004]
step 125950  ce 2.631  loss 2.633  holds 182912  132,454 tok/s  [fid:3=+0.984 fid:4=+0.846 fid:5=+0.052 b0=+0.757 b1=+0.075 b2=+0.003 b3=+0.004]
step 126000  ce 2.751  loss 2.759  holds 182944  132,467 tok/s  [fid:3=+0.984 fid:4=+0.847 fid:5=+0.052 b0=+0.723 b1=+0.047 b2=+0.004 b3=+0.004]
    holdout(cum): {'cross': [0.056, 0.05, 164], 'same': [0.49, 0.61, 93], 'straddle': [0.089, 0.09, 58]}
step 126050  ce 2.756  loss 2.758  holds 182976  132,458 tok/s  [fid:3=+0.984 fid:4=+0.847 fid:5=+0.052 b0=+0.724 b1=+0.042 b2=+0.001 b3=+0.004]
step 126100  ce 2.556  loss 2.561  holds 182976  132,451 tok/s  [fid:3=+0.979 fid:4=+0.846 fid:5=+0.052 b0=+0.708 b1=+0.072 b2=+0.001 b3=+0.004]
step 126150  ce 2.818  loss 2.819  holds 182976  132,464 tok/s  [fid:3=+0.981 fid:4=+0.845 fid:5=+0.052 b0=+0.659 b1=+0.081 b2=+0.005 b3=+0.004]
step 126200  ce 2.644  loss 2.653  holds 182976  132,460 tok/s  [fid:3=+0.984 fid:4=+0.846 fid:5=+0.052 b0=+0.639 b1=+0.050 b2=+0.002 b3=+0.004]
step 126250  ce 2.752  loss 2.754  holds 183008  132,472 tok/s  [fid:3=+0.984 fid:4=+0.845 fid:5=+0.052 b0=+0.683 b1=+0.085 b2=+0.004 b3=+0.004]
step 126300  ce 2.789  loss 2.791  holds 183040  132,465 tok/s  [fid:3=+0.984 fid:4=+0.845 fid:5=+0.052 b0=+0.688 b1=+0.070 b2=+0.003 b3=+0.004]
step 126350  ce 3.011  loss 3.012  holds 183040  132,459 tok/s  [fid:3=+0.985 fid:4=+0.845 fid:5=+0.052 b0=+0.684 b1=+0.072 b2=+0.001 b3=+0.003]
step 126400  ce 2.841  loss 2.878  holds 183040  132,471 tok/s  [fid:3=+0.985 fid:4=+0.845 fid:5=+0.052 b0=+0.737 b1=+0.110 b2=+0.002 b3=+0.003]
step 126450  ce 2.584  loss 2.586  holds 183040  132,466 tok/s  [fid:3=+0.985 fid:4=+0.845 fid:5=+0.052 b0=+0.674 b1=+0.070 b2=+0.003 b3=+0.003]
step 126500  ce 2.585  loss 2.586  holds 183072  132,478 tok/s  [fid:3=+0.981 fid:4=+0.844 fid:5=+0.052 b0=+0.636 b1=+0.116 b2=+0.002 b3=+0.003]
step 126550  ce 2.573  loss 2.574  holds 183104  132,471 tok/s  [fid:3=+0.984 fid:4=+0.845 fid:5=+0.052 b0=+0.633 b1=+0.051 b2=+0.005 b3=+0.003]
step 126600  ce 2.759  loss 2.767  holds 183104  132,465 tok/s  [fid:3=+0.985 fid:4=+0.846 fid:5=+0.052 b0=+0.663 b1=+0.057 b2=+0.003 b3=+0.003]
step 126650  ce 2.620  loss 2.621  holds 183104  132,477 tok/s  [fid:3=+0.985 fid:4=+0.844 fid:5=+0.052 b0=+0.688 b1=+0.084 b2=+0.003 b3=+0.003]
step 126700  ce 2.629  loss 2.631  holds 183104  132,471 tok/s  [fid:3=+0.984 fid:4=+0.844 fid:5=+0.052 b0=+0.763 b1=+0.091 b2=+0.007 b3=+0.003]
step 126750  ce 2.805  loss 2.806  holds 183136  132,484 tok/s  [fid:3=+0.984 fid:4=+0.844 fid:5=+0.052 b0=+0.642 b1=+0.074 b2=+0.004 b3=+0.003]
step 126800  ce 2.680  loss 2.688  holds 183168  132,478 tok/s  [fid:3=+0.985 fid:4=+0.844 fid:5=+0.052 b0=+0.745 b1=+0.091 b2=+0.004 b3=+0.003]
step 126850  ce 2.542  loss 2.544  holds 183168  132,472 tok/s  [fid:3=+0.985 fid:4=+0.844 fid:5=+0.052 b0=+0.692 b1=+0.059 b2=+0.003 b3=+0.003]
step 126900  ce 2.856  loss 2.858  holds 183168  132,484 tok/s  [fid:3=+0.986 fid:4=+0.844 fid:5=+0.052 b0=+0.652 b1=+0.063 b2=+0.003 b3=+0.003]
step 126950  ce 2.846  loss 2.850  holds 183168  132,480 tok/s  [fid:3=+0.985 fid:4=+0.844 fid:5=+0.052 b0=+0.679 b1=+0.085 b2=+0.003 b3=+0.003]
step 127000  ce 2.683  loss 2.691  holds 183200  132,476 tok/s  [fid:3=+0.986 fid:4=+0.845 fid:5=+0.052 b0=+0.731 b1=+0.095 b2=+0.004 b3=+0.003]
step 127050  ce 2.691  loss 2.693  holds 183232  132,487 tok/s  [fid:3=+0.986 fid:4=+0.846 fid:5=+0.052 b0=+0.658 b1=+0.086 b2=+0.007 b3=+0.003]
step 127100  ce 2.685  loss 2.686  holds 183232  132,484 tok/s  [fid:3=+0.984 fid:4=+0.846 fid:5=+0.052 b0=+0.660 b1=+0.072 b2=+0.003 b3=+0.003]
step 127150  ce 2.744  loss 2.745  holds 183232  132,497 tok/s  [fid:3=+0.985 fid:4=+0.847 fid:5=+0.052 b0=+0.588 b1=+0.027 b2=+0.001 b3=+0.003]
step 127200  ce 2.691  loss 2.699  holds 183232  132,491 tok/s  [fid:3=+0.985 fid:4=+0.847 fid:5=+0.052 b0=+0.685 b1=+0.111 b2=+0.002 b3=+0.003]
step 127250  ce 2.842  loss 2.843  holds 183264  132,485 tok/s  [fid:3=+0.985 fid:4=+0.847 fid:5=+0.052 b0=+0.619 b1=+0.046 b2=+0.003 b3=+0.003]
step 127300  ce 2.480  loss 2.481  holds 183296  132,497 tok/s  [fid:3=+0.985 fid:4=+0.846 fid:5=+0.052 b0=+0.642 b1=+0.058 b2=+0.005 b3=+0.003]
step 127350  ce 2.797  loss 2.798  holds 183296  132,493 tok/s  [fid:3=+0.986 fid:4=+0.846 fid:5=+0.052 b0=+0.618 b1=+0.070 b2=+0.007 b3=+0.003]
step 127400  ce 2.682  loss 2.690  holds 183296  132,505 tok/s  [fid:3=+0.986 fid:4=+0.847 fid:5=+0.052 b0=+0.705 b1=+0.125 b2=+0.001 b3=+0.003]
step 127450  ce 2.665  loss 2.666  holds 183296  132,499 tok/s  [fid:3=+0.985 fid:4=+0.847 fid:5=+0.052 b0=+0.676 b1=+0.138 b2=+0.002 b3=+0.003]
step 127500  ce 2.669  loss 2.673  holds 183328  132,494 tok/s  [fid:3=+0.985 fid:4=+0.847 fid:5=+0.052 b0=+0.676 b1=+0.090 b2=+0.004 b3=+0.003]
step 127550  ce 2.671  loss 2.672  holds 183328  132,505 tok/s  [fid:3=+0.985 fid:4=+0.847 fid:5=+0.052 b0=+0.696 b1=+0.073 b2=+0.007 b3=+0.003]
step 127600  ce 2.647  loss 2.656  holds 183360  132,501 tok/s  [fid:3=+0.985 fid:4=+0.847 fid:5=+0.052 b0=+0.615 b1=+0.050 b2=+0.003 b3=+0.003]
step 127650  ce 2.642  loss 2.643  holds 183360  132,499 tok/s  [fid:3=+0.984 fid:4=+0.846 fid:5=+0.052 b0=+0.720 b1=+0.040 b2=+0.003 b3=+0.003]
step 127700  ce 2.597  loss 2.598  holds 183360  132,512 tok/s  [fid:3=+0.985 fid:4=+0.846 fid:5=+0.052 b0=+0.654 b1=+0.109 b2=+0.004 b3=+0.003]
step 127750  ce 2.610  loss 2.611  holds 183392  132,506 tok/s  [fid:3=+0.986 fid:4=+0.846 fid:5=+0.052 b0=+0.649 b1=+0.104 b2=+0.003 b3=+0.003]
step 127800  ce 2.797  loss 2.806  holds 183392  132,518 tok/s  [fid:3=+0.984 fid:4=+0.845 fid:5=+0.052 b0=+0.728 b1=+0.123 b2=+0.005 b3=+0.003]
step 127850  ce 2.660  loss 2.661  holds 183424  132,513 tok/s  [fid:3=+0.984 fid:4=+0.846 fid:5=+0.052 b0=+0.666 b1=+0.064 b2=+0.002 b3=+0.003]
step 127900  ce 2.695  loss 2.697  holds 183424  132,509 tok/s  [fid:3=+0.985 fid:4=+0.846 fid:5=+0.052 b0=+0.729 b1=+0.073 b2=+0.002 b3=+0.003]
step 127950  ce 2.608  loss 2.609  holds 183424  132,521 tok/s  [fid:3=+0.985 fid:4=+0.846 fid:5=+0.052 b0=+0.655 b1=+0.056 b2=+0.003 b3=+0.003]
step 128000  ce 2.619  loss 2.656  holds 183424  132,516 tok/s  [fid:3=+0.985 fid:4=+0.846 fid:5=+0.052 b0=+0.547 b1=+0.074 b2=+0.002 b3=+0.003]
    holdout(cum): {'cross': [0.056, 0.05, 166], 'same': [0.485, 0.61, 94], 'straddle': [0.088, 0.08, 59]}
step 128050  ce 2.737  loss 2.738  holds 183456  132,526 tok/s  [fid:3=+0.985 fid:4=+0.846 fid:5=+0.052 b0=+0.674 b1=+0.081 b2=+0.001 b3=+0.003]
step 128100  ce 2.843  loss 2.844  holds 183488  132,520 tok/s  [fid:3=+0.984 fid:4=+0.846 fid:5=+0.052 b0=+0.733 b1=+0.046 b2=+0.002 b3=+0.003]
step 128150  ce 2.711  loss 2.712  holds 183488  132,515 tok/s  [fid:3=+0.984 fid:4=+0.847 fid:5=+0.052 b0=+0.722 b1=+0.072 b2=+0.002 b3=+0.003]
step 128200  ce 2.903  loss 2.911  holds 183488  132,527 tok/s  [fid:3=+0.985 fid:4=+0.847 fid:5=+0.052 b0=+0.697 b1=+0.089 b2=+0.003 b3=+0.003]
step 128250  ce 2.612  loss 2.614  holds 183488  132,523 tok/s  [fid:3=+0.985 fid:4=+0.847 fid:5=+0.052 b0=+0.756 b1=+0.070 b2=+0.001 b3=+0.003]
step 128300  ce 2.361  loss 2.364  holds 183520  132,535 tok/s  [fid:3=+0.984 fid:4=+0.847 fid:5=+0.052 b0=+0.675 b1=+0.049 b2=+0.001 b3=+0.003]
step 128350  ce 2.704  loss 2.706  holds 183552  132,529 tok/s  [fid:3=+0.985 fid:4=+0.846 fid:5=+0.052 b0=+0.673 b1=+0.073 b2=+0.002 b3=+0.002]
step 128400  ce 2.645  loss 2.653  holds 183552  132,524 tok/s  [fid:3=+0.985 fid:4=+0.846 fid:5=+0.052 b0=+0.726 b1=+0.068 b2=+0.001 b3=+0.002]
step 128450  ce 2.645  loss 2.647  holds 183552  132,536 tok/s  [fid:3=+0.984 fid:4=+0.845 fid:5=+0.052 b0=+0.653 b1=+0.092 b2=+0.012 b3=+0.002]
step 128500  ce 2.712  loss 2.713  holds 183552  132,532 tok/s  [fid:3=+0.985 fid:4=+0.846 fid:5=+0.052 b0=+0.630 b1=+0.117 b2=+0.009 b3=+0.002]
step 128550  ce 2.470  loss 2.472  holds 183584  132,525 tok/s  [fid:3=+0.986 fid:4=+0.846 fid:5=+0.052 b0=+0.768 b1=+0.068 b2=+0.002 b3=+0.002]
step 128600  ce 2.591  loss 2.599  holds 183616  132,537 tok/s  [fid:3=+0.984 fid:4=+0.846 fid:5=+0.052 b0=+0.713 b1=+0.096 b2=+0.002 b3=+0.002]
step 128650  ce 2.615  loss 2.616  holds 183616  132,531 tok/s  [fid:3=+0.984 fid:4=+0.846 fid:5=+0.052 b0=+0.712 b1=+0.132 b2=+0.003 b3=+0.002]
step 128700  ce 2.633  loss 2.634  holds 183616  132,543 tok/s  [fid:3=+0.984 fid:4=+0.846 fid:5=+0.052 b0=+0.609 b1=+0.078 b2=+0.004 b3=+0.002]
step 128750  ce 2.674  loss 2.675  holds 183616  132,536 tok/s  [fid:3=+0.985 fid:4=+0.846 fid:5=+0.052 b0=+0.633 b1=+0.079 b2=+0.004 b3=+0.002]
step 128800  ce 2.677  loss 2.685  holds 183648  132,530 tok/s  [fid:3=+0.984 fid:4=+0.847 fid:5=+0.052 b0=+0.676 b1=+0.045 b2=+0.009 b3=+0.002]
step 128850  ce 2.769  loss 2.771  holds 183680  132,542 tok/s  [fid:3=+0.984 fid:4=+0.847 fid:5=+0.052 b0=+0.768 b1=+0.079 b2=+0.003 b3=+0.002]
step 128900  ce 2.772  loss 2.773  holds 183680  132,536 tok/s  [fid:3=+0.984 fid:4=+0.847 fid:5=+0.052 b0=+0.661 b1=+0.070 b2=+0.005 b3=+0.002]
step 128950  ce 2.872  loss 2.873  holds 183680  132,548 tok/s  [fid:3=+0.984 fid:4=+0.847 fid:5=+0.052 b0=+0.642 b1=+0.068 b2=+0.003 b3=+0.002]
step 129000  ce 2.629  loss 2.637  holds 183680  132,544 tok/s  [fid:3=+0.985 fid:4=+0.848 fid:5=+0.052 b0=+0.722 b1=+0.060 b2=+0.006 b3=+0.002]
step 129050  ce 2.774  loss 2.778  holds 183712  132,539 tok/s  [fid:3=+0.984 fid:4=+0.848 fid:5=+0.052 b0=+0.717 b1=+0.035 b2=+0.002 b3=+0.002]
step 129100  ce 2.519  loss 2.521  holds 183744  132,551 tok/s  [fid:3=+0.984 fid:4=+0.848 fid:5=+0.052 b0=+0.646 b1=+0.059 b2=+0.003 b3=+0.002]
step 129150  ce 2.639  loss 2.640  holds 183744  132,546 tok/s  [fid:3=+0.985 fid:4=+0.847 fid:5=+0.052 b0=+0.710 b1=+0.063 b2=+0.002 b3=+0.002]
step 129200  ce 2.701  loss 2.710  holds 183744  132,558 tok/s  [fid:3=+0.985 fid:4=+0.847 fid:5=+0.052 b0=+0.718 b1=+0.064 b2=+0.002 b3=+0.002]
step 129250  ce 2.660  loss 2.661  holds 183744  132,554 tok/s  [fid:3=+0.986 fid:4=+0.848 fid:5=+0.052 b0=+0.621 b1=+0.098 b2=+0.002 b3=+0.002]
step 129300  ce 2.687  loss 2.691  holds 183776  132,549 tok/s  [fid:3=+0.985 fid:4=+0.848 fid:5=+0.052 b0=+0.687 b1=+0.066 b2=+0.003 b3=+0.002]
step 129350  ce 2.438  loss 2.439  holds 183808  132,561 tok/s  [fid:3=+0.985 fid:4=+0.848 fid:5=+0.052 b0=+0.707 b1=+0.067 b2=+0.004 b3=+0.002]
step 129400  ce 2.827  loss 2.835  holds 183808  132,555 tok/s  [fid:3=+0.984 fid:4=+0.848 fid:5=+0.052 b0=+0.703 b1=+0.050 b2=+0.002 b3=+0.002]
step 129450  ce 2.859  loss 2.861  holds 183808  132,568 tok/s  [fid:3=+0.985 fid:4=+0.848 fid:5=+0.052 b0=+0.661 b1=+0.085 b2=+0.002 b3=+0.002]
step 129500  ce 2.539  loss 2.541  holds 183808  132,561 tok/s  [fid:3=+0.986 fid:4=+0.848 fid:5=+0.052 b0=+0.677 b1=+0.051 b2=+0.004 b3=+0.002]
step 129550  ce 2.668  loss 2.672  holds 183840  132,556 tok/s  [fid:3=+0.985 fid:4=+0.848 fid:5=+0.052 b0=+0.623 b1=+0.129 b2=+0.002 b3=+0.002]
step 129600  ce 2.860  loss 2.897  holds 183872  132,568 tok/s  [fid:3=+0.985 fid:4=+0.848 fid:5=+0.052 b0=+0.663 b1=+0.099 b2=+0.003 b3=+0.002]
step 129650  ce 2.795  loss 2.796  holds 183872  132,561 tok/s  [fid:3=+0.986 fid:4=+0.848 fid:5=+0.052 b0=+0.639 b1=+0.088 b2=+0.002 b3=+0.002]
step 129700  ce 2.717  loss 2.719  holds 183872  132,553 tok/s  [fid:3=+0.985 fid:4=+0.848 fid:5=+0.052 b0=+0.634 b1=+0.065 b2=+0.004 b3=+0.002]
step 129750  ce 2.610  loss 2.612  holds 183872  132,566 tok/s  [fid:3=+0.985 fid:4=+0.847 fid:5=+0.052 b0=+0.646 b1=+0.106 b2=+0.003 b3=+0.002]
step 129800  ce 2.527  loss 2.534  holds 183904  132,561 tok/s  [fid:3=+0.984 fid:4=+0.847 fid:5=+0.052 b0=+0.695 b1=+0.071 b2=+0.002 b3=+0.002]
step 129850  ce 2.611  loss 2.612  holds 183904  132,574 tok/s  [fid:3=+0.986 fid:4=+0.847 fid:5=+0.052 b0=+0.602 b1=+0.064 b2=+0.003 b3=+0.002]
step 129900  ce 2.638  loss 2.640  holds 183936  132,569 tok/s  [fid:3=+0.985 fid:4=+0.847 fid:5=+0.052 b0=+0.701 b1=+0.085 b2=+0.002 b3=+0.002]
step 129950  ce 2.636  loss 2.638  holds 183936  132,563 tok/s  [fid:3=+0.984 fid:4=+0.847 fid:5=+0.052 b0=+0.645 b1=+0.061 b2=+0.002 b3=+0.002]
step 130000  ce 2.818  loss 2.826  holds 183936  132,575 tok/s  [fid:3=+0.984 fid:4=+0.848 fid:5=+0.052 b0=+0.618 b1=+0.043 b2=+0.001 b3=+0.002]
    holdout(cum): {'cross': [0.055, 0.05, 168], 'same': [0.476, 0.59, 98], 'straddle': [0.088, 0.08, 59]}
step 130050  ce 2.501  loss 2.502  holds 183968  132,567 tok/s  [fid:3=+0.983 fid:4=+0.848 fid:5=+0.052 b0=+0.722 b1=+0.052 b2=+0.002 b3=+0.002]
step 130100  ce 2.522  loss 2.523  holds 183968  132,579 tok/s  [fid:3=+0.985 fid:4=+0.848 fid:5=+0.052 b0=+0.598 b1=+0.052 b2=+0.003 b3=+0.002]
step 130150  ce 2.545  loss 2.546  holds 184000  132,575 tok/s  [fid:3=+0.983 fid:4=+0.848 fid:5=+0.052 b0=+0.673 b1=+0.098 b2=+0.002 b3=+0.002]
step 130200  ce 2.913  loss 2.921  holds 184000  132,570 tok/s  [fid:3=+0.985 fid:4=+0.847 fid:5=+0.052 b0=+0.664 b1=+0.082 b2=+0.003 b3=+0.002]
step 130250  ce 2.615  loss 2.616  holds 184000  132,582 tok/s  [fid:3=+0.986 fid:4=+0.848 fid:5=+0.052 b0=+0.726 b1=+0.055 b2=+0.003 b3=+0.002]
step 130300  ce 2.740  loss 2.741  holds 184000  132,576 tok/s  [fid:3=+0.986 fid:4=+0.848 fid:5=+0.052 b0=+0.657 b1=+0.106 b2=+0.003 b3=+0.002]
step 130350  ce 2.563  loss 2.567  holds 184032  132,588 tok/s  [fid:3=+0.984 fid:4=+0.848 fid:5=+0.052 b0=+0.714 b1=+0.077 b2=+0.005 b3=+0.002]
step 130400  ce 2.520  loss 2.528  holds 184064  132,585 tok/s  [fid:3=+0.984 fid:4=+0.849 fid:5=+0.052 b0=+0.717 b1=+0.059 b2=+0.004 b3=+0.002]
step 130450  ce 2.773  loss 2.775  holds 184064  132,579 tok/s  [fid:3=+0.985 fid:4=+0.849 fid:5=+0.052 b0=+0.799 b1=+0.064 b2=+0.002 b3=+0.002]
step 130500  ce 2.671  loss 2.675  holds 184064  132,591 tok/s  [fid:3=+0.985 fid:4=+0.848 fid:5=+0.052 b0=+0.740 b1=+0.124 b2=+0.002 b3=+0.002]
step 130550  ce 2.661  loss 2.663  holds 184064  132,584 tok/s  [fid:3=+0.985 fid:4=+0.848 fid:5=+0.052 b0=+0.706 b1=+0.080 b2=+0.003 b3=+0.002]
step 130600  ce 2.747  loss 2.755  holds 184096  132,580 tok/s  [fid:3=+0.986 fid:4=+0.849 fid:5=+0.052 b0=+0.696 b1=+0.098 b2=+0.004 b3=+0.002]
step 130650  ce 2.705  loss 2.710  holds 184128  132,592 tok/s  [fid:3=+0.983 fid:4=+0.849 fid:5=+0.052 b0=+0.659 b1=+0.040 b2=+0.004 b3=+0.002]
step 130700  ce 2.672  loss 2.675  holds 184128  132,588 tok/s  [fid:3=+0.983 fid:4=+0.849 fid:5=+0.052 b0=+0.663 b1=+0.058 b2=+0.004 b3=+0.002]
step 130750  ce 2.686  loss 2.688  holds 184128  132,599 tok/s  [fid:3=+0.985 fid:4=+0.849 fid:5=+0.052 b0=+0.658 b1=+0.069 b2=+0.003 b3=+0.002]
step 130800  ce 2.483  loss 2.491  holds 184128  132,594 tok/s  [fid:3=+0.985 fid:4=+0.849 fid:5=+0.052 b0=+0.679 b1=+0.036 b2=+0.005 b3=+0.002]
step 130850  ce 2.563  loss 2.564  holds 184160  132,589 tok/s  [fid:3=+0.986 fid:4=+0.849 fid:5=+0.052 b0=+0.621 b1=+0.098 b2=+0.006 b3=+0.002]
step 130900  ce 2.467  loss 2.469  holds 184192  132,602 tok/s  [fid:3=+0.986 fid:4=+0.850 fid:5=+0.052 b0=+0.593 b1=+0.118 b2=+0.002 b3=+0.002]
step 130950  ce 2.870  loss 2.871  holds 184192  132,598 tok/s  [fid:3=+0.986 fid:4=+0.850 fid:5=+0.052 b0=+0.643 b1=+0.049 b2=+0.005 b3=+0.002]
step 131000  ce 2.719  loss 2.728  holds 184192  132,611 tok/s  [fid:3=+0.985 fid:4=+0.849 fid:5=+0.052 b0=+0.691 b1=+0.063 b2=+0.002 b3=+0.002]
step 131050  ce 2.604  loss 2.605  holds 184192  132,604 tok/s  [fid:3=+0.985 fid:4=+0.849 fid:5=+0.052 b0=+0.636 b1=+0.045 b2=+0.005 b3=+0.002]
step 131100  ce 2.827  loss 2.829  holds 184224  132,600 tok/s  [fid:3=+0.985 fid:4=+0.848 fid:5=+0.052 b0=+0.678 b1=+0.094 b2=+0.004 b3=+0.002]
step 131150  ce 2.736  loss 2.738  holds 184256  132,610 tok/s  [fid:3=+0.985 fid:4=+0.849 fid:5=+0.052 b0=+0.661 b1=+0.087 b2=+0.002 b3=+0.002]
step 131200  ce 2.623  loss 2.660  holds 184256  132,606 tok/s  [fid:3=+0.986 fid:4=+0.849 fid:5=+0.052 b0=+0.696 b1=+0.129 b2=+0.001 b3=+0.002]
step 131250  ce 2.859  loss 2.861  holds 184256  132,618 tok/s  [fid:3=+0.985 fid:4=+0.849 fid:5=+0.052 b0=+0.680 b1=+0.089 b2=+0.001 b3=+0.002]
step 131300  ce 2.535  loss 2.537  holds 184256  132,614 tok/s  [fid:3=+0.985 fid:4=+0.849 fid:5=+0.052 b0=+0.711 b1=+0.082 b2=+0.003 b3=+0.002]
step 131350  ce 2.689  loss 2.690  holds 184288  132,607 tok/s  [fid:3=+0.984 fid:4=+0.850 fid:5=+0.052 b0=+0.610 b1=+0.106 b2=+0.002 b3=+0.002]
step 131400  ce 2.838  loss 2.847  holds 184320  132,619 tok/s  [fid:3=+0.983 fid:4=+0.848 fid:5=+0.052 b0=+0.645 b1=+0.133 b2=+0.003 b3=+0.002]
step 131450  ce 2.761  loss 2.762  holds 184320  132,613 tok/s  [fid:3=+0.984 fid:4=+0.847 fid:5=+0.052 b0=+0.675 b1=+0.061 b2=+0.002 b3=+0.002]
step 131500  ce 2.479  loss 2.480  holds 184320  132,625 tok/s  [fid:3=+0.985 fid:4=+0.848 fid:5=+0.052 b0=+0.684 b1=+0.043 b2=+0.001 b3=+0.002]
step 131550  ce 2.599  loss 2.600  holds 184320  132,617 tok/s  [fid:3=+0.985 fid:4=+0.848 fid:5=+0.052 b0=+0.715 b1=+0.061 b2=+0.001 b3=+0.002]
step 131600  ce 2.601  loss 2.609  holds 184352  132,613 tok/s  [fid:3=+0.986 fid:4=+0.848 fid:5=+0.052 b0=+0.639 b1=+0.064 b2=+0.001 b3=+0.002]
step 131650  ce 2.797  loss 2.799  holds 184384  132,625 tok/s  [fid:3=+0.985 fid:4=+0.848 fid:5=+0.052 b0=+0.715 b1=+0.051 b2=+0.004 b3=+0.002]
step 131700  ce 2.834  loss 2.836  holds 184384  132,621 tok/s  [fid:3=+0.986 fid:4=+0.848 fid:5=+0.052 b0=+0.696 b1=+0.055 b2=+0.004 b3=+0.002]
step 131750  ce 2.908  loss 2.910  holds 184384  132,614 tok/s  [fid:3=+0.985 fid:4=+0.848 fid:5=+0.052 b0=+0.632 b1=+0.113 b2=+0.003 b3=+0.002]
step 131800  ce 2.554  loss 2.562  holds 184384  132,625 tok/s  [fid:3=+0.985 fid:4=+0.848 fid:5=+0.052 b0=+0.751 b1=+0.099 b2=+0.002 b3=+0.002]
step 131850  ce 2.972  loss 2.973  holds 184416  132,620 tok/s  [fid:3=+0.984 fid:4=+0.848 fid:5=+0.052 b0=+0.641 b1=+0.094 b2=+0.003 b3=+0.002]
step 131900  ce 2.622  loss 2.624  holds 184416  132,632 tok/s  [fid:3=+0.985 fid:4=+0.848 fid:5=+0.052 b0=+0.709 b1=+0.073 b2=+0.001 b3=+0.002]
step 131950  ce 2.832  loss 2.833  holds 184448  132,629 tok/s  [fid:3=+0.983 fid:4=+0.848 fid:5=+0.052 b0=+0.737 b1=+0.075 b2=+0.004 b3=+0.002]
step 132000  ce 2.608  loss 2.618  holds 184448  132,623 tok/s  [fid:3=+0.983 fid:4=+0.847 fid:5=+0.052 b0=+0.706 b1=+0.053 b2=+0.002 b3=+0.002]
    holdout(cum): {'cross': [0.055, 0.05, 169], 'same': [0.467, 0.58, 100], 'straddle': [0.091, 0.1, 60]}
step 132050  ce 2.632  loss 2.633  holds 184448  132,633 tok/s  [fid:3=+0.985 fid:4=+0.847 fid:5=+0.052 b0=+0.736 b1=+0.142 b2=+0.002 b3=+0.002]
step 132100  ce 2.856  loss 2.858  holds 184480  132,627 tok/s  [fid:3=+0.985 fid:4=+0.848 fid:5=+0.052 b0=+0.686 b1=+0.082 b2=+0.005 b3=+0.002]
step 132150  ce 2.785  loss 2.787  holds 184480  132,639 tok/s  [fid:3=+0.985 fid:4=+0.848 fid:5=+0.052 b0=+0.703 b1=+0.124 b2=+0.002 b3=+0.002]
step 132200  ce 2.897  loss 2.906  holds 184512  132,634 tok/s  [fid:3=+0.985 fid:4=+0.849 fid:5=+0.052 b0=+0.749 b1=+0.062 b2=+0.004 b3=+0.002]
step 132250  ce 2.645  loss 2.647  holds 184512  132,630 tok/s  [fid:3=+0.985 fid:4=+0.849 fid:5=+0.052 b0=+0.759 b1=+0.097 b2=+0.006 b3=+0.004]
step 132300  ce 2.676  loss 2.677  holds 184512  132,641 tok/s  [fid:3=+0.984 fid:4=+0.848 fid:5=+0.052 b0=+0.719 b1=+0.068 b2=+0.004 b3=+0.004]
step 132350  ce 2.430  loss 2.431  holds 184512  132,637 tok/s  [fid:3=+0.985 fid:4=+0.848 fid:5=+0.052 b0=+0.601 b1=+0.060 b2=+0.004 b3=+0.004]
step 132400  ce 2.732  loss 2.741  holds 184544  132,632 tok/s  [fid:3=+0.986 fid:4=+0.849 fid:5=+0.052 b0=+0.670 b1=+0.051 b2=+0.002 b3=+0.004]
step 132450  ce 2.616  loss 2.617  holds 184576  132,644 tok/s  [fid:3=+0.984 fid:4=+0.849 fid:5=+0.052 b0=+0.684 b1=+0.074 b2=+0.002 b3=+0.004]
step 132500  ce 2.598  loss 2.599  holds 184576  132,640 tok/s  [fid:3=+0.985 fid:4=+0.849 fid:5=+0.052 b0=+0.617 b1=+0.052 b2=+0.004 b3=+0.004]
step 132550  ce 2.661  loss 2.663  holds 184576  132,651 tok/s  [fid:3=+0.984 fid:4=+0.849 fid:5=+0.052 b0=+0.647 b1=+0.073 b2=+0.005 b3=+0.004]
step 132600  ce 2.758  loss 2.766  holds 184576  132,645 tok/s  [fid:3=+0.985 fid:4=+0.849 fid:5=+0.052 b0=+0.760 b1=+0.115 b2=+0.004 b3=+0.004]
step 132650  ce 2.805  loss 2.806  holds 184608  132,639 tok/s  [fid:3=+0.985 fid:4=+0.849 fid:5=+0.052 b0=+0.695 b1=+0.102 b2=+0.003 b3=+0.004]
step 132700  ce 2.828  loss 2.829  holds 184640  132,650 tok/s  [fid:3=+0.985 fid:4=+0.849 fid:5=+0.052 b0=+0.699 b1=+0.033 b2=+0.005 b3=+0.004]
step 132750  ce 2.548  loss 2.549  holds 184640  132,645 tok/s  [fid:3=+0.985 fid:4=+0.849 fid:5=+0.052 b0=+0.731 b1=+0.077 b2=+0.002 b3=+0.004]
step 132800  ce 2.694  loss 2.731  holds 184640  132,656 tok/s  [fid:3=+0.985 fid:4=+0.849 fid:5=+0.052 b0=+0.719 b1=+0.064 b2=+0.003 b3=+0.004]
step 132850  ce 2.556  loss 2.558  holds 184640  132,650 tok/s  [fid:3=+0.983 fid:4=+0.849 fid:5=+0.052 b0=+0.709 b1=+0.057 b2=+0.003 b3=+0.004]
step 132900  ce 2.844  loss 2.846  holds 184672  132,644 tok/s  [fid:3=+0.983 fid:4=+0.849 fid:5=+0.052 b0=+0.721 b1=+0.043 b2=+0.004 b3=+0.004]
step 132950  ce 2.791  loss 2.792  holds 184704  132,655 tok/s  [fid:3=+0.985 fid:4=+0.850 fid:5=+0.052 b0=+0.708 b1=+0.063 b2=+0.005 b3=+0.004]
step 133000  ce 2.516  loss 2.525  holds 184704  132,649 tok/s  [fid:3=+0.984 fid:4=+0.850 fid:5=+0.052 b0=+0.714 b1=+0.067 b2=+0.007 b3=+0.004]
step 133050  ce 2.807  loss 2.809  holds 184704  132,660 tok/s  [fid:3=+0.985 fid:4=+0.849 fid:5=+0.052 b0=+0.647 b1=+0.095 b2=+0.003 b3=+0.005]
step 133100  ce 2.743  loss 2.745  holds 184704  132,655 tok/s  [fid:3=+0.984 fid:4=+0.849 fid:5=+0.052 b0=+0.626 b1=+0.068 b2=+0.001 b3=+0.005]
step 133150  ce 2.473  loss 2.475  holds 184736  132,649 tok/s  [fid:3=+0.985 fid:4=+0.849 fid:5=+0.052 b0=+0.753 b1=+0.090 b2=+0.003 b3=+0.005]
step 133200  ce 2.519  loss 2.528  holds 184768  132,661 tok/s  [fid:3=+0.985 fid:4=+0.850 fid:5=+0.052 b0=+0.698 b1=+0.047 b2=+0.004 b3=+0.005]
step 133250  ce 2.606  loss 2.607  holds 184768  132,656 tok/s  [fid:3=+0.985 fid:4=+0.850 fid:5=+0.052 b0=+0.702 b1=+0.113 b2=+0.003 b3=+0.005]
step 133300  ce 2.870  loss 2.872  holds 184768  132,650 tok/s  [fid:3=+0.985 fid:4=+0.851 fid:5=+0.052 b0=+0.679 b1=+0.094 b2=+0.003 b3=+0.005]
step 133350  ce 2.796  loss 2.799  holds 184768  132,662 tok/s  [fid:3=+0.983 fid:4=+0.850 fid:5=+0.052 b0=+0.651 b1=+0.080 b2=+0.003 b3=+0.005]
step 133400  ce 2.618  loss 2.625  holds 184800  132,657 tok/s  [fid:3=+0.984 fid:4=+0.850 fid:5=+0.052 b0=+0.773 b1=+0.093 b2=+0.002 b3=+0.005]
step 133450  ce 2.616  loss 2.617  holds 184832  132,669 tok/s  [fid:3=+0.985 fid:4=+0.849 fid:5=+0.052 b0=+0.650 b1=+0.088 b2=+0.003 b3=+0.004]
step 133500  ce 2.517  loss 2.518  holds 184832  132,662 tok/s  [fid:3=+0.985 fid:4=+0.850 fid:5=+0.052 b0=+0.693 b1=+0.113 b2=+0.004 b3=+0.004]
step 133550  ce 2.585  loss 2.586  holds 184832  132,655 tok/s  [fid:3=+0.984 fid:4=+0.850 fid:5=+0.052 b0=+0.630 b1=+0.056 b2=+0.005 b3=+0.004]
step 133600  ce 2.703  loss 2.712  holds 184832  132,667 tok/s  [fid:3=+0.985 fid:4=+0.850 fid:5=+0.052 b0=+0.640 b1=+0.068 b2=+0.004 b3=+0.004]
step 133650  ce 2.368  loss 2.369  holds 184864  132,662 tok/s  [fid:3=+0.985 fid:4=+0.850 fid:5=+0.052 b0=+0.606 b1=+0.113 b2=+0.001 b3=+0.004]
step 133700  ce 2.652  loss 2.653  holds 184896  132,674 tok/s  [fid:3=+0.985 fid:4=+0.851 fid:5=+0.052 b0=+0.641 b1=+0.074 b2=+0.003 b3=+0.004]
step 133750  ce 2.671  loss 2.672  holds 184896  132,670 tok/s  [fid:3=+0.986 fid:4=+0.850 fid:5=+0.052 b0=+0.722 b1=+0.129 b2=+0.003 b3=+0.004]
step 133800  ce 2.556  loss 2.564  holds 184896  132,664 tok/s  [fid:3=+0.985 fid:4=+0.849 fid:5=+0.052 b0=+0.668 b1=+0.050 b2=+0.003 b3=+0.004]
step 133850  ce 2.840  loss 2.841  holds 184896  132,676 tok/s  [fid:3=+0.985 fid:4=+0.849 fid:5=+0.052 b0=+0.574 b1=+0.075 b2=+0.002 b3=+0.004]
step 133900  ce 2.749  loss 2.750  holds 184928  132,671 tok/s  [fid:3=+0.986 fid:4=+0.849 fid:5=+0.052 b0=+0.686 b1=+0.049 b2=+0.003 b3=+0.004]
step 133950  ce 2.907  loss 2.908  holds 184928  132,683 tok/s  [fid:3=+0.986 fid:4=+0.848 fid:5=+0.052 b0=+0.686 b1=+0.047 b2=+0.007 b3=+0.004]
step 134000  ce 2.691  loss 2.700  holds 184960  132,678 tok/s  [fid:3=+0.984 fid:4=+0.849 fid:5=+0.052 b0=+0.573 b1=+0.042 b2=+0.002 b3=+0.004]
    holdout(cum): {'cross': [0.054, 0.05, 172], 'same': [0.461, 0.58, 102], 'straddle': [0.091, 0.1, 60]}
step 134050  ce 2.636  loss 2.638  holds 184960  132,673 tok/s  [fid:3=+0.984 fid:4=+0.848 fid:5=+0.052 b0=+0.674 b1=+0.084 b2=+0.003 b3=+0.004]
step 134100  ce 2.580  loss 2.582  holds 184960  132,685 tok/s  [fid:3=+0.985 fid:4=+0.847 fid:5=+0.052 b0=+0.665 b1=+0.078 b2=+0.005 b3=+0.004]
step 134150  ce 2.823  loss 2.825  holds 184992  132,681 tok/s  [fid:3=+0.986 fid:4=+0.848 fid:5=+0.052 b0=+0.630 b1=+0.105 b2=+0.006 b3=+0.004]
step 134200  ce 2.785  loss 2.793  holds 184992  132,677 tok/s  [fid:3=+0.985 fid:4=+0.848 fid:5=+0.052 b0=+0.696 b1=+0.062 b2=+0.005 b3=+0.004]
step 134250  ce 2.712  loss 2.713  holds 185024  132,689 tok/s  [fid:3=+0.983 fid:4=+0.848 fid:5=+0.052 b0=+0.714 b1=+0.078 b2=+0.003 b3=+0.004]
step 134300  ce 2.733  loss 2.735  holds 185024  132,684 tok/s  [fid:3=+0.983 fid:4=+0.848 fid:5=+0.052 b0=+0.694 b1=+0.065 b2=+0.003 b3=+0.004]
step 134350  ce 2.559  loss 2.561  holds 185024  132,696 tok/s  [fid:3=+0.983 fid:4=+0.848 fid:5=+0.052 b0=+0.671 b1=+0.054 b2=+0.002 b3=+0.004]
step 134400  ce 2.462  loss 2.499  holds 185024  132,691 tok/s  [fid:3=+0.984 fid:4=+0.848 fid:5=+0.052 b0=+0.720 b1=+0.098 b2=+0.005 b3=+0.004]
step 134450  ce 2.435  loss 2.436  holds 185056  132,685 tok/s  [fid:3=+0.985 fid:4=+0.848 fid:5=+0.052 b0=+0.736 b1=+0.069 b2=+0.004 b3=+0.004]
step 134500  ce 2.602  loss 2.603  holds 185088  132,696 tok/s  [fid:3=+0.986 fid:4=+0.848 fid:5=+0.052 b0=+0.679 b1=+0.072 b2=+0.002 b3=+0.004]
step 134550  ce 2.761  loss 2.763  holds 185088  132,690 tok/s  [fid:3=+0.986 fid:4=+0.848 fid:5=+0.052 b0=+0.715 b1=+0.099 b2=+0.003 b3=+0.004]
step 134600  ce 2.395  loss 2.402  holds 185088  132,701 tok/s  [fid:3=+0.986 fid:4=+0.849 fid:5=+0.052 b0=+0.684 b1=+0.145 b2=+0.003 b3=+0.004]
step 134650  ce 2.666  loss 2.667  holds 185088  132,697 tok/s  [fid:3=+0.985 fid:4=+0.850 fid:5=+0.052 b0=+0.594 b1=+0.089 b2=+0.003 b3=+0.004]
step 134700  ce 2.491  loss 2.493  holds 185120  132,693 tok/s  [fid:3=+0.986 fid:4=+0.850 fid:5=+0.052 b0=+0.703 b1=+0.100 b2=+0.007 b3=+0.004]
step 134750  ce 2.472  loss 2.473  holds 185152  132,704 tok/s  [fid:3=+0.985 fid:4=+0.851 fid:5=+0.052 b0=+0.655 b1=+0.138 b2=+0.006 b3=+0.004]
step 134800  ce 2.685  loss 2.694  holds 185152  132,700 tok/s  [fid:3=+0.985 fid:4=+0.851 fid:5=+0.052 b0=+0.639 b1=+0.096 b2=+0.002 b3=+0.004]
step 134850  ce 2.843  loss 2.844  holds 185152  132,712 tok/s  [fid:3=+0.985 fid:4=+0.851 fid:5=+0.052 b0=+0.696 b1=+0.107 b2=+0.004 b3=+0.004]
step 134900  ce 2.554  loss 2.556  holds 185152  132,708 tok/s  [fid:3=+0.980 fid:4=+0.849 fid:5=+0.052 b0=+0.680 b1=+0.097 b2=+0.004 b3=+0.004]
step 134950  ce 2.565  loss 2.566  holds 185184  132,701 tok/s  [fid:3=+0.981 fid:4=+0.848 fid:5=+0.052 b0=+0.671 b1=+0.097 b2=+0.002 b3=+0.004]
step 135000  ce 2.796  loss 2.804  holds 185216  132,713 tok/s  [fid:3=+0.984 fid:4=+0.849 fid:5=+0.052 b0=+0.663 b1=+0.083 b2=+0.002 b3=+0.004]
audit: {'holds': 185216, 'telescoping_exact': True, 'scoped': True, 'vetoes': 812384, 'proposed': 1028480}
panel:
lane0 maintain fid:5          target 0.20 phi0 0.74 band 5 due 69206528
lane0 frontier recall:b3      target 0.07 phi0 0.95 band 5 due 69238784
lane1 maintain fid:5          target 0.20 phi0 0.74 band 5 due 69206528
lane1 frontier recall:b3      target 0.07 phi0 0.95 band 5 due 69238784
lane2 maintain fid:5          target 0.20 phi0 0.74 band 5 due 69206528
lane2 frontier recall:b3      target 0.07 phi0 0.95 band 5 due 69238784
lane3 maintain fid:5          target 0.20 phi0 0.74 band 5 due 69206528
lane3 frontier recall:b3      target 0.07 phi0 0.95 band 5 due 69238784
lane4 maintain fid:5          target 0.20 phi0 0.74 band 5 due 69206528
lane4 frontier recall:b3      target 0.07 phi0 0.95 band 5 due 69238784
lane5 maintain fid:5          target 0.20 phi0 0.74 band 5 due 69206528
lane5 frontier recall:b3      target 0.07 phi0 0.95 band 5 due 69238784
lane6 maintain fid:5          target 0.20 phi0 0.74 band 5 due 69206528
lane6 frontier recall:b3      target 0.07 phi0 0.95 band 5 due 69238784
lane7 maintain fid:5          target 0.20 phi0 0.74 band 5 due 69206528
lane7 frontier recall:b3      target 0.07 phi0 0.95 band 5 due 69238784
lane8 maintain fid:5          target 0.20 phi0 0.74 band 5 due 69206528
lane8 frontier recall:b3      target 0.07 phi0 0.95 band 5 due 69238784
lane9 maintain fid:5          target 0.20 phi0 0.74 band 5 due 69206528
lane9 frontier recall:b3      target 0.07 phi0 0.95 band 5 due 69238784
lane10 maintain fid:5          target 0.20 phi0 0.74 band 5 due 69206528
lane10 frontier recall:b3      target 0.07 phi0 0.95 band 5 due 69238784
lane11 maintain fid:5          target 0.20 phi0 0.74 band 5 due 69206528
lane11 frontier recall:b3      target 0.07 phi0 0.95 band 5 due 69238784
lane12 maintain fid:5          target 0.20 phi0 0.74 band 5 due 69206528
lane12 frontier recall:b3      target 0.07 phi0 0.95 band 5 due 69238784
lane13 maintain fid:5          target 0.20 phi0 0.74 band 5 due 69206528
lane13 frontier recall:b3      target 0.07 phi0 0.95 band 5 due 69238784
lane14 maintain fid:5          target 0.20 phi0 0.74 band 5 due 69206528
lane14 frontier recall:b3      target 0.07 phi0 0.95 band 5 due 69238784
lane15 maintain fid:5          target 0.20 phi0 0.74 band 5 due 69206528
lane15 frontier recall:b3      target 0.07 phi0 0.95 band 5 due 69238784
lane16 maintain fid:5          target 0.20 phi0 0.74 band 5 due 69206528
lane16 frontier recall:b3      target 0.07 phi0 0.95 band 5 due 69238784
lane17 maintain fid:5          target 0.20 phi0 0.74 band 5 due 69206528
lane17 frontier recall:b3      target 0.07 phi0 0.95 band 5 due 69238784
lane18 maintain fid:5          target 0.20 phi0 0.74 band 5 due 69206528
lane18 frontier recall:b3      target 0.07 phi0 0.95 band 5 due 69238784
lane19 maintain fid:5          target 0.20 phi0 0.74 band 5 due 69206528
lane19 frontier recall:b3      target 0.07 phi0 0.95 band 5 due 69238784
lane20 maintain fid:5          target 0.20 phi0 0.74 band 5 due 69206528
lane20 frontier recall:b3      target 0.07 phi0 0.95 band 5 due 69238784
lane21 maintain fid:5          target 0.20 phi0 0.74 band 5 due 69206528
lane21 frontier recall:b3      target 0.07 phi0 0.95 band 5 due 69238784
lane22 maintain fid:5          target 0.20 phi0 0.74 band 5 due 69206528
lane22 frontier recall:b3      target 0.07 phi0 0.95 band 5 due 69238784
lane23 maintain fid:5          target 0.20 phi0 0.74 band 5 due 69206528
lane23 frontier recall:b3      target 0.07 phi0 0.95 band 5 due 69238784
lane24 maintain fid:5          target 0.20 phi0 0.74 band 5 due 69206528
lane24 frontier recall:b3      target 0.07 phi0 0.95 band 5 due 69238784
lane25 maintain fid:5          target 0.20 phi0 0.74 band 5 due 69206528
lane25 frontier recall:b3      target 0.07 phi0 0.95 band 5 due 69238784
lane26 maintain fid:5          target 0.20 phi0 0.74 band 5 due 69206528
lane26 frontier recall:b3      target 0.07 phi0 0.95 band 5 due 69238784
lane27 maintain fid:5          target 0.20 phi0 0.74 band 5 due 69206528
lane27 frontier recall:b3      target 0.07 phi0 0.95 band 5 due 69238784
lane28 maintain fid:5          target 0.20 phi0 0.74 band 5 due 69206528
lane28 frontier recall:b3      target 0.07 phi0 0.95 band 5 due 69238784
lane29 maintain fid:5          target 0.20 phi0 0.74 band 5 due 69206528
lane29 frontier recall:b3      target 0.07 phi0 0.95 band 5 due 69238784
lane30 maintain fid:5          target 0.20 phi0 0.74 band 5 due 69206528
lane30 frontier recall:b3      target 0.07 phi0 0.95 band 5 due 69238784
lane31 maintain fid:5          target 0.20 phi0 0.74 band 5 due 69206528
lane31 frontier recall:b3      target 0.07 phi0 0.95 band 5 due 69238784
record   fid:3          0.987 (ema 0.984)
record   fid:4          0.851 (ema 0.849)
record   fid:5          0.092 (ema 0.052)
record   recall:b0      0.853 (ema 0.663)
record   recall:b1      0.256 (ema 0.083)
record   recall:b2      0.132 (ema 0.002)
record   recall:b3      0.017 (ema 0.004)
